Player,Squad,Nation,Pos,Age,Born,MP,Starts,Min,90s,Gls,Ast,G+A,G-PK,PK,PKatt,CrdY,CrdR,xG,npxG,xAG,npxG+xAG,PrgC,PrgP,PrgR,Gls.1,Ast.1,G+A.1,G-PK.1,G+A-PK,xG.1,xAG.1,xG+xAG,npxG.1,npxG+xAG.1,Matches,GA,GA90,SoTA,Saves,Save%,W,D,L,CS,CS%,PKA,PKsv,PKm,Save%.1,FK,CK,OG,PSxG,PSxG/SoT,PSxG+/-,/90,Cmp,Att,Cmp%,Att (GK),Thr,Launch%,AvgLen,Att.1,Launch%.1,AvgLen.1,Opp,Stp,Stp%,#OPA,#OPA/90,AvgDist,Sh,SoT,SoT%,Sh/90,SoT/90,G/Sh,G/SoT,Dist,npxG/Sh,G-xG,np:G-xG,TotDist,PrgDist,Cmp.1,Cmp%.1,Cmp.2,Att.2,Cmp%.2,Cmp.3,Att.3,Cmp%.3,xA,A-xAG,KP,1/3,PPA,CrsPA,Live,Dead,TB,Sw,Crs,TI,In,Out,Str,Off,Blocks,SCA,SCA90,PassLive,PassDead,TO,Fld,Def,GCA,GCA90,PassLive.1,PassDead.1,TO.1,Sh.1,Fld.1,Def.1,Tkl,TklW,Def 3rd,Mid 3rd,Att 3rd,Tkl.1,Tkl%,Lost,Pass,Int,Tkl+Int,Clr,Err,Touches,Def Pen,Att Pen,Succ,Succ%,Tkld,Tkld%,Carries,CPA,Mis,Dis,Rec,Mn/MP,Min%,Mn/Start,Compl,Subs,Mn/Sub,unSub,PPM,onG,onGA,+/-,+/-90,On-Off,onxG,onxGA,xG+/-,xG+/-90,On-Off.1,2CrdY,Fls,PKwon,PKcon,Recov,Won,Won%
Joshua Acheampong,Chelsea,eng ENG,DF,18,2006,4,2,170.0,1.9,0,0,0,0,0,0,1,0,0.2,0.2,0.0,0.2,0,8,0,0.00,0.00,0.00,0.00,0.00,0.12,0.00,0.12,0.12,0.12,Matches,N/A,N/A,N/A,N/A,N/A,N/A,N/A,N/A,N/A,N/A,N/A,N/A,N/A,N/A,N/A,N/A,N/A,N/A,N/A,N/A,N/A,N/A,N/A,N/A,N/A,N/A,N/A,N/A,N/A,N/A,N/A,N/A,N/A,N/A,N/A,N/A,N/A,2,0,0.0,1.06,0.00,0.00,N/A,8.9,0.11,-0.2,-0.2,2025,705,29,90.6,63,68,92.6,11,20,55.0,0.0,0.0,0,6,0,0,121,3,0,0,0,1,0,0,0,0,2,2,1.06,2,0,0,0,0,0,0.00,0,0,0,0,0,0,2,1,2,0,0,2,100.0,0,1,1,3,2,0,137,7,3,1,50.0,0,0.0,106,0,2,0,111,43,5.0,80,1,2,5,19,2.00,2,3,-1,-0.53,-1.14,3.6,2.1,+1.5,+0.82,+0.29,0,0,0,0,7,1,14.3
Tyler Adams,Bournemouth,us USA,MF,25,1999,28,21,1965.0,21.8,0,3,3,0,0,0,7,0,1.6,1.6,1.0,2.6,14,76,10,0.00,0.14,0.14,0.00,0.14,0.07,0.05,0.12,0.07,0.12,Matches,N/A,N/A,N/A,N/A,N/A,N/A,N/A,N/A,N/A,N/A,N/A,N/A,N/A,N/A,N/A,N/A,N/A,N/A,N/A,N/A,N/A,N/A,N/A,N/A,N/A,N/A,N/A,N/A,N/A,N/A,N/A,N/A,N/A,N/A,N/A,N/A,N/A,9,2,22.2,0.41,0.09,0.00,0.00,16.9,0.18,-1.6,-1.6,14322,3525,437,89.4,393,443,88.7,38,65,58.5,0.8,+2.0,18,67,4,1,1025,38,2,1,3,4,0,0,0,6,14,41,1.88,35,0,0,1,4,4,0.18,3,0,0,0,0,1,83,50,26,49,8,39,54.2,33,23,32,115,42,0,1337,62,18,4,22.2,10,55.6,663,1,28,12,757,70,57.5,85,15,7,26,1,1.46,41,30,+11,+0.50,+0.44,35.5,28.9,+6.6,+0.30,-0.25,0,45,0,1,114,31,63.3
Tosin Adarabioyo,Chelsea,eng ENG,DF,26,1997,22,15,1409.0,15.7,1,1,2,1,0,0,4,0,0.9,0.9,0.2,1.2,5,42,1,0.06,0.06,0.13,0.06,0.13,0.06,0.01,0.07,0.06,0.07,Matches,N/A,N/A,N/A,N/A,N/A,N/A,N/A,N/A,N/A,N/A,N/A,N/A,N/A,N/A,N/A,N/A,N/A,N/A,N/A,N/A,N/A,N/A,N/A,N/A,N/A,N/A,N/A,N/A,N/A,N/A,N/A,N/A,N/A,N/A,N/A,N/A,N/A,13,2,15.4,0.83,0.13,0.08,0.50,12.5,0.07,+0.1,+0.1,19805,7144,406,95.5,603,636,94.8,66,109,60.6,0.2,+0.8,1,62,1,0,1142,39,2,3,0,4,0,0,0,3,3,15,0.96,8,0,0,0,1,1,0.06,0,0,0,1,0,0,17,13,11,6,0,8,66.7,4,2,11,28,80,0,1330,175,14,4,66.7,1,16.7,777,0,4,0,1000,64,41.2,84,13,7,20,16,1.86,28,14,+14,+0.89,+0.58,30.8,19.3,+11.5,+0.74,+0.34,0,8,0,0,41,42,60.0
Simon Adingra,Brighton,ci CIV,"FW,MF",22,2002,29,12,1097.0,12.2,2,2,4,2,0,0,0,0,2.5,2.5,2.5,4.9,50,18,136,0.16,0.16,0.33,0.16,0.33,0.20,0.20,0.40,0.20,0.40,Matches,N/A,N/A,N/A,N/A,N/A,N/A,N/A,N/A,N/A,N/A,N/A,N/A,N/A,N/A,N/A,N/A,N/A,N/A,N/A,N/A,N/A,N/A,N/A,N/A,N/A,N/A,N/A,N/A,N/A,N/A,N/A,N/A,N/A,N/A,N/A,N/A,N/A,33,8,24.2,2.71,0.66,0.06,0.25,17.0,0.07,-0.5,-0.5,4148,820,187,86.2,81,109,74.3,16,29,55.2,2.8,-0.5,16,5,17,6,372,9,2,0,41,8,0,0,0,1,12,47,3.86,33,0,6,0,0,7,0.57,5,0,1,1,0,0,23,14,10,8,5,10,38.5,16,12,8,31,6,2,548,10,76,21,42.0,27,54.0,366,27,39,12,388,38,32.1,66,1,17,18,6,1.59,18,23,-5,-0.41,-0.88,18.2,19.0,-0.9,-0.07,-0.27,0,13,0,0,47,7,63.6
Emmanuel Agbadou,Wolves,ci CIV,DF,27,1997,16,16,1410.0,15.7,1,0,1,1,0,0,3,0,0.8,0.8,0.2,1.1,6,31,2,0.06,0.00,0.06,0.06,0.06,0.05,0.02,0.07,0.05,0.07,Matches,N/A,N/A,N/A,N/A,N/A,N/A,N/A,N/A,N/A,N/A,N/A,N/A,N/A,N/A,N/A,N/A,N/A,N/A,N/A,N/A,N/A,N/A,N/A,N/A,N/A,N/A,N/A,N/A,N/A,N/A,N/A,N/A,N/A,N/A,N/A,N/A,N/A,7,2,28.6,0.45,0.13,0.14,0.50,27.6,0.12,+0.2,+0.2,17344,6203,276,92.3,466,501,93.0,107,181,59.1,0.3,-0.2,4,40,1,0,955,43,1,11,2,0,0,0,0,3,5,17,1.09,15,2,0,0,0,3,0.19,2,1,0,0,0,0,30,19,21,9,0,13,65.0,7,6,12,42,90,0,1172,190,7,10,76.9,2,15.4,758,0,6,4,796,88,41.2,88,15,0,N/A,0,1.44,20,22,-2,-0.13,+0.45,19.1,22.8,-3.6,-0.23,+0.25,0,7,0,0,83,26,56.5
Ola Aina,Nott'ham Forest,ng NGA,DF,27,1996,35,35,2995.0,33.3,2,1,3,2,0,0,5,0,0.6,0.6,1.4,2.1,67,107,67,0.06,0.03,0.09,0.06,0.09,0.02,0.04,0.06,0.02,0.06,Matches,N/A,N/A,N/A,N/A,N/A,N/A,N/A,N/A,N/A,N/A,N/A,N/A,N/A,N/A,N/A,N/A,N/A,N/A,N/A,N/A,N/A,N/A,N/A,N/A,N/A,N/A,N/A,N/A,N/A,N/A,N/A,N/A,N/A,N/A,N/A,N/A,N/A,11,2,18.2,0.33,0.06,0.18,1.00,26.1,0.06,+1.4,+1.4,15371,6297,530,88.6,374,502,74.5,57,166,34.3,2.2,-0.4,16,85,23,11,1071,279,0,4,59,264,0,0,0,2,46,62,1.86,49,5,3,3,1,4,0.12,3,0,0,0,0,1,55,42,39,15,1,36,56.3,28,22,33,88,115,4,1708,156,22,33,45.8,27,37.5,749,10,44,22,823,86,87.6,86,28,0,N/A,0,1.77,55,39,+16,+0.48,+1.33,41.2,39.4,+1.9,+0.06,+1.18,0,23,0,1,190,13,40.6
Rayan Aït-Nouri,Wolves,dz ALG,DF,23,2001,37,37,3109.0,34.5,4,7,11,4,0,0,7,1,2.7,2.7,5.5,8.2,89,108,176,0.12,0.20,0.32,0.12,0.32,0.08,0.16,0.24,0.08,0.24,Matches,N/A,N/A,N/A,N/A,N/A,N/A,N/A,N/A,N/A,N/A,N/A,N/A,N/A,N/A,N/A,N/A,N/A,N/A,N/A,N/A,N/A,N/A,N/A,N/A,N/A,N/A,N/A,N/A,N/A,N/A,N/A,N/A,N/A,N/A,N/A,N/A,N/A,36,10,27.8,1.04,0.29,0.11,0.40,14.9,0.08,+1.3,+1.3,19837,5926,897,93.5,435,499,87.2,48,118,40.7,4.0,+1.5,46,77,30,10,1397,320,3,4,94,246,24,1,0,4,42,91,2.63,56,15,8,4,1,12,0.35,10,1,0,0,0,1,89,57,52,28,9,43,61.4,27,36,26,115,75,2,2148,96,96,63,46.0,56,40.9,1129,28,52,47,1321,84,90.9,84,18,0,N/A,0,1.05,46,67,-21,-0.61,-2.34,38.7,52.6,-13.9,-0.40,-0.25,1,30,0,0,145,22,42.3
Kristoffer Ajer,Brentford,no NOR,DF,26,1998,24,17,1438.0,16.0,0,0,0,0,0,0,5,0,1.0,1.0,1.2,2.2,27,56,44,0.00,0.00,0.00,0.00,0.00,0.06,0.08,0.14,0.06,0.14,Matches,N/A,N/A,N/A,N/A,N/A,N/A,N/A,N/A,N/A,N/A,N/A,N/A,N/A,N/A,N/A,N/A,N/A,N/A,N/A,N/A,N/A,N/A,N/A,N/A,N/A,N/A,N/A,N/A,N/A,N/A,N/A,N/A,N/A,N/A,N/A,N/A,N/A,9,3,33.3,0.56,0.19,0.00,0.00,9.5,0.11,-1.0,-1.0,7868,2831,260,87.0,199,248,80.2,27,54,50.0,0.5,-1.2,8,44,7,4,570,73,0,3,14,71,0,0,0,1,18,18,1.13,15,0,1,0,0,2,0.13,2,0,0,0,0,0,26,18,14,11,1,14,51.9,13,13,12,38,50,0,795,53,38,7,43.8,8,50.0,387,2,15,12,491,60,42.0,79,5,7,14,2,1.33,20,25,-5,-0.31,-0.95,20.8,21.5,-0.7,-0.04,-0.23,0,13,0,0,42,27,54.0
Manuel Akanji,Manchester City,ch SUI,DF,29,1995,26,23,2014.0,22.4,0,0,0,0,0,0,3,0,1.6,1.6,0.4,1.9,46,158,7,0.00,0.00,0.00,0.00,0.00,0.07,0.02,0.09,0.07,0.09,Matches,N/A,N/A,N/A,N/A,N/A,N/A,N/A,N/A,N/A,N/A,N/A,N/A,N/A,N/A,N/A,N/A,N/A,N/A,N/A,N/A,N/A,N/A,N/A,N/A,N/A,N/A,N/A,N/A,N/A,N/A,N/A,N/A,N/A,N/A,N/A,N/A,N/A,15,2,13.3,0.67,0.09,0.00,0.00,14.7,0.10,-1.6,-1.6,27046,7578,776,95.6,757,795,95.2,84,113,74.3,1.3,-0.4,9,177,11,2,1707,36,4,10,11,10,0,0,0,1,6,37,1.65,37,0,0,0,0,3,0.13,3,0,0,0,0,0,19,12,12,4,3,11,64.7,6,3,9,28,64,3,1881,119,19,2,100.0,0,0.0,1254,0,5,5,1483,77,58.9,86,20,3,12,2,2.04,46,28,+18,+0.80,+0.16,43.7,29.1,+14.6,+0.65,+0.28,0,17,0,0,103,30,47.6
Nathan Aké,Manchester City,nl NED,DF,29,1995,10,8,678.0,7.5,0,0,0,0,0,0,0,0,0.2,0.2,0.0,0.2,12,50,2,0.00,0.00,0.00,0.00,0.00,0.03,0.00,0.03,0.03,0.03,Matches,N/A,N/A,N/A,N/A,N/A,N/A,N/A,N/A,N/A,N/A,N/A,N/A,N/A,N/A,N/A,N/A,N/A,N/A,N/A,N/A,N/A,N/A,N/A,N/A,N/A,N/A,N/A,N/A,N/A,N/A,N/A,N/A,N/A,N/A,N/A,N/A,N/A,3,0,0.0,0.40,0.00,0.00,N/A,10.0,0.07,-0.2,-0.2,8321,2950,248,98.0,237,244,97.1,20,34,58.8,0.2,0.0,1,42,1,0,514,26,0,0,1,7,0,0,0,2,3,8,1.06,8,0,0,0,0,0,0.00,0,0,0,0,0,0,9,7,7,2,0,4,66.7,2,5,3,12,22,1,596,51,5,1,100.0,0,0.0,403,1,4,3,449,68,19.8,79,2,2,24,9,1.40,11,11,0,0.00,-0.92,12.6,13.5,-0.9,-0.12,-0.82,0,2,0,0,24,13,56.5
Carlos Alcaraz,Everton,ar ARG,"FW,MF",21,2002,15,7,764.0,8.5,2,3,5,2,0,0,4,0,1.7,1.7,1.6,3.4,19,42,21,0.24,0.35,0.59,0.24,0.59,0.20,0.19,0.40,0.20,0.40,Matches,N/A,N/A,N/A,N/A,N/A,N/A,N/A,N/A,N/A,N/A,N/A,N/A,N/A,N/A,N/A,N/A,N/A,N/A,N/A,N/A,N/A,N/A,N/A,N/A,N/A,N/A,N/A,N/A,N/A,N/A,N/A,N/A,N/A,N/A,N/A,N/A,N/A,26,11,42.3,3.06,1.30,0.08,0.18,20.3,0.07,+0.3,+0.3,3963,1007,96,85.7,95,107,88.8,24,37,64.9,0.7,+1.4,13,20,18,3,265,12,1,2,11,6,2,1,0,1,10,33,3.89,24,2,3,1,0,6,0.71,5,0,0,1,0,0,11,5,5,3,3,3,27.3,8,7,5,16,10,0,378,15,19,9,50.0,7,38.9,211,2,14,13,247,51,22.3,84,2,8,22,0,1.47,12,9,+3,+0.35,+0.52,8.2,11.0,-2.9,-0.34,-0.28,0,13,0,0,37,14,63.6
Trent Alexander-Arnold,Liverpool,eng ENG,DF,25,1998,33,28,2365.0,26.3,3,6,9,3,0,0,5,0,1.9,1.9,7.3,9.2,51,232,94,0.11,0.23,0.34,0.11,0.34,0.07,0.28,0.35,0.07,0.35,Matches,N/A,N/A,N/A,N/A,N/A,N/A,N/A,N/A,N/A,N/A,N/A,N/A,N/A,N/A,N/A,N/A,N/A,N/A,N/A,N/A,N/A,N/A,N/A,N/A,N/A,N/A,N/A,N/A,N/A,N/A,N/A,N/A,N/A,N/A,N/A,N/A,N/A,45,8,17.8,1.71,0.30,0.07,0.38,23.6,0.04,+1.1,+1.1,27901,11363,632,89.8,589,771,76.4,203,418,48.6,7.4,-1.3,52,207,65,20,1651,310,12,32,153,192,34,12,1,10,36,98,3.73,74,15,5,0,0,10,0.38,9,1,0,0,0,0,72,50,44,19,9,49,46.7,56,17,31,103,55,4,2253,88,44,17,45.9,17,45.9,1184,9,19,15,1436,72,69.2,79,12,5,29,1,2.27,67,25,+42,+1.60,+1.34,58.6,21.7,+36.9,+1.40,+0.84,0,11,0,0,132,3,18.8
Alisson,Liverpool,br BRA,GK,31,1992,28,28,2508.0,27.9,0,0,0,0,0,0,0,0,0.0,0.0,0.6,0.6,0,1,0,0.00,0.00,0.00,0.00,0.00,0.00,0.02,0.02,0.00,0.02,Matches,29,1.04,100,73,72.0,18,7,3,9,32.1,1,0,0,0.0,0,2,2,30.5,0.30,+3.5,+0.13,68,203,33.5,877,128,19.7,26.6,80,37.5,33.4,255,11,4.3,49,1.76,16.0,0,0,N/A,0.00,0.00,N/A,N/A,N/A,N/A,0.0,0.0,17555,11360,229,98.7,426,433,98.4,137,289,47.4,0.2,-0.6,1,12,0,0,836,121,1,1,0,0,0,0,0,2,1,7,0.25,7,0,0,0,0,1,0.04,1,0,0,0,0,0,1,0,1,0,0,0,0.0,1,0,0,1,13,1,1010,741,0,1,100.0,0,0.0,658,0,1,0,618,90,73.3,90,27,0,N/A,0,2.18,64,29,+35,+1.26,+0.27,62.2,27.4,+34.9,+1.25,+0.39,0,0,0,0,47,7,100.0
Miguel Almirón,Newcastle Utd,py PAR,FW,30,1994,9,1,157.0,1.7,0,0,0,0,0,0,0,0,0.5,0.5,0.3,0.8,3,6,18,0.00,0.00,0.00,0.00,0.00,0.30,0.15,0.45,0.30,0.45,Matches,N/A,N/A,N/A,N/A,N/A,N/A,N/A,N/A,N/A,N/A,N/A,N/A,N/A,N/A,N/A,N/A,N/A,N/A,N/A,N/A,N/A,N/A,N/A,N/A,N/A,N/A,N/A,N/A,N/A,N/A,N/A,N/A,N/A,N/A,N/A,N/A,N/A,6,2,33.3,3.44,1.15,0.00,0.00,14.2,0.09,-0.5,-0.5,707,219,39,92.9,13,16,81.3,1,3,33.3,0.2,-0.3,3,3,1,0,64,1,1,0,0,1,0,0,0,1,2,8,4.59,6,0,1,0,0,0,0.00,0,0,0,0,0,0,3,2,2,0,1,2,66.7,1,2,0,3,0,0,81,1,9,1,50.0,1,50.0,54,2,0,2,59,17,4.6,67,0,8,11,14,1.56,1,3,-2,-1.15,-1.78,2.8,3.6,-0.8,-0.47,-1.00,0,1,0,0,4,0,0.0
Edson Álvarez,West Ham,mx MEX,MF,26,1997,28,20,1772.0,19.7,0,1,1,0,0,0,9,1,0.4,0.4,0.8,1.2,24,85,18,0.00,0.05,0.05,0.00,0.05,0.02,0.04,0.06,0.02,0.06,Matches,N/A,N/A,N/A,N/A,N/A,N/A,N/A,N/A,N/A,N/A,N/A,N/A,N/A,N/A,N/A,N/A,N/A,N/A,N/A,N/A,N/A,N/A,N/A,N/A,N/A,N/A,N/A,N/A,N/A,N/A,N/A,N/A,N/A,N/A,N/A,N/A,N/A,12,1,8.3,0.61,0.05,0.00,0.00,26.3,0.03,-0.4,-0.4,14393,4200,424,89.3,361,402,89.8,66,92,71.7,0.9,+0.2,12,92,12,3,980,16,3,12,6,3,0,0,0,7,10,28,1.42,24,0,2,1,0,2,0.10,2,0,0,0,0,0,50,27,27,15,8,17,48.6,18,15,18,68,46,1,1239,67,12,14,42.4,14,42.4,687,2,27,15,830,63,51.8,76,4,8,32,2,1.25,19,29,-10,-0.51,-0.18,23.5,29.7,-6.2,-0.32,+0.04,1,42,0,0,88,30,56.6
Harry Amass,Manchester Utd,eng ENG,DF,17,2007,5,4,346.0,3.8,0,0,0,0,0,0,0,0,0.1,0.1,0.0,0.1,9,7,23,0.00,0.00,0.00,0.00,0.00,0.02,0.01,0.02,0.02,0.02,Matches,N/A,N/A,N/A,N/A,N/A,N/A,N/A,N/A,N/A,N/A,N/A,N/A,N/A,N/A,N/A,N/A,N/A,N/A,N/A,N/A,N/A,N/A,N/A,N/A,N/A,N/A,N/A,N/A,N/A,N/A,N/A,N/A,N/A,N/A,N/A,N/A,N/A,3,0,0.0,0.78,0.00,0.00,N/A,21.7,0.02,-0.1,-0.1,1920,387,97,92.4,44,56,78.6,3,11,27.3,0.1,0.0,1,5,0,0,150,31,0,0,9,29,0,0,0,0,3,8,2.08,7,0,0,0,0,0,0.00,0,0,0,0,0,0,6,2,5,1,0,2,25.0,6,10,2,8,11,0,250,13,5,3,37.5,4,50.0,132,2,18,5,124,69,10.1,81,3,1,22,8,0.60,5,9,-4,-1.04,-0.86,5.4,6.3,-0.9,-0.24,-0.23,0,2,0,0,26,7,53.8
Joachim Andersen,Fulham,dk DEN,DF,28,1996,29,29,2583.0,28.7,0,0,0,0,0,0,6,1,1.0,1.0,0.5,1.5,16,112,2,0.00,0.00,0.00,0.00,0.00,0.04,0.02,0.05,0.04,0.05,Matches,N/A,N/A,N/A,N/A,N/A,N/A,N/A,N/A,N/A,N/A,N/A,N/A,N/A,N/A,N/A,N/A,N/A,N/A,N/A,N/A,N/A,N/A,N/A,N/A,N/A,N/A,N/A,N/A,N/A,N/A,N/A,N/A,N/A,N/A,N/A,N/A,N/A,19,4,21.1,0.66,0.14,0.00,0.00,15.1,0.05,-1.0,-1.0,36471,14436,456,91.8,918,985,93.2,269,487,55.2,0.5,-0.5,4,196,6,3,1891,102,0,35,12,9,0,0,0,7,8,35,1.23,27,1,0,0,0,2,0.07,1,1,0,0,0,0,27,18,20,6,1,15,62.5,9,9,34,61,188,1,2336,340,22,4,66.7,0,0.0,1350,1,6,3,1621,89,75.5,89,28,0,N/A,2,1.45,43,42,+1,+0.03,+0.14,39.5,35.8,+3.7,+0.13,+0.33,0,18,0,1,122,70,64.2
Elliot Anderson,Nott'ham Forest,eng ENG,MF,21,2002,37,33,2728.0,30.3,2,6,8,2,0,0,10,0,2.1,2.1,3.3,5.4,52,143,95,0.07,0.20,0.26,0.07,0.26,0.07,0.11,0.18,0.07,0.18,Matches,N/A,N/A,N/A,N/A,N/A,N/A,N/A,N/A,N/A,N/A,N/A,N/A,N/A,N/A,N/A,N/A,N/A,N/A,N/A,N/A,N/A,N/A,N/A,N/A,N/A,N/A,N/A,N/A,N/A,N/A,N/A,N/A,N/A,N/A,N/A,N/A,N/A,40,7,17.5,1.32,0.23,0.05,0.29,18.8,0.05,-0.1,-0.1,17458,5922,572,89.4,402,496,81.0,77,165,46.7,3.6,+2.7,37,121,19,2,1292,85,7,4,86,2,17,28,0,9,35,87,2.87,43,20,7,4,5,10,0.33,4,3,0,1,1,1,92,56,54,29,9,48,43.2,63,39,31,123,76,4,1832,102,72,36,48.0,30,40.0,932,21,60,49,1089,74,79.8,79,13,4,27,0,1.76,49,37,+12,+0.40,+0.40,35.2,39.3,-4.1,-0.13,-0.22,0,49,0,0,207,56,65.1
André,Wolves,br BRA,MF,23,2001,33,31,2472.0,27.5,0,0,0,0,0,0,7,0,0.4,0.4,0.8,1.3,10,109,11,0.00,0.00,0.00,0.00,0.00,0.02,0.03,0.05,0.02,0.05,Matches,N/A,N/A,N/A,N/A,N/A,N/A,N/A,N/A,N/A,N/A,N/A,N/A,N/A,N/A,N/A,N/A,N/A,N/A,N/A,N/A,N/A,N/A,N/A,N/A,N/A,N/A,N/A,N/A,N/A,N/A,N/A,N/A,N/A,N/A,N/A,N/A,N/A,10,1,10.0,0.36,0.04,0.00,0.00,25.5,0.04,-0.4,-0.4,19660,5471,646,95.4,475,500,95.0,80,98,81.6,0.7,-0.8,18,111,5,0,1308,32,5,15,0,2,0,0,0,2,14,49,1.78,41,3,1,0,4,3,0.11,2,1,0,0,0,0,91,55,41,41,9,37,58.7,26,34,37,128,30,1,1623,89,3,16,50.0,12,37.5,912,0,30,21,1093,75,72.3,80,14,2,3,2,1.15,39,46,-7,-0.25,+0.50,29.9,40.5,-10.6,-0.39,-0.02,0,36,0,1,194,2,25.0
Michail Antonio,West Ham,jm JAM,FW,34,1990,14,11,836.0,9.3,1,1,2,1,0,0,1,0,2.2,2.2,1.6,3.8,29,18,59,0.11,0.11,0.22,0.11,0.22,0.24,0.17,0.41,0.24,0.41,Matches,N/A,N/A,N/A,N/A,N/A,N/A,N/A,N/A,N/A,N/A,N/A,N/A,N/A,N/A,N/A,N/A,N/A,N/A,N/A,N/A,N/A,N/A,N/A,N/A,N/A,N/A,N/A,N/A,N/A,N/A,N/A,N/A,N/A,N/A,N/A,N/A,N/A,19,4,21.1,2.05,0.43,0.05,0.25,12.6,0.12,-1.2,-1.2,2183,424,52,72.2,37,62,59.7,22,31,71.0,0.9,-0.6,9,11,6,2,175,11,3,6,25,7,0,0,0,2,14,22,2.37,14,0,1,1,1,4,0.43,0,0,0,4,0,0,2,2,0,1,1,2,66.7,1,6,0,2,2,0,296,3,36,9,33.3,13,48.1,173,9,35,19,221,60,24.4,66,0,3,37,0,1.07,13,18,-5,-0.54,-0.16,11.4,17.8,-6.4,-0.69,-0.47,0,12,0,0,22,17,43.6
Antony,Manchester Utd,br BRA,"DF,MF",24,2000,8,0,141.0,1.6,0,0,0,0,0,0,0,0,1.0,1.0,0.1,1.1,5,6,7,0.00,0.00,0.00,0.00,0.00,0.65,0.08,0.73,0.65,0.73,Matches,N/A,N/A,N/A,N/A,N/A,N/A,N/A,N/A,N/A,N/A,N/A,N/A,N/A,N/A,N/A,N/A,N/A,N/A,N/A,N/A,N/A,N/A,N/A,N/A,N/A,N/A,N/A,N/A,N/A,N/A,N/A,N/A,N/A,N/A,N/A,N/A,N/A,6,3,50.0,3.83,1.91,0.00,0.00,15.8,0.17,-1.0,-1.0,688,111,45,88.2,9,14,64.3,1,1,100.0,0.2,-0.1,3,1,5,2,62,7,0,0,5,5,0,0,0,0,1,8,5.11,6,0,1,1,0,0,0.00,0,0,0,0,0,0,6,3,4,2,0,2,40.0,3,2,2,8,0,0,101,2,8,4,36.4,6,54.5,60,1,5,1,69,18,4.1,N/A,0,8,18,11,0.88,5,2,+3,+1.91,+2.27,4.7,2.2,+2.5,+1.60,+1.71,0,2,0,0,11,0,0.0
Julian Araujo,Bournemouth,mx MEX,DF,22,2001,12,7,497.0,5.5,0,0,0,0,0,0,2,0,0.0,0.0,0.1,0.1,4,14,22,0.00,0.00,0.00,0.00,0.00,0.00,0.01,0.01,0.00,0.01,Matches,N/A,N/A,N/A,N/A,N/A,N/A,N/A,N/A,N/A,N/A,N/A,N/A,N/A,N/A,N/A,N/A,N/A,N/A,N/A,N/A,N/A,N/A,N/A,N/A,N/A,N/A,N/A,N/A,N/A,N/A,N/A,N/A,N/A,N/A,N/A,N/A,N/A,0,0,N/A,0.00,0.00,N/A,N/A,N/A,N/A,0.0,0.0,3006,890,84,89.4,83,96,86.5,10,29,34.5,0.1,-0.1,1,17,3,2,198,27,0,0,9,25,0,0,0,0,2,5,0.91,5,0,0,0,0,0,0.00,0,0,0,0,0,0,10,5,4,6,0,5,41.7,7,3,6,16,18,0,275,20,2,0,0.0,1,100.0,126,0,5,2,149,41,14.5,62,0,5,12,7,1.08,2,10,-8,-1.45,-2.06,6.8,9.4,-2.6,-0.47,-1.02,0,7,0,0,29,3,25.0
Cameron Archer,Southampton,eng ENG,FW,23,2001,35,13,1441.0,16.0,2,0,2,2,0,1,0,0,5.7,4.9,0.5,5.4,22,14,66,0.12,0.00,0.12,0.12,0.12,0.36,0.03,0.39,0.31,0.34,Matches,N/A,N/A,N/A,N/A,N/A,N/A,N/A,N/A,N/A,N/A,N/A,N/A,N/A,N/A,N/A,N/A,N/A,N/A,N/A,N/A,N/A,N/A,N/A,N/A,N/A,N/A,N/A,N/A,N/A,N/A,N/A,N/A,N/A,N/A,N/A,N/A,N/A,28,10,35.7,1.75,0.62,0.07,0.20,12.8,0.18,-3.7,-2.9,2612,367,131,86.8,54,59,91.5,5,9,55.6,0.7,-0.5,5,7,7,0,231,19,2,0,3,0,0,0,0,1,8,20,1.25,10,0,4,1,0,0,0.00,0,0,0,0,0,0,13,8,8,3,2,2,22.2,7,4,2,15,11,0,398,16,52,15,40.5,20,54.1,226,14,40,26,274,41,42.1,71,0,22,24,2,0.26,10,34,-24,-1.50,+0.14,15.7,36.6,-20.9,-1.31,+0.11,0,16,0,0,35,9,23.1
Alphonse Areola,West Ham,fr FRA,GK,31,1993,26,25,2260.0,25.1,0,0,0,0,0,0,0,0,0.0,0.0,0.0,0.0,0,1,0,0.00,0.00,0.00,0.00,0.00,0.00,0.00,0.00,0.00,0.00,Matches,41,1.63,115,77,64.3,5,7,13,5,20.0,0,0,0,N/A,0,5,3,35.4,0.31,-2.6,-0.10,135,384,35.2,788,119,34.4,32.1,196,57.7,42.9,394,15,3.8,30,1.19,15.0,0,0,N/A,0.00,0.00,N/A,N/A,N/A,N/A,0.0,0.0,18224,12284,153,99.4,334,350,95.4,198,473,41.9,0.0,0.0,0,11,0,0,716,268,0,3,0,0,0,0,0,5,3,3,0.12,2,1,0,0,0,0,0.00,0,0,0,0,0,0,2,2,2,0,0,2,66.7,1,0,0,2,15,3,1049,833,0,0,N/A,0,N/A,601,0,0,0,555,87,66.1,88,24,1,55,8,0.96,29,41,-12,-0.48,-0.17,30.1,37.3,-7.2,-0.29,+0.14,0,0,0,0,29,2,100.0
Joe Aribo,Southampton,ng NGA,"MF,DF",28,1996,32,21,2013.0,22.4,3,0,3,3,0,0,1,0,2.7,2.7,1.6,4.3,36,75,65,0.13,0.00,0.13,0.13,0.13,0.12,0.07,0.19,0.12,0.19,Matches,N/A,N/A,N/A,N/A,N/A,N/A,N/A,N/A,N/A,N/A,N/A,N/A,N/A,N/A,N/A,N/A,N/A,N/A,N/A,N/A,N/A,N/A,N/A,N/A,N/A,N/A,N/A,N/A,N/A,N/A,N/A,N/A,N/A,N/A,N/A,N/A,N/A,17,7,41.2,0.76,0.31,0.18,0.43,14.0,0.16,+0.3,+0.3,13689,2630,514,91.3,357,391,91.3,31,45,68.9,1.3,-1.6,16,51,4,1,1032,13,2,1,10,4,0,0,0,1,15,37,1.66,32,0,2,2,0,1,0.04,1,0,0,0,0,0,47,33,17,24,6,17,48.6,18,17,20,67,32,3,1271,52,44,21,42.9,22,44.9,745,12,27,19,925,63,58.9,79,8,11,32,6,0.34,17,56,-39,-1.74,-0.40,19.4,55.1,-35.7,-1.60,-0.54,0,20,0,1,112,25,51.0
Adam Armstrong,Southampton,eng ENG,"FW,MF",27,1997,20,15,1248.0,13.9,2,2,4,2,0,1,4,0,3.3,2.3,1.2,3.5,25,21,79,0.14,0.14,0.29,0.14,0.29,0.24,0.09,0.32,0.17,0.25,Matches,N/A,N/A,N/A,N/A,N/A,N/A,N/A,N/A,N/A,N/A,N/A,N/A,N/A,N/A,N/A,N/A,N/A,N/A,N/A,N/A,N/A,N/A,N/A,N/A,N/A,N/A,N/A,N/A,N/A,N/A,N/A,N/A,N/A,N/A,N/A,N/A,N/A,25,7,28.0,1.80,0.50,0.08,0.29,16.6,0.09,-1.3,-0.3,3320,446,138,87.3,81,95,85.3,6,13,46.2,0.6,+0.8,9,10,8,2,268,18,0,1,14,3,0,0,0,2,12,19,1.37,12,1,2,0,0,4,0.29,1,0,0,3,0,0,12,3,2,7,3,3,21.4,11,5,3,15,8,0,377,11,49,6,42.9,8,57.1,235,6,11,18,286,62,36.5,75,4,5,25,4,0.30,7,35,-28,-2.02,-0.69,12.8,32.4,-19.6,-1.41,-0.07,0,12,0,0,23,5,35.7
Kepa Arrizabalaga,Bournemouth,es ESP,GK,29,1994,31,31,2790.0,31.0,0,0,0,0,0,0,3,0,0.1,0.1,0.0,0.1,0,2,0,0.00,0.00,0.00,0.00,0.00,0.00,0.00,0.00,0.00,0.00,Matches,39,1.26,134,95,73.9,13,7,11,8,25.8,4,0,0,0.0,0,4,0,41.0,0.28,+2.0,+0.07,132,365,36.2,831,122,33.2,32.9,192,46.4,38.7,367,22,6.0,54,1.74,16.0,1,0,0.0,0.03,0.00,0.00,N/A,9.7,0.06,-0.1,-0.1,20531,13943,120,98.4,390,397,98.2,241,500,48.2,0.0,0.0,1,10,0,0,728,295,0,0,0,0,0,0,0,4,2,4,0.13,2,2,0,0,0,0,0.00,0,0,0,0,0,0,1,0,1,0,0,0,0.0,2,2,0,1,15,3,1087,800,1,1,100.0,0,0.0,621,0,0,0,486,90,81.6,90,31,0,N/A,1,1.48,50,39,+11,+0.35,+0.21,53.6,38.3,+15.3,+0.49,+0.46,0,2,0,2,56,7,87.5
Marco Asensio,Aston Villa,es ESP,MF,28,1996,13,9,743.0,8.3,3,1,4,3,0,2,2,0,4.4,2.9,1.0,3.8,22,45,38,0.36,0.12,0.48,0.36,0.48,0.54,0.12,0.66,0.35,0.47,Matches,N/A,N/A,N/A,N/A,N/A,N/A,N/A,N/A,N/A,N/A,N/A,N/A,N/A,N/A,N/A,N/A,N/A,N/A,N/A,N/A,N/A,N/A,N/A,N/A,N/A,N/A,N/A,N/A,N/A,N/A,N/A,N/A,N/A,N/A,N/A,N/A,N/A,22,9,40.9,2.66,1.09,0.14,0.33,19.6,0.13,-1.4,+0.1,3581,1081,138,90.8,84,103,81.6,11,33,33.3,1.2,0.0,16,20,11,2,271,39,2,1,38,0,11,1,0,3,8,35,4.24,22,7,1,3,1,3,0.36,2,0,0,1,0,0,7,5,0,7,0,3,33.3,6,6,2,9,3,0,386,6,30,12,63.2,5,26.3,242,5,9,8,265,57,21.7,72,3,4,23,0,2.00,18,8,+10,+1.21,+1.31,14.1,11.1,+3.0,+0.36,+0.26,0,11,0,0,28,0,0.0
Taiwo Awoniyi,Nott'ham Forest,ng NGA,FW,26,1997,26,3,416.0,4.6,1,0,1,1,0,0,0,0,2.1,2.1,0.1,2.2,6,7,20,0.22,0.00,0.22,0.22,0.22,0.46,0.02,0.48,0.46,0.48,Matches,N/A,N/A,N/A,N/A,N/A,N/A,N/A,N/A,N/A,N/A,N/A,N/A,N/A,N/A,N/A,N/A,N/A,N/A,N/A,N/A,N/A,N/A,N/A,N/A,N/A,N/A,N/A,N/A,N/A,N/A,N/A,N/A,N/A,N/A,N/A,N/A,N/A,10,4,40.0,2.16,0.87,0.10,0.25,12.6,0.21,-1.1,-1.1,705,157,42,71.2,14,25,56.0,1,5,20.0,0.1,-0.1,2,5,2,0,96,0,1,0,2,0,0,0,0,0,4,9,1.95,5,0,1,1,0,1,0.22,0,0,0,1,0,0,6,3,0,3,3,4,80.0,1,1,0,6,7,0,167,5,21,4,44.4,5,55.6,90,2,19,19,113,16,12.2,64,0,23,10,7,1.92,5,10,-5,-1.08,-1.59,5.7,6.5,-0.8,-0.18,-0.10,0,8,0,0,18,13,25.5
Yasin Ayari,Brighton,se SWE,MF,20,2003,34,22,1965.0,21.8,2,1,3,2,0,0,3,0,2.4,2.4,2.3,4.8,30,75,61,0.09,0.05,0.14,0.09,0.14,0.11,0.11,0.22,0.11,0.22,Matches,N/A,N/A,N/A,N/A,N/A,N/A,N/A,N/A,N/A,N/A,N/A,N/A,N/A,N/A,N/A,N/A,N/A,N/A,N/A,N/A,N/A,N/A,N/A,N/A,N/A,N/A,N/A,N/A,N/A,N/A,N/A,N/A,N/A,N/A,N/A,N/A,N/A,28,8,28.6,1.28,0.37,0.07,0.25,18.7,0.09,-0.4,-0.4,11915,3328,465,91.4,269,319,84.3,40,98,40.8,2.6,-1.3,30,55,18,4,880,92,10,1,69,3,27,6,1,1,14,61,2.79,36,13,3,4,2,6,0.27,4,2,0,0,0,0,59,32,15,31,13,26,46.4,30,18,20,79,26,0,1233,58,45,18,40.0,18,40.0,655,6,38,22,801,58,57.5,78,8,12,22,2,1.68,31,28,+3,+0.14,-0.11,32.5,29.6,+2.9,+0.13,+0.05,0,37,0,1,118,16,44.4
Jordan Ayew,Leicester City,gh GHA,"FW,MF",32,1991,30,19,1638.0,18.2,5,0,5,4,1,1,5,0,3.2,2.4,1.1,3.5,49,46,86,0.27,0.00,0.27,0.22,0.22,0.17,0.06,0.24,0.13,0.19,Matches,N/A,N/A,N/A,N/A,N/A,N/A,N/A,N/A,N/A,N/A,N/A,N/A,N/A,N/A,N/A,N/A,N/A,N/A,N/A,N/A,N/A,N/A,N/A,N/A,N/A,N/A,N/A,N/A,N/A,N/A,N/A,N/A,N/A,N/A,N/A,N/A,N/A,31,8,25.8,1.70,0.44,0.13,0.50,18.8,0.08,+1.8,+1.6,5942,1216,219,86.9,138,183,75.4,24,59,40.7,1.5,-1.1,16,25,14,7,490,49,3,2,60,5,15,8,3,1,11,41,2.25,24,8,3,1,1,2,0.11,1,0,0,1,0,0,27,15,8,14,5,7,30.4,16,19,12,39,19,0,798,21,55,26,40.6,32,50.0,479,11,63,40,540,55,47.9,77,4,11,16,6,0.77,17,41,-24,-1.32,-0.16,16.1,28.9,-12.7,-0.70,+0.64,0,30,0,0,93,37,31.6
Benoît Badiashile,Chelsea,fr FRA,DF,23,2001,5,3,334.0,3.7,0,0,0,0,0,0,0,0,0.0,0.0,0.0,0.0,3,17,2,0.00,0.00,0.00,0.00,0.00,0.00,0.00,0.00,0.00,0.00,Matches,N/A,N/A,N/A,N/A,N/A,N/A,N/A,N/A,N/A,N/A,N/A,N/A,N/A,N/A,N/A,N/A,N/A,N/A,N/A,N/A,N/A,N/A,N/A,N/A,N/A,N/A,N/A,N/A,N/A,N/A,N/A,N/A,N/A,N/A,N/A,N/A,N/A,0,0,N/A,0.00,0.00,N/A,N/A,N/A,N/A,0.0,0.0,4820,1473,111,93.3,135,144,93.8,21,32,65.6,0.1,0.0,0,37,1,0,288,15,0,1,0,0,0,0,0,1,0,0,0.00,0,0,0,0,0,0,0.00,0,0,0,0,0,0,9,6,5,4,0,4,80.0,1,0,6,15,12,2,336,31,0,0,0.0,1,100.0,177,0,1,0,247,67,9.8,88,2,2,35,17,1.80,7,5,+2,+0.54,-0.02,6.9,5.0,+1.9,+0.53,-0.02,0,6,0,0,18,8,80.0
Leon Bailey,Aston Villa,jm JAM,"FW,MF",26,1997,24,14,1139.0,12.7,1,2,3,1,0,0,3,0,1.7,1.7,1.5,3.3,58,35,121,0.08,0.16,0.24,0.08,0.24,0.14,0.12,0.26,0.14,0.26,Matches,N/A,N/A,N/A,N/A,N/A,N/A,N/A,N/A,N/A,N/A,N/A,N/A,N/A,N/A,N/A,N/A,N/A,N/A,N/A,N/A,N/A,N/A,N/A,N/A,N/A,N/A,N/A,N/A,N/A,N/A,N/A,N/A,N/A,N/A,N/A,N/A,N/A,28,6,21.4,2.21,0.47,0.04,0.17,17.3,0.06,-0.7,-0.7,4313,1055,152,81.7,100,123,81.3,18,38,47.4,3.0,+0.5,16,16,20,2,369,18,5,1,34,1,9,0,0,3,24,38,3.01,23,1,8,3,0,4,0.32,4,0,0,0,0,0,7,5,2,3,2,3,27.3,8,6,3,10,12,0,545,18,70,22,38.6,24,42.1,348,34,35,25,390,47,33.3,65,2,10,23,5,1.54,22,19,+3,+0.24,+0.08,20.3,13.7,+6.7,+0.53,+0.55,0,12,1,0,59,6,40.0
Carlos Baleba,Brighton,cm CMR,MF,20,2004,34,31,2661.0,29.6,3,1,4,3,0,0,8,1,3.1,3.1,1.3,4.4,43,118,29,0.10,0.03,0.14,0.10,0.14,0.10,0.05,0.15,0.10,0.15,Matches,N/A,N/A,N/A,N/A,N/A,N/A,N/A,N/A,N/A,N/A,N/A,N/A,N/A,N/A,N/A,N/A,N/A,N/A,N/A,N/A,N/A,N/A,N/A,N/A,N/A,N/A,N/A,N/A,N/A,N/A,N/A,N/A,N/A,N/A,N/A,N/A,N/A,44,11,25.0,1.49,0.37,0.07,0.27,25.5,0.07,-0.1,-0.1,19305,4741,544,92.0,487,528,92.2,94,148,63.5,1.2,-0.3,21,109,23,3,1289,23,7,3,9,3,0,0,0,2,14,66,2.23,55,0,2,1,3,4,0.14,2,0,0,0,1,1,79,46,26,37,16,48,60.0,32,36,46,125,44,1,1697,94,12,33,57.9,20,35.1,971,3,39,42,1035,78,77.8,83,15,3,27,2,1.68,55,39,+16,+0.54,+1.61,47.0,39.6,+7.4,+0.25,+0.64,1,40,0,2,197,39,60.0
Ross Barkley,Aston Villa,eng ENG,MF,30,1993,20,3,581.0,6.5,3,1,4,3,0,0,3,0,1.8,1.8,0.6,2.4,15,36,10,0.46,0.15,0.62,0.46,0.62,0.27,0.10,0.37,0.27,0.37,Matches,N/A,N/A,N/A,N/A,N/A,N/A,N/A,N/A,N/A,N/A,N/A,N/A,N/A,N/A,N/A,N/A,N/A,N/A,N/A,N/A,N/A,N/A,N/A,N/A,N/A,N/A,N/A,N/A,N/A,N/A,N/A,N/A,N/A,N/A,N/A,N/A,N/A,16,5,31.3,2.48,0.77,0.19,0.60,14.2,0.11,+1.2,+1.2,5232,1260,176,87.6,142,155,91.6,13,20,65.0,0.4,+0.4,9,32,6,0,381,13,0,3,1,1,0,0,0,1,9,18,2.78,15,1,2,0,0,3,0.46,3,0,0,0,0,0,14,3,4,10,0,9,64.3,5,6,10,24,5,0,464,17,19,12,75.0,4,25.0,277,2,7,8,328,29,17.0,85,2,17,19,4,1.75,10,10,0,0.00,-0.22,11.7,6.2,+5.5,+0.85,+0.84,0,8,0,0,43,6,60.0
Harvey Barnes,Newcastle Utd,eng ENG,FW,26,1997,33,17,1755.0,19.5,9,4,13,9,0,0,0,0,7.2,7.2,4.0,11.2,93,83,192,0.46,0.21,0.67,0.46,0.67,0.37,0.20,0.57,0.37,0.57,Matches,N/A,N/A,N/A,N/A,N/A,N/A,N/A,N/A,N/A,N/A,N/A,N/A,N/A,N/A,N/A,N/A,N/A,N/A,N/A,N/A,N/A,N/A,N/A,N/A,N/A,N/A,N/A,N/A,N/A,N/A,N/A,N/A,N/A,N/A,N/A,N/A,N/A,63,20,31.7,3.23,1.03,0.14,0.45,15.1,0.11,+1.8,+1.8,6642,1989,302,86.8,149,204,73.0,14,26,53.8,4.6,0.0,26,25,41,9,590,15,5,1,47,10,0,0,0,2,17,64,3.27,44,1,7,6,0,9,0.46,6,0,1,1,1,0,16,9,4,6,6,3,27.3,8,6,6,22,15,1,810,17,128,24,37.5,33,51.6,561,47,33,23,647,53,51.3,80,6,16,25,1,1.82,34,23,+11,+0.56,+0.02,31.0,24.1,+6.9,+0.35,-0.27,0,15,0,0,55,6,28.6
Calvin Bassey,Fulham,ng NGA,DF,24,1999,35,34,3074.0,34.2,1,0,1,1,0,0,7,0,1.0,1.0,0.1,1.2,39,116,15,0.03,0.00,0.03,0.03,0.03,0.03,0.00,0.03,0.03,0.03,Matches,N/A,N/A,N/A,N/A,N/A,N/A,N/A,N/A,N/A,N/A,N/A,N/A,N/A,N/A,N/A,N/A,N/A,N/A,N/A,N/A,N/A,N/A,N/A,N/A,N/A,N/A,N/A,N/A,N/A,N/A,N/A,N/A,N/A,N/A,N/A,N/A,N/A,14,4,28.6,0.41,0.12,0.07,0.25,15.3,0.07,0.0,0.0,34171,11961,821,95.2,941,1003,93.8,140,228,61.4,0.4,-0.1,3,152,3,0,2025,128,0,10,8,8,0,0,0,2,17,23,0.67,19,1,2,0,1,3,0.09,2,0,0,0,0,1,54,34,35,19,0,22,71.0,9,23,20,74,118,8,2463,324,19,15,45.5,11,33.3,1571,5,34,8,1716,88,89.9,90,34,1,14,2,1.51,49,47,+2,+0.06,+0.58,44.5,38.9,+5.7,+0.17,+1.16,0,26,0,0,168,43,56.6
Altay Bayındır,Manchester Utd,tr TUR,GK,26,1998,4,4,360.0,4.0,0,0,0,0,0,0,0,0,0.0,0.0,0.0,0.0,0,0,0,0.00,0.00,0.00,0.00,0.00,0.00,0.00,0.00,0.00,0.00,Matches,10,2.50,17,8,41.2,1,0,3,1,25.0,0,0,0,N/A,0,0,1,10.1,0.59,+1.1,+0.27,13,62,21.0,128,12,34.4,34.1,24,75.0,53.8,56,4,7.1,7,1.75,12.0,0,0,N/A,0.00,0.00,N/A,N/A,N/A,N/A,0.0,0.0,2444,1386,13,100.0,52,55,94.5,26,81,32.1,0.0,0.0,0,1,0,0,121,31,0,0,0,0,0,0,0,0,2,0,0.00,0,0,0,0,0,0,0.00,0,0,0,0,0,0,0,0,0,0,0,0,0.0,1,0,0,0,9,1,168,145,0,0,N/A,0,N/A,110,0,0,0,103,90,10.5,90,4,0,N/A,27,0.75,6,10,-4,-1.00,-0.82,7.3,7.0,+0.3,+0.06,+0.11,0,0,0,0,3,1,50.0
Jan Bednarek,Southampton,pl POL,DF,28,1996,30,30,2531.0,28.1,2,0,2,2,0,0,7,0,0.7,0.7,0.5,1.2,5,60,2,0.07,0.00,0.07,0.07,0.07,0.02,0.02,0.04,0.02,0.04,Matches,N/A,N/A,N/A,N/A,N/A,N/A,N/A,N/A,N/A,N/A,N/A,N/A,N/A,N/A,N/A,N/A,N/A,N/A,N/A,N/A,N/A,N/A,N/A,N/A,N/A,N/A,N/A,N/A,N/A,N/A,N/A,N/A,N/A,N/A,N/A,N/A,N/A,5,2,40.0,0.18,0.07,0.40,1.00,16.0,0.13,+1.3,+1.3,27781,8925,590,95.2,856,903,94.8,105,137,76.6,0.9,-0.5,5,72,1,0,1606,79,0,7,1,1,0,0,0,2,4,16,0.57,15,0,0,0,0,0,0.00,0,0,0,0,0,0,36,19,23,13,0,16,51.6,15,11,56,92,190,5,2049,386,15,3,100.0,0,0.0,1046,1,9,3,1307,84,74.0,84,26,0,N/A,0,0.37,19,57,-38,-1.35,+0.88,23.8,56.5,-32.6,-1.16,+0.81,0,31,0,1,106,71,65.7
Armel Bella Kotchap,Southampton,de GER,DF,22,2001,4,2,331.0,3.7,0,0,0,0,0,0,0,0,0.3,0.3,0.0,0.3,0,5,0,0.00,0.00,0.00,0.00,0.00,0.09,0.00,0.09,0.09,0.09,Matches,N/A,N/A,N/A,N/A,N/A,N/A,N/A,N/A,N/A,N/A,N/A,N/A,N/A,N/A,N/A,N/A,N/A,N/A,N/A,N/A,N/A,N/A,N/A,N/A,N/A,N/A,N/A,N/A,N/A,N/A,N/A,N/A,N/A,N/A,N/A,N/A,N/A,1,0,0.0,0.27,0.00,0.00,N/A,9.1,0.32,-0.3,-0.3,3829,956,65,98.5,119,123,96.7,16,29,55.2,0.0,0.0,0,6,0,0,219,4,0,0,0,0,0,0,0,1,1,2,0.54,1,0,0,0,1,0,0.00,0,0,0,0,0,0,7,5,5,2,0,3,50.0,3,0,5,12,21,1,263,33,1,0,0.0,1,100.0,186,0,1,0,192,83,9.7,90,2,2,76,8,0.00,2,13,-11,-2.99,-1.56,2.5,10.2,-7.7,-2.08,-0.79,0,3,0,0,19,6,54.5
Jean-Ricner Bellegarde,Wolves,ht HAI,"MF,FW",26,1998,35,20,1677.0,18.6,2,7,9,2,0,0,3,0,1.5,1.5,3.8,5.3,52,43,89,0.11,0.38,0.48,0.11,0.48,0.08,0.20,0.29,0.08,0.29,Matches,N/A,N/A,N/A,N/A,N/A,N/A,N/A,N/A,N/A,N/A,N/A,N/A,N/A,N/A,N/A,N/A,N/A,N/A,N/A,N/A,N/A,N/A,N/A,N/A,N/A,N/A,N/A,N/A,N/A,N/A,N/A,N/A,N/A,N/A,N/A,N/A,N/A,22,5,22.7,1.18,0.27,0.09,0.40,21.2,0.07,+0.5,+0.5,7404,1436,271,89.1,152,188,80.9,36,62,58.1,2.8,+3.2,27,30,18,8,575,23,5,4,44,3,4,0,0,1,21,57,3.06,35,5,4,7,2,11,0.59,8,1,0,0,1,1,39,24,17,19,3,14,70.0,6,16,10,49,18,1,843,24,48,14,23.0,31,50.8,528,11,42,29,592,48,49.0,69,1,15,20,2,1.09,29,31,-2,-0.11,+0.56,22.8,26.3,-3.5,-0.19,+0.37,0,31,0,0,62,10,34.5
Rodrigo Bentancur,Tottenham,uy URU,MF,27,1997,26,21,1645.0,18.3,2,0,2,2,0,0,9,0,1.3,1.3,0.4,1.7,28,100,34,0.11,0.00,0.11,0.11,0.11,0.07,0.02,0.10,0.07,0.10,Matches,N/A,N/A,N/A,N/A,N/A,N/A,N/A,N/A,N/A,N/A,N/A,N/A,N/A,N/A,N/A,N/A,N/A,N/A,N/A,N/A,N/A,N/A,N/A,N/A,N/A,N/A,N/A,N/A,N/A,N/A,N/A,N/A,N/A,N/A,N/A,N/A,N/A,22,5,22.7,1.20,0.27,0.09,0.40,17.4,0.06,+0.7,+0.7,15392,3700,450,90.7,425,459,92.6,47,63,74.6,1.0,-0.4,10,109,13,2,1036,38,4,2,4,2,0,0,0,2,19,45,2.46,36,0,1,1,2,3,0.16,3,0,0,0,0,0,40,22,19,17,4,19,47.5,21,17,40,80,38,1,1302,76,24,9,47.4,8,42.1,764,5,19,20,848,63,48.1,75,7,5,15,1,1.04,26,26,0,0.00,+0.05,30.1,26.4,+3.7,+0.20,+0.62,0,34,0,0,121,36,54.5
Daniel Bentley,Wolves,eng ENG,GK,31,1993,2,2,180.0,2.0,0,0,0,0,0,0,0,0,0.0,0.0,0.0,0.0,0,0,0,0.00,0.00,0.00,0.00,0.00,0.00,0.00,0.00,0.00,0.00,Matches,4,2.00,12,8,66.7,1,0,1,1,50.0,0,0,0,N/A,1,0,0,3.9,0.33,-0.1,-0.04,7,21,33.3,52,6,25.0,28.1,13,61.5,46.4,25,0,0.0,3,1.50,16.4,0,0,N/A,0.00,0.00,N/A,N/A,N/A,N/A,0.0,0.0,1252,851,6,100.0,33,33,100.0,10,26,38.5,0.0,0.0,0,1,0,0,45,20,0,0,0,0,0,0,0,0,0,0,0.00,0,0,0,0,0,0,0.00,0,0,0,0,0,0,0,0,0,0,0,0,N/A,0,0,0,0,1,0,69,50,0,0,N/A,0,N/A,39,0,0,0,26,90,5.3,90,2,0,N/A,16,1.50,3,4,-1,-0.50,-0.11,1.6,3.0,-1.4,-0.69,-0.32,0,0,0,0,4,2,100.0
Sander Berge,Fulham,no NOR,MF,26,1998,31,26,2224.0,24.7,0,0,0,0,0,0,6,0,0.4,0.4,0.6,1.0,29,124,9,0.00,0.00,0.00,0.00,0.00,0.01,0.03,0.04,0.01,0.04,Matches,N/A,N/A,N/A,N/A,N/A,N/A,N/A,N/A,N/A,N/A,N/A,N/A,N/A,N/A,N/A,N/A,N/A,N/A,N/A,N/A,N/A,N/A,N/A,N/A,N/A,N/A,N/A,N/A,N/A,N/A,N/A,N/A,N/A,N/A,N/A,N/A,N/A,3,1,33.3,0.12,0.04,0.00,0.00,8.7,0.12,-0.4,-0.4,19377,4626,452,92.1,526,557,94.4,96,115,83.5,0.6,-0.6,18,116,5,0,1152,41,3,7,3,1,0,0,0,0,8,48,1.94,43,1,1,0,2,2,0.08,2,0,0,0,0,0,50,30,23,23,4,27,69.2,12,19,21,71,38,1,1384,81,14,11,55.0,6,30.0,804,2,15,16,892,72,65.0,81,16,5,23,0,1.48,33,35,-2,-0.08,-0.23,29.9,30.2,-0.3,-0.01,-0.18,0,31,0,0,126,28,56.0
Lucas Bergvall,Tottenham,se SWE,MF,18,2006,27,11,1212.0,13.5,0,1,1,0,0,0,3,0,0.7,0.7,0.6,1.3,33,49,31,0.00,0.07,0.07,0.00,0.07,0.05,0.04,0.09,0.05,0.09,Matches,N/A,N/A,N/A,N/A,N/A,N/A,N/A,N/A,N/A,N/A,N/A,N/A,N/A,N/A,N/A,N/A,N/A,N/A,N/A,N/A,N/A,N/A,N/A,N/A,N/A,N/A,N/A,N/A,N/A,N/A,N/A,N/A,N/A,N/A,N/A,N/A,N/A,12,2,16.7,0.89,0.15,0.00,0.00,19.9,0.06,-0.7,-0.7,10567,2202,295,91.9,264,294,89.8,53,71,74.6,0.8,+0.4,11,53,7,3,675,44,0,8,21,10,5,2,0,1,11,22,1.63,16,4,0,0,0,4,0.30,3,0,0,1,0,0,39,19,14,20,5,17,53.1,15,10,24,63,22,3,885,36,22,21,46.7,20,44.4,531,4,20,19,586,45,35.4,81,6,16,20,7,1.11,29,25,+4,+0.30,+0.50,20.9,24.4,-3.5,-0.26,-0.22,0,20,0,0,73,9,52.9
Victor Bernth Kristiansen,Leicester City,dk DEN,DF,21,2002,30,29,2482.0,27.6,0,1,1,0,0,0,1,0,0.3,0.3,1.4,1.7,40,70,78,0.00,0.04,0.04,0.00,0.04,0.01,0.05,0.06,0.01,0.06,Matches,N/A,N/A,N/A,N/A,N/A,N/A,N/A,N/A,N/A,N/A,N/A,N/A,N/A,N/A,N/A,N/A,N/A,N/A,N/A,N/A,N/A,N/A,N/A,N/A,N/A,N/A,N/A,N/A,N/A,N/A,N/A,N/A,N/A,N/A,N/A,N/A,N/A,3,0,0.0,0.11,0.00,0.00,N/A,17.7,0.11,-0.3,-0.3,16420,5859,519,89.3,418,524,79.8,65,157,41.4,1.7,-0.4,18,76,23,18,1067,246,1,2,97,189,14,2,0,8,24,42,1.52,33,6,1,2,0,3,0.11,3,0,0,0,0,0,87,51,56,26,5,49,53.8,42,23,42,129,75,3,1614,115,17,8,44.4,9,50.0,816,5,15,13,887,83,72.6,85,20,1,14,5,0.60,19,62,-43,-1.56,-1.18,20.6,53.4,-32.8,-1.19,-0.57,0,19,0,1,99,22,34.4
Beto,Everton,gw GNB,FW,26,1998,30,15,1534.0,17.0,8,0,8,8,0,0,2,0,8.2,8.2,1.2,9.4,15,16,77,0.47,0.00,0.47,0.47,0.47,0.48,0.07,0.55,0.48,0.55,Matches,N/A,N/A,N/A,N/A,N/A,N/A,N/A,N/A,N/A,N/A,N/A,N/A,N/A,N/A,N/A,N/A,N/A,N/A,N/A,N/A,N/A,N/A,N/A,N/A,N/A,N/A,N/A,N/A,N/A,N/A,N/A,N/A,N/A,N/A,N/A,N/A,N/A,49,23,46.9,2.87,1.35,0.16,0.35,13.1,0.17,-0.2,-0.2,2060,282,92,67.2,44,83,53.0,7,9,77.8,0.5,-1.2,12,7,8,1,264,4,1,2,4,0,0,0,0,0,13,26,1.52,16,0,3,4,0,1,0.06,1,0,0,0,0,0,14,6,2,8,4,5,62.5,3,10,4,18,24,1,520,29,86,19,50.0,17,44.7,267,9,71,37,378,51,44.9,82,6,15,20,8,1.07,23,24,-1,-0.06,-0.01,21.3,18.6,+2.7,+0.16,+0.50,0,33,0,0,40,99,48.5
Philip Billing,Bournemouth,dk DEN,MF,28,1996,10,1,184.0,2.0,0,0,0,0,0,0,1,0,0.6,0.6,1.1,1.7,3,15,13,0.00,0.00,0.00,0.00,0.00,0.28,0.54,0.82,0.28,0.82,Matches,N/A,N/A,N/A,N/A,N/A,N/A,N/A,N/A,N/A,N/A,N/A,N/A,N/A,N/A,N/A,N/A,N/A,N/A,N/A,N/A,N/A,N/A,N/A,N/A,N/A,N/A,N/A,N/A,N/A,N/A,N/A,N/A,N/A,N/A,N/A,N/A,N/A,5,1,20.0,2.45,0.49,0.00,0.00,17.9,0.11,-0.6,-0.6,1023,400,43,84.3,19,27,70.4,4,15,26.7,1.0,-1.1,9,9,7,2,91,10,1,1,10,1,2,2,1,1,2,16,7.83,13,0,0,0,2,0,0.00,0,0,0,0,0,0,14,5,7,6,1,3,75.0,1,3,5,19,2,0,148,5,12,1,33.3,0,0.0,58,1,7,4,75,18,5.4,72,0,9,12,3,1.90,5,4,+1,+0.49,+0.18,5.4,3.3,+2.2,+1.05,+0.68,0,3,0,0,14,6,60.0
Yves Bissouma,Tottenham,ml MLI,MF,27,1996,28,16,1408.0,15.6,2,0,2,2,0,0,7,0,0.6,0.6,0.3,0.9,15,75,3,0.13,0.00,0.13,0.13,0.13,0.04,0.02,0.06,0.04,0.06,Matches,N/A,N/A,N/A,N/A,N/A,N/A,N/A,N/A,N/A,N/A,N/A,N/A,N/A,N/A,N/A,N/A,N/A,N/A,N/A,N/A,N/A,N/A,N/A,N/A,N/A,N/A,N/A,N/A,N/A,N/A,N/A,N/A,N/A,N/A,N/A,N/A,N/A,11,4,36.4,0.70,0.26,0.18,0.50,23.4,0.06,+1.4,+1.4,11376,2858,413,92.2,278,300,92.7,36,60,60.0,0.6,-0.3,6,61,10,1,807,42,2,2,2,1,0,0,0,3,10,16,1.02,15,0,0,0,1,0,0.00,0,0,0,0,0,0,49,31,20,25,4,19,55.9,15,5,18,67,40,4,1039,71,5,7,31.8,15,68.2,610,0,25,15,704,50,41.2,72,4,12,21,6,1.11,28,28,0,0.00,+0.04,22.0,27.5,-5.5,-0.35,-0.40,0,28,0,2,85,7,50.0
Lamare Bogarde,Aston Villa,nl NED,"DF,MF",20,2004,8,5,476.0,5.3,0,0,0,0,0,0,2,0,0.0,0.0,0.1,0.2,12,14,9,0.00,0.00,0.00,0.00,0.00,0.01,0.02,0.03,0.01,0.03,Matches,N/A,N/A,N/A,N/A,N/A,N/A,N/A,N/A,N/A,N/A,N/A,N/A,N/A,N/A,N/A,N/A,N/A,N/A,N/A,N/A,N/A,N/A,N/A,N/A,N/A,N/A,N/A,N/A,N/A,N/A,N/A,N/A,N/A,N/A,N/A,N/A,N/A,1,1,100.0,0.19,0.19,0.00,0.00,20.2,0.04,0.0,0.0,3682,1154,129,92.8,107,116,92.2,3,9,33.3,0.1,-0.1,2,24,1,0,239,31,0,0,0,17,0,0,0,2,1,10,1.89,8,1,0,0,1,1,0.19,1,0,0,0,0,0,14,6,6,6,2,10,62.5,6,2,1,15,13,0,325,16,4,2,50.0,1,25.0,173,1,6,8,212,60,13.9,77,2,3,30,14,1.50,10,11,-1,-0.19,-0.43,7.5,9.3,-1.8,-0.34,-0.58,0,8,0,0,13,6,50.0
Willy Boly,Nott'ham Forest,ci CIV,DF,33,1991,6,1,150.0,1.7,0,0,0,0,0,0,1,0,0.1,0.1,0.0,0.1,0,2,0,0.00,0.00,0.00,0.00,0.00,0.04,0.00,0.04,0.04,0.04,Matches,N/A,N/A,N/A,N/A,N/A,N/A,N/A,N/A,N/A,N/A,N/A,N/A,N/A,N/A,N/A,N/A,N/A,N/A,N/A,N/A,N/A,N/A,N/A,N/A,N/A,N/A,N/A,N/A,N/A,N/A,N/A,N/A,N/A,N/A,N/A,N/A,N/A,1,1,100.0,0.60,0.60,0.00,0.00,10.2,0.07,-0.1,-0.1,1010,477,20,90.9,30,32,93.8,4,15,26.7,0.0,0.0,0,3,0,0,69,1,0,0,0,0,0,0,0,0,0,0,0.00,0,0,0,0,0,0,0.00,0,0,0,0,0,0,6,1,5,1,0,4,100.0,0,2,3,9,12,0,97,22,1,0,N/A,0,N/A,35,0,1,0,46,25,4.4,90,1,5,12,23,2.17,3,1,+2,+1.20,+0.92,2.6,2.7,0.0,-0.03,+0.07,0,1,0,0,5,6,75.0
Sven Botman,Newcastle Utd,nl NED,DF,24,2000,8,6,412.0,4.6,0,0,0,0,0,0,1,0,0.5,0.5,0.5,1.1,0,7,0,0.00,0.00,0.00,0.00,0.00,0.12,0.12,0.24,0.12,0.24,Matches,N/A,N/A,N/A,N/A,N/A,N/A,N/A,N/A,N/A,N/A,N/A,N/A,N/A,N/A,N/A,N/A,N/A,N/A,N/A,N/A,N/A,N/A,N/A,N/A,N/A,N/A,N/A,N/A,N/A,N/A,N/A,N/A,N/A,N/A,N/A,N/A,N/A,5,2,40.0,1.09,0.44,0.00,0.00,7.1,0.12,-0.5,-0.5,3768,1437,93,86.9,103,107,96.3,15,21,71.4,0.2,-0.5,2,13,0,0,238,8,1,2,0,1,0,0,0,0,0,4,0.87,1,0,0,0,0,0,0.00,0,0,0,0,0,0,12,9,6,5,1,7,77.8,2,1,5,17,25,1,304,40,11,1,33.3,1,33.3,145,0,5,1,197,52,12.0,67,1,2,5,2,1.63,7,4,+3,+0.66,+0.12,8.0,4.8,+3.2,+0.71,+0.26,0,5,0,0,14,17,65.4
Jarrod Bowen,West Ham,eng ENG,"FW,MF",27,1996,34,34,2973.0,33.0,13,8,21,12,1,1,1,0,8.6,7.8,6.8,14.7,109,91,212,0.39,0.24,0.64,0.36,0.61,0.26,0.21,0.47,0.24,0.44,Matches,N/A,N/A,N/A,N/A,N/A,N/A,N/A,N/A,N/A,N/A,N/A,N/A,N/A,N/A,N/A,N/A,N/A,N/A,N/A,N/A,N/A,N/A,N/A,N/A,N/A,N/A,N/A,N/A,N/A,N/A,N/A,N/A,N/A,N/A,N/A,N/A,N/A,86,36,41.9,2.60,1.09,0.14,0.33,17.4,0.09,+4.4,+4.2,9476,2687,326,84.0,187,250,74.8,54,94,57.4,6.5,+1.2,51,41,46,8,722,87,7,4,106,3,28,15,0,6,44,113,3.42,70,13,6,9,2,15,0.45,11,2,1,1,0,0,41,26,13,12,16,19,47.5,21,18,16,57,25,0,1252,28,171,44,33.8,76,58.5,741,61,70,77,834,87,86.9,87,27,0,N/A,0,1.15,41,50,-9,-0.27,+1.14,41.4,50.6,-9.2,-0.28,+0.44,0,20,0,0,129,12,20.0
Conor Bradley,Liverpool,nir NIR,DF,21,2003,19,7,754.0,8.4,0,2,2,0,0,0,4,0,0.7,0.7,1.4,2.1,35,33,39,0.00,0.24,0.24,0.00,0.24,0.08,0.17,0.25,0.08,0.25,Matches,N/A,N/A,N/A,N/A,N/A,N/A,N/A,N/A,N/A,N/A,N/A,N/A,N/A,N/A,N/A,N/A,N/A,N/A,N/A,N/A,N/A,N/A,N/A,N/A,N/A,N/A,N/A,N/A,N/A,N/A,N/A,N/A,N/A,N/A,N/A,N/A,N/A,10,3,30.0,1.19,0.36,0.00,0.00,14.2,0.07,-0.7,-0.7,6875,1711,261,91.3,175,198,88.4,12,36,33.3,1.4,+0.6,7,26,3,1,471,71,0,2,7,58,0,0,0,2,12,19,2.27,13,0,5,1,0,4,0.48,3,0,1,0,0,0,14,10,7,5,2,11,50.0,11,7,4,18,31,0,663,32,43,10,40.0,12,48.0,369,9,13,5,411,40,22.0,68,1,12,23,6,1.84,13,10,+3,+0.36,-1.06,17.2,12.4,+4.8,+0.58,-0.73,0,12,0,0,51,11,61.1
Jarrad Branthwaite,Everton,eng ENG,DF,22,2002,30,28,2511.0,27.9,0,1,1,0,0,0,4,0,1.2,1.2,0.7,1.9,10,66,2,0.00,0.04,0.04,0.00,0.04,0.04,0.02,0.07,0.04,0.07,Matches,N/A,N/A,N/A,N/A,N/A,N/A,N/A,N/A,N/A,N/A,N/A,N/A,N/A,N/A,N/A,N/A,N/A,N/A,N/A,N/A,N/A,N/A,N/A,N/A,N/A,N/A,N/A,N/A,N/A,N/A,N/A,N/A,N/A,N/A,N/A,N/A,N/A,10,3,30.0,0.36,0.11,0.00,0.00,8.2,0.12,-1.2,-1.2,19285,7699,368,90.0,488,539,90.5,121,218,55.5,0.6,+0.3,3,86,3,0,1141,51,1,17,5,3,0,0,0,6,7,13,0.47,11,1,0,1,0,2,0.07,1,1,0,0,0,0,36,20,26,10,0,20,71.4,8,8,27,63,191,4,1520,211,28,3,50.0,2,33.3,747,2,8,4,894,84,73.4,89,27,2,4,0,1.33,34,28,+6,+0.22,+1.01,31.1,30.0,+1.1,+0.04,+0.59,0,12,0,0,93,61,59.2
James Bree,Southampton,eng ENG,DF,26,1997,17,13,1075.0,11.9,0,1,1,0,0,0,0,0,0.1,0.1,0.9,1.0,13,34,43,0.00,0.08,0.08,0.00,0.08,0.01,0.08,0.08,0.01,0.08,Matches,N/A,N/A,N/A,N/A,N/A,N/A,N/A,N/A,N/A,N/A,N/A,N/A,N/A,N/A,N/A,N/A,N/A,N/A,N/A,N/A,N/A,N/A,N/A,N/A,N/A,N/A,N/A,N/A,N/A,N/A,N/A,N/A,N/A,N/A,N/A,N/A,N/A,4,1,25.0,0.33,0.08,0.00,0.00,22.7,0.03,-0.1,-0.1,7922,2204,243,90.3,220,253,87.0,27,52,51.9,0.7,+0.1,10,29,7,6,549,49,0,0,29,36,2,0,0,1,9,16,1.34,13,2,0,0,0,1,0.08,1,0,0,0,0,0,19,14,8,10,1,10,40.0,15,7,9,28,29,0,694,49,11,4,50.0,2,25.0,363,1,9,5,443,63,31.4,78,7,4,15,15,0.29,8,31,-23,-1.93,-0.51,9.3,31.2,-21.9,-1.83,-0.67,0,4,0,0,65,12,63.2
Ben Brereton,Southampton,cl CHI,FW,25,1999,10,4,449.0,5.0,0,0,0,0,0,0,1,0,0.9,0.9,0.1,1.0,12,9,42,0.00,0.00,0.00,0.00,0.00,0.18,0.02,0.20,0.18,0.20,Matches,N/A,N/A,N/A,N/A,N/A,N/A,N/A,N/A,N/A,N/A,N/A,N/A,N/A,N/A,N/A,N/A,N/A,N/A,N/A,N/A,N/A,N/A,N/A,N/A,N/A,N/A,N/A,N/A,N/A,N/A,N/A,N/A,N/A,N/A,N/A,N/A,N/A,11,1,9.1,2.20,0.20,0.00,0.00,17.3,0.08,-0.9,-0.9,1836,383,83,87.4,36,53,67.9,7,11,63.6,0.1,-0.1,3,9,2,1,163,2,1,0,5,1,0,0,0,1,3,9,1.80,7,0,0,2,0,0,0.00,0,0,0,0,0,0,3,2,0,2,1,1,11.1,8,1,0,3,4,0,206,4,20,1,25.0,2,50.0,136,4,9,4,171,45,13.1,78,2,6,23,4,0.20,2,10,-8,-1.60,-0.03,5.0,11.0,-6.0,-1.20,+0.20,0,4,0,0,16,9,56.3
Nathan Broadhead,Ipswich Town,wls WAL,"MF,FW",26,1998,18,7,702.0,7.8,2,0,2,2,0,0,1,0,1.7,1.7,0.7,2.4,20,14,33,0.26,0.00,0.26,0.26,0.26,0.22,0.09,0.31,0.22,0.31,Matches,N/A,N/A,N/A,N/A,N/A,N/A,N/A,N/A,N/A,N/A,N/A,N/A,N/A,N/A,N/A,N/A,N/A,N/A,N/A,N/A,N/A,N/A,N/A,N/A,N/A,N/A,N/A,N/A,N/A,N/A,N/A,N/A,N/A,N/A,N/A,N/A,N/A,13,8,61.5,1.67,1.03,0.15,0.25,15.8,0.13,+0.3,+0.3,2473,457,110,89.4,58,72,80.6,3,12,25.0,1.1,-0.7,7,12,6,0,218,10,3,1,9,2,3,0,0,0,11,22,2.82,15,0,6,0,0,2,0.26,1,0,1,0,0,0,9,4,3,6,0,3,25.0,9,7,4,13,5,0,317,7,21,17,50.0,15,44.1,174,5,19,15,222,39,20.5,74,1,11,17,7,0.44,12,12,0,0.00,+1.52,9.1,11.6,-2.5,-0.32,+0.87,0,4,0,0,32,1,9.1
Armando Broja,Everton,al ALB,FW,22,2001,10,4,334.0,3.7,0,0,0,0,0,0,1,0,0.1,0.1,0.2,0.3,12,2,26,0.00,0.00,0.00,0.00,0.00,0.03,0.05,0.08,0.03,0.08,Matches,N/A,N/A,N/A,N/A,N/A,N/A,N/A,N/A,N/A,N/A,N/A,N/A,N/A,N/A,N/A,N/A,N/A,N/A,N/A,N/A,N/A,N/A,N/A,N/A,N/A,N/A,N/A,N/A,N/A,N/A,N/A,N/A,N/A,N/A,N/A,N/A,N/A,4,0,0.0,1.08,0.00,0.00,N/A,17.3,0.03,-0.1,-0.1,594,101,35,77.8,10,12,83.3,2,3,66.7,0.1,-0.2,4,3,0,0,72,0,0,0,1,0,0,0,0,1,1,7,1.89,7,0,0,0,0,0,0.00,0,0,0,0,0,0,3,1,1,1,1,0,N/A,0,3,1,4,4,0,127,4,18,8,50.0,7,43.8,64,3,16,13,94,33,9.8,58,0,6,17,3,1.00,1,2,-1,-0.27,-0.24,3.1,3.8,-0.7,-0.19,-0.08,0,6,0,0,9,18,46.2
David Brooks,Bournemouth,wls WAL,"FW,MF",27,1997,29,9,960.0,10.7,2,0,2,2,0,0,3,0,2.5,2.5,1.9,4.4,35,35,83,0.19,0.00,0.19,0.19,0.19,0.24,0.18,0.41,0.24,0.41,Matches,N/A,N/A,N/A,N/A,N/A,N/A,N/A,N/A,N/A,N/A,N/A,N/A,N/A,N/A,N/A,N/A,N/A,N/A,N/A,N/A,N/A,N/A,N/A,N/A,N/A,N/A,N/A,N/A,N/A,N/A,N/A,N/A,N/A,N/A,N/A,N/A,N/A,25,12,48.0,2.34,1.13,0.08,0.17,16.3,0.10,-0.5,-0.5,4795,1429,176,85.9,101,130,77.7,24,47,51.1,2.0,-1.9,20,22,18,6,366,44,3,0,52,10,7,4,0,1,14,46,4.31,36,6,2,0,0,2,0.19,1,0,0,1,0,0,14,6,2,8,4,2,12.5,14,16,5,19,9,1,545,15,39,11,32.4,20,58.8,342,10,30,14,375,33,28.1,67,0,20,18,7,1.41,23,12,+11,+1.03,+0.99,20.7,14.7,+5.9,+0.56,+0.21,0,11,0,0,50,7,41.2
Emi Buendía,Aston Villa,ar ARG,"MF,FW",27,1996,12,0,98.0,1.1,0,0,0,0,0,0,1,0,0.7,0.7,0.0,0.7,3,7,6,0.00,0.00,0.00,0.00,0.00,0.60,0.02,0.62,0.60,0.62,Matches,N/A,N/A,N/A,N/A,N/A,N/A,N/A,N/A,N/A,N/A,N/A,N/A,N/A,N/A,N/A,N/A,N/A,N/A,N/A,N/A,N/A,N/A,N/A,N/A,N/A,N/A,N/A,N/A,N/A,N/A,N/A,N/A,N/A,N/A,N/A,N/A,N/A,5,0,0.0,4.59,0.00,0.00,N/A,19.1,0.13,-0.7,-0.7,624,166,33,91.7,12,14,85.7,1,5,20.0,0.0,0.0,1,4,1,0,59,1,1,0,0,0,0,0,0,0,0,3,2.76,2,0,0,0,0,0,0.00,0,0,0,0,0,0,6,6,3,2,1,0,0.0,5,4,0,6,2,0,82,0,3,0,0.0,2,100.0,53,0,4,3,64,8,2.9,N/A,0,12,8,11,2.00,1,2,-1,-0.92,-1.14,1.9,2.0,-0.1,-0.08,-0.24,0,4,0,0,8,0,0.0
Santiago Bueno,Wolves,uy URU,DF,25,1998,29,18,1687.0,18.7,0,0,0,0,0,0,2,0,0.4,0.4,0.0,0.4,1,28,1,0.00,0.00,0.00,0.00,0.00,0.02,0.00,0.02,0.02,0.02,Matches,N/A,N/A,N/A,N/A,N/A,N/A,N/A,N/A,N/A,N/A,N/A,N/A,N/A,N/A,N/A,N/A,N/A,N/A,N/A,N/A,N/A,N/A,N/A,N/A,N/A,N/A,N/A,N/A,N/A,N/A,N/A,N/A,N/A,N/A,N/A,N/A,N/A,6,3,50.0,0.32,0.16,0.00,0.00,14.0,0.07,-0.4,-0.4,13598,4177,260,92.5,417,444,93.9,51,91,56.0,0.1,0.0,0,24,2,0,807,34,1,3,0,4,0,0,0,1,9,12,0.64,10,1,0,0,1,4,0.21,3,0,0,0,0,1,41,21,22,18,1,17,77.3,5,15,15,56,70,0,1025,170,6,0,0.0,4,100.0,555,0,2,2,660,58,49.3,87,14,11,12,8,1.31,26,34,-8,-0.43,-0.06,22.5,29.2,-6.6,-0.35,+0.05,0,26,0,0,43,35,53.0
Facundo Buonanotte,Leicester City,ar ARG,"FW,MF",19,2004,31,14,1523.0,16.9,5,2,7,5,0,0,8,0,3.9,3.9,3.1,7.0,39,54,74,0.30,0.12,0.41,0.30,0.41,0.23,0.18,0.41,0.23,0.41,Matches,N/A,N/A,N/A,N/A,N/A,N/A,N/A,N/A,N/A,N/A,N/A,N/A,N/A,N/A,N/A,N/A,N/A,N/A,N/A,N/A,N/A,N/A,N/A,N/A,N/A,N/A,N/A,N/A,N/A,N/A,N/A,N/A,N/A,N/A,N/A,N/A,N/A,36,12,33.3,2.13,0.71,0.14,0.42,17.6,0.11,+1.1,+1.1,6930,1757,236,85.5,150,182,82.4,35,74,47.3,2.3,-1.1,24,41,13,2,501,67,7,4,43,10,19,1,0,4,9,51,3.01,27,11,9,3,0,5,0.30,1,2,2,0,0,0,53,32,17,22,14,21,31.3,46,28,12,65,14,0,874,26,39,28,33.7,49,59.0,479,9,58,39,528,49,44.5,80,6,17,24,3,0.52,17,33,-16,-0.95,+0.53,16.8,28.6,-11.8,-0.70,+0.60,0,37,0,0,79,18,33.3
Cameron Burgess,Ipswich Town,au AUS,DF,28,1995,18,16,1541.0,17.1,0,2,2,0,0,0,0,0,1.1,1.1,0.5,1.6,2,42,4,0.00,0.12,0.12,0.00,0.12,0.06,0.03,0.09,0.06,0.09,Matches,N/A,N/A,N/A,N/A,N/A,N/A,N/A,N/A,N/A,N/A,N/A,N/A,N/A,N/A,N/A,N/A,N/A,N/A,N/A,N/A,N/A,N/A,N/A,N/A,N/A,N/A,N/A,N/A,N/A,N/A,N/A,N/A,N/A,N/A,N/A,N/A,N/A,10,2,20.0,0.58,0.12,0.00,0.00,9.6,0.11,-1.1,-1.1,11461,5485,259,90.9,295,340,86.8,64,127,50.4,0.4,+1.5,7,47,4,0,710,60,1,1,0,0,0,0,0,4,7,14,0.82,14,0,0,0,0,3,0.18,3,0,0,0,0,0,17,12,14,3,0,9,81.8,2,5,14,31,128,3,982,248,24,0,N/A,0,N/A,430,0,3,0,573,86,45.1,90,16,2,51,5,0.72,19,37,-18,-1.05,+0.29,16.2,33.9,-17.7,-1.03,-0.05,0,6,0,0,44,44,66.7
Dan Burn,Newcastle Utd,eng ENG,DF,32,1992,37,37,3330.0,37.0,1,1,2,1,0,0,11,0,2.0,2.0,0.9,2.8,12,75,14,0.03,0.03,0.05,0.03,0.05,0.05,0.02,0.08,0.05,0.08,Matches,N/A,N/A,N/A,N/A,N/A,N/A,N/A,N/A,N/A,N/A,N/A,N/A,N/A,N/A,N/A,N/A,N/A,N/A,N/A,N/A,N/A,N/A,N/A,N/A,N/A,N/A,N/A,N/A,N/A,N/A,N/A,N/A,N/A,N/A,N/A,N/A,N/A,23,7,30.4,0.62,0.19,0.04,0.14,9.7,0.09,-1.0,-1.0,32347,11375,621,89.7,1029,1088,94.6,110,181,60.8,1.1,+0.1,9,50,9,0,1968,37,0,12,3,8,0,0,0,1,16,27,0.73,21,1,0,1,0,4,0.11,3,1,0,0,0,0,39,24,22,15,2,20,55.6,16,10,27,66,197,4,2386,366,52,3,75.0,1,25.0,1346,1,24,3,1615,90,97.4,90,37,0,N/A,0,1.78,68,45,+23,+0.62,+2.62,62.1,44.7,+17.5,+0.47,-0.30,0,34,0,0,103,146,66.1
Wes Burns,Ipswich Town,wls WAL,"FW,DF",29,1994,18,12,926.0,10.3,0,1,1,0,0,0,1,0,0.5,0.5,1.6,2.2,38,8,65,0.00,0.10,0.10,0.00,0.10,0.05,0.16,0.21,0.05,0.21,Matches,N/A,N/A,N/A,N/A,N/A,N/A,N/A,N/A,N/A,N/A,N/A,N/A,N/A,N/A,N/A,N/A,N/A,N/A,N/A,N/A,N/A,N/A,N/A,N/A,N/A,N/A,N/A,N/A,N/A,N/A,N/A,N/A,N/A,N/A,N/A,N/A,N/A,7,1,14.3,0.68,0.10,0.00,0.00,18.3,0.07,-0.5,-0.5,2416,597,82,80.4,51,78,65.4,14,36,38.9,1.2,-0.6,10,8,8,7,244,9,0,1,46,8,0,0,0,0,24,16,1.55,12,0,1,2,0,1,0.10,1,0,0,0,0,0,13,11,1,9,3,4,40.0,6,5,10,23,13,2,350,21,18,9,37.5,14,58.3,216,10,17,13,220,51,27.1,67,0,6,20,3,0.67,7,23,-16,-1.56,-0.47,9.6,23.2,-13.6,-1.32,-0.43,0,4,0,0,50,8,27.6
Moisés Caicedo,Chelsea,ec ECU,"MF,DF",22,2001,38,38,3351.0,37.2,1,2,3,1,0,0,11,0,0.8,0.8,3.0,3.8,43,215,37,0.03,0.05,0.08,0.03,0.08,0.02,0.08,0.10,0.02,0.10,Matches,N/A,N/A,N/A,N/A,N/A,N/A,N/A,N/A,N/A,N/A,N/A,N/A,N/A,N/A,N/A,N/A,N/A,N/A,N/A,N/A,N/A,N/A,N/A,N/A,N/A,N/A,N/A,N/A,N/A,N/A,N/A,N/A,N/A,N/A,N/A,N/A,N/A,20,3,15.0,0.54,0.08,0.05,0.33,25.3,0.04,+0.2,+0.2,33834,8949,893,92.6,878,951,92.3,159,208,76.4,2.8,-1.0,30,235,34,2,2116,74,12,13,10,27,0,0,0,4,20,98,2.63,86,0,2,3,7,9,0.24,6,0,0,0,2,1,114,73,44,54,16,54,62.8,32,39,49,163,60,1,2579,95,15,29,45.3,22,34.4,1409,2,37,25,1780,88,98.0,88,33,0,N/A,0,1.82,62,42,+20,+0.54,-0.77,66.9,45.3,+21.6,+0.58,+1.98,0,70,2,1,229,35,68.6
Tom Cairney,Fulham,sct SCO,MF,33,1991,25,3,628.0,7.0,2,0,2,2,0,0,3,1,0.8,0.8,1.1,1.8,18,53,33,0.29,0.00,0.29,0.29,0.29,0.11,0.15,0.26,0.11,0.26,Matches,N/A,N/A,N/A,N/A,N/A,N/A,N/A,N/A,N/A,N/A,N/A,N/A,N/A,N/A,N/A,N/A,N/A,N/A,N/A,N/A,N/A,N/A,N/A,N/A,N/A,N/A,N/A,N/A,N/A,N/A,N/A,N/A,N/A,N/A,N/A,N/A,N/A,11,4,36.4,1.58,0.57,0.18,0.50,20.4,0.07,+1.2,+1.2,9151,1910,316,94.0,206,223,92.4,42,54,77.8,1.2,-1.1,11,53,7,3,602,25,0,2,20,1,3,3,0,0,8,33,4.71,28,2,0,1,0,3,0.43,3,0,0,0,0,0,13,5,5,2,6,4,57.1,3,6,4,17,3,1,683,12,18,5,38.5,4,30.8,456,4,6,4,553,25,18.4,70,0,22,19,10,1.20,15,12,+3,+0.43,+0.53,10.3,9.7,+0.6,+0.09,+0.05,0,8,0,0,52,5,35.7
Jens Cajuste,Ipswich Town,se SWE,MF,24,1999,30,25,1959.0,21.8,1,1,2,1,0,0,2,0,0.7,0.7,0.8,1.5,26,59,20,0.05,0.05,0.09,0.05,0.09,0.03,0.04,0.07,0.03,0.07,Matches,N/A,N/A,N/A,N/A,N/A,N/A,N/A,N/A,N/A,N/A,N/A,N/A,N/A,N/A,N/A,N/A,N/A,N/A,N/A,N/A,N/A,N/A,N/A,N/A,N/A,N/A,N/A,N/A,N/A,N/A,N/A,N/A,N/A,N/A,N/A,N/A,N/A,12,1,8.3,0.55,0.05,0.08,1.00,19.7,0.05,+0.3,+0.3,10596,2229,301,89.1,300,352,85.2,31,61,50.8,0.7,+0.2,13,51,6,1,719,64,1,5,10,41,0,0,0,0,12,36,1.65,28,2,4,1,1,2,0.09,1,0,1,0,0,0,44,22,19,23,2,21,42.9,28,15,28,72,33,2,1017,61,15,28,52.8,19,35.8,481,3,23,17,594,65,57.3,76,3,5,14,3,0.67,24,46,-22,-1.01,+0.47,23.3,43.1,-19.8,-0.91,+0.24,0,24,0,0,107,13,37.1
Riccardo Calafiori,Arsenal,it ITA,DF,22,2002,19,11,983.0,10.9,2,1,3,2,0,0,4,0,0.9,0.9,0.3,1.1,22,54,29,0.18,0.09,0.27,0.18,0.27,0.08,0.03,0.11,0.08,0.11,Matches,N/A,N/A,N/A,N/A,N/A,N/A,N/A,N/A,N/A,N/A,N/A,N/A,N/A,N/A,N/A,N/A,N/A,N/A,N/A,N/A,N/A,N/A,N/A,N/A,N/A,N/A,N/A,N/A,N/A,N/A,N/A,N/A,N/A,N/A,N/A,N/A,N/A,10,6,60.0,0.92,0.55,0.20,0.33,14.1,0.09,+1.1,+1.1,6903,1705,280,91.5,163,188,86.7,19,28,67.9,0.7,+0.7,6,41,9,1,483,65,0,2,11,58,0,0,0,1,11,13,1.19,11,0,1,0,0,2,0.18,2,0,0,0,0,0,27,19,15,10,2,18,62.1,11,6,9,36,25,0,653,30,30,9,69.2,3,23.1,308,3,12,5,394,52,28.7,72,3,8,25,3,2.05,27,12,+15,+1.37,+0.63,20.6,10.4,+10.2,+0.93,+0.37,0,16,0,0,35,22,61.1
Dominic Calvert-Lewin,Everton,eng ENG,FW,27,1997,26,19,1609.0,17.9,3,1,4,3,0,0,2,0,6.7,6.7,0.6,7.4,23,20,112,0.17,0.06,0.22,0.17,0.22,0.38,0.04,0.41,0.38,0.41,Matches,N/A,N/A,N/A,N/A,N/A,N/A,N/A,N/A,N/A,N/A,N/A,N/A,N/A,N/A,N/A,N/A,N/A,N/A,N/A,N/A,N/A,N/A,N/A,N/A,N/A,N/A,N/A,N/A,N/A,N/A,N/A,N/A,N/A,N/A,N/A,N/A,N/A,50,19,38.0,2.80,1.06,0.06,0.16,12.3,0.14,-3.7,-3.7,2113,498,130,69.5,37,63,58.7,3,8,37.5,0.7,+0.4,7,20,5,1,287,2,0,1,6,1,0,0,0,0,12,26,1.46,14,0,4,3,2,4,0.22,1,0,2,0,1,0,9,7,1,4,4,2,33.3,4,5,7,16,23,0,520,26,88,10,40.0,13,52.0,280,17,77,33,417,62,47.0,77,8,7,20,0,1.27,17,18,-1,-0.06,-0.01,18.1,25.1,-7.0,-0.39,-0.51,0,27,0,0,35,85,51.2
Diego Carlos,Aston Villa,br BRA,DF,31,1993,10,8,830.0,9.2,0,0,0,0,0,0,1,0,0.6,0.6,0.0,0.6,3,34,0,0.00,0.00,0.00,0.00,0.00,0.07,0.00,0.07,0.07,0.07,Matches,N/A,N/A,N/A,N/A,N/A,N/A,N/A,N/A,N/A,N/A,N/A,N/A,N/A,N/A,N/A,N/A,N/A,N/A,N/A,N/A,N/A,N/A,N/A,N/A,N/A,N/A,N/A,N/A,N/A,N/A,N/A,N/A,N/A,N/A,N/A,N/A,N/A,4,1,25.0,0.43,0.11,0.00,0.00,6.7,0.16,-0.6,-0.6,10941,4103,138,91.4,341,362,94.2,54,83,65.1,0.1,0.0,0,23,1,0,575,25,0,6,0,0,0,0,0,3,0,4,0.43,3,0,0,0,0,0,0.00,0,0,0,0,0,0,8,3,6,1,1,4,66.7,2,6,5,13,36,2,674,86,6,2,100.0,0,0.0,419,0,1,2,481,83,24.3,90,8,2,55,7,1.30,14,15,-1,-0.11,-0.39,13.8,11.8,+2.0,+0.22,+0.08,0,11,0,0,36,11,52.4
Fabio Carvalho,Brentford,pt POR,"FW,MF",21,2002,19,3,455.0,5.1,2,1,3,2,0,0,1,0,2.5,2.5,0.7,3.2,9,17,23,0.40,0.20,0.59,0.40,0.59,0.49,0.13,0.62,0.49,0.62,Matches,N/A,N/A,N/A,N/A,N/A,N/A,N/A,N/A,N/A,N/A,N/A,N/A,N/A,N/A,N/A,N/A,N/A,N/A,N/A,N/A,N/A,N/A,N/A,N/A,N/A,N/A,N/A,N/A,N/A,N/A,N/A,N/A,N/A,N/A,N/A,N/A,N/A,12,5,41.7,2.37,0.99,0.17,0.40,14.7,0.21,-0.5,-0.5,1755,442,78,83.0,32,45,71.1,7,18,38.9,0.6,+0.3,4,11,5,1,163,14,2,0,10,1,3,0,0,1,7,10,1.97,7,0,1,0,0,1,0.20,1,0,0,0,0,0,13,9,4,4,5,6,46.2,7,5,3,16,2,0,247,4,22,2,14.3,10,71.4,137,0,13,8,145,24,13.3,81,0,16,13,6,1.47,9,14,-5,-0.99,-1.41,6.5,11.2,-4.7,-0.92,-1.17,0,5,0,0,30,2,25.0
Casemiro,Manchester Utd,br BRA,MF,32,1992,24,18,1494.0,16.6,1,0,1,1,0,0,5,0,1.9,1.9,2.3,4.2,4,84,28,0.06,0.00,0.06,0.06,0.06,0.11,0.14,0.25,0.11,0.25,Matches,N/A,N/A,N/A,N/A,N/A,N/A,N/A,N/A,N/A,N/A,N/A,N/A,N/A,N/A,N/A,N/A,N/A,N/A,N/A,N/A,N/A,N/A,N/A,N/A,N/A,N/A,N/A,N/A,N/A,N/A,N/A,N/A,N/A,N/A,N/A,N/A,N/A,32,10,31.3,1.93,0.60,0.03,0.10,19.5,0.06,-0.9,-0.9,13010,4069,369,86.8,313,374,83.7,69,113,61.1,2.0,-2.3,22,81,23,6,963,19,9,9,20,2,0,0,0,8,22,53,3.19,49,1,0,0,0,4,0.24,4,0,0,0,0,0,83,50,50,23,10,45,60.8,29,29,14,97,51,3,1250,75,43,3,50.0,3,50.0,660,0,12,10,800,62,43.7,76,7,6,22,14,1.29,18,20,-2,-0.12,+0.25,22.9,23.0,-0.1,-0.01,+0.04,0,20,0,0,103,36,65.5
Matty Cash,Aston Villa,pl POL,DF,26,1997,27,24,2070.0,23.0,1,1,2,1,0,0,7,0,0.5,0.5,1.1,1.6,48,42,90,0.04,0.04,0.09,0.04,0.09,0.02,0.05,0.07,0.02,0.07,Matches,N/A,N/A,N/A,N/A,N/A,N/A,N/A,N/A,N/A,N/A,N/A,N/A,N/A,N/A,N/A,N/A,N/A,N/A,N/A,N/A,N/A,N/A,N/A,N/A,N/A,N/A,N/A,N/A,N/A,N/A,N/A,N/A,N/A,N/A,N/A,N/A,N/A,13,6,46.2,0.57,0.26,0.08,0.17,18.8,0.04,+0.5,+0.5,12171,3259,362,89.2,306,389,78.7,52,106,49.1,1.3,-0.1,10,39,10,5,781,162,0,1,40,139,0,0,0,2,21,25,1.09,22,1,1,0,1,4,0.17,3,0,0,0,0,1,56,32,29,21,6,31,72.1,12,14,23,79,70,2,1186,90,42,19,47.5,16,40.0,595,4,20,10,654,77,60.5,82,16,3,38,2,1.78,35,22,+13,+0.57,+0.97,31.5,28.4,+3.1,+0.13,-0.06,0,27,0,2,81,20,50.0
Timothy Castagne,Fulham,be BEL,DF,28,1995,24,17,1649.0,18.3,0,1,1,0,0,0,1,0,0.4,0.4,1.2,1.6,17,62,67,0.00,0.05,0.05,0.00,0.05,0.02,0.07,0.09,0.02,0.09,Matches,N/A,N/A,N/A,N/A,N/A,N/A,N/A,N/A,N/A,N/A,N/A,N/A,N/A,N/A,N/A,N/A,N/A,N/A,N/A,N/A,N/A,N/A,N/A,N/A,N/A,N/A,N/A,N/A,N/A,N/A,N/A,N/A,N/A,N/A,N/A,N/A,N/A,8,3,37.5,0.44,0.16,0.00,0.00,14.0,0.05,-0.4,-0.4,12441,3910,397,89.8,328,382,85.9,37,75,49.3,0.6,-0.2,9,51,5,3,813,140,0,1,37,130,0,0,0,0,26,25,1.36,21,0,1,1,0,3,0.16,2,0,0,1,0,0,46,29,28,15,3,26,57.8,19,9,22,68,83,0,1164,92,32,5,41.7,5,41.7,547,2,15,5,665,69,48.2,89,16,7,19,9,1.33,30,28,+2,+0.11,+0.21,23.4,22.2,+1.2,+0.06,+0.03,0,15,0,1,57,34,49.3
Trevoh Chalobah,Crystal Palace,eng ENG,DF,25,1999,12,12,1060.0,11.8,3,0,3,3,0,0,1,0,1.2,1.2,0.4,1.6,11,34,6,0.25,0.00,0.25,0.25,0.25,0.10,0.03,0.14,0.10,0.14,Matches,N/A,N/A,N/A,N/A,N/A,N/A,N/A,N/A,N/A,N/A,N/A,N/A,N/A,N/A,N/A,N/A,N/A,N/A,N/A,N/A,N/A,N/A,N/A,N/A,N/A,N/A,N/A,N/A,N/A,N/A,N/A,N/A,N/A,N/A,N/A,N/A,N/A,11,4,36.4,0.93,0.34,0.27,0.75,15.1,0.11,+1.8,+1.8,6831,2195,125,88.7,178,209,85.2,42,82,51.2,0.3,-0.4,4,27,2,1,426,16,1,2,7,5,0,0,0,0,7,11,0.93,10,0,1,0,0,0,0.00,0,0,0,0,0,0,20,16,7,12,1,12,52.2,11,10,19,39,57,3,594,66,14,6,60.0,2,20.0,278,1,4,7,317,88,31.0,88,9,0,N/A,2,1.42,13,13,0,0.00,0.00,16.6,15.2,+1.4,+0.12,-0.26,0,10,0,0,56,22,53.7
Trevoh Chalobah,Chelsea,eng ENG,DF,25,1999,13,11,910.0,10.1,0,1,1,0,0,0,2,0,0.8,0.8,1.2,2.0,4,37,2,0.00,0.10,0.10,0.00,0.10,0.08,0.12,0.19,0.08,0.19,Matches,N/A,N/A,N/A,N/A,N/A,N/A,N/A,N/A,N/A,N/A,N/A,N/A,N/A,N/A,N/A,N/A,N/A,N/A,N/A,N/A,N/A,N/A,N/A,N/A,N/A,N/A,N/A,N/A,N/A,N/A,N/A,N/A,N/A,N/A,N/A,N/A,N/A,7,2,28.6,0.69,0.20,0.00,0.00,11.1,0.11,-0.8,-0.8,10527,3326,267,95.0,300,314,95.5,38,72,52.8,0.3,-0.2,3,42,3,0,654,23,1,2,3,10,0,0,0,0,3,13,1.29,10,0,0,0,1,3,0.30,1,0,0,1,0,1,11,7,5,6,0,7,87.5,1,3,10,21,48,1,774,73,12,2,40.0,1,20.0,426,1,3,2,574,70,26.6,81,9,2,10,3,1.77,13,12,+1,+0.10,-0.62,15.7,11.4,+4.4,+0.43,-0.15,0,9,0,0,29,23,65.7
Conor Chaplin,Ipswich Town,eng ENG,"MF,FW",27,1997,22,10,857.0,9.5,1,1,2,1,0,0,2,0,1.5,1.5,0.7,2.2,13,29,23,0.11,0.11,0.21,0.11,0.21,0.16,0.07,0.23,0.16,0.23,Matches,N/A,N/A,N/A,N/A,N/A,N/A,N/A,N/A,N/A,N/A,N/A,N/A,N/A,N/A,N/A,N/A,N/A,N/A,N/A,N/A,N/A,N/A,N/A,N/A,N/A,N/A,N/A,N/A,N/A,N/A,N/A,N/A,N/A,N/A,N/A,N/A,N/A,16,3,18.8,1.68,0.32,0.06,0.33,17.7,0.09,-0.5,-0.5,3800,927,112,80.0,104,127,81.9,11,27,40.7,0.6,+0.3,8,21,7,2,282,37,10,1,9,4,0,0,0,0,5,22,2.32,19,3,0,0,0,1,0.11,1,0,0,0,0,0,15,5,6,6,3,6,42.9,8,7,4,19,3,0,390,7,18,4,50.0,4,50.0,179,0,12,5,264,39,25.1,71,1,12,13,6,0.41,8,19,-11,-1.16,+0.07,8.8,17.6,-8.8,-0.93,+0.10,0,11,0,0,27,3,25.0
Federico Chiesa,Liverpool,it ITA,FW,26,1997,6,1,108.0,1.2,0,0,0,0,0,0,0,0,0.3,0.3,0.2,0.5,3,3,7,0.00,0.00,0.00,0.00,0.00,0.28,0.15,0.43,0.28,0.43,Matches,N/A,N/A,N/A,N/A,N/A,N/A,N/A,N/A,N/A,N/A,N/A,N/A,N/A,N/A,N/A,N/A,N/A,N/A,N/A,N/A,N/A,N/A,N/A,N/A,N/A,N/A,N/A,N/A,N/A,N/A,N/A,N/A,N/A,N/A,N/A,N/A,N/A,5,2,40.0,4.17,1.67,0.00,0.00,20.4,0.07,-0.3,-0.3,373,131,17,94.4,6,8,75.0,2,2,100.0,0.2,-0.2,2,4,1,0,30,1,0,0,2,1,0,0,0,0,1,6,5.00,6,0,0,0,0,1,0.83,1,0,0,0,0,0,1,0,0,1,0,0,0.0,2,1,0,1,1,1,46,2,4,0,0.0,2,100.0,31,1,3,4,33,18,3.2,62,0,5,9,13,1.50,5,3,+2,+1.67,+0.50,3.3,2.8,+0.5,+0.43,-0.74,0,3,0,0,6,0,0.0
Ben Chilwell,Crystal Palace,eng ENG,DF,27,1996,8,1,259.0,2.9,1,0,1,1,0,0,1,0,0.2,0.2,0.8,1.0,5,8,15,0.35,0.00,0.35,0.35,0.35,0.08,0.26,0.34,0.08,0.34,Matches,N/A,N/A,N/A,N/A,N/A,N/A,N/A,N/A,N/A,N/A,N/A,N/A,N/A,N/A,N/A,N/A,N/A,N/A,N/A,N/A,N/A,N/A,N/A,N/A,N/A,N/A,N/A,N/A,N/A,N/A,N/A,N/A,N/A,N/A,N/A,N/A,N/A,5,3,60.0,1.74,1.04,0.20,0.33,25.4,0.05,+0.8,+0.8,1512,497,48,87.3,36,45,80.0,6,18,33.3,0.9,-0.8,5,7,3,0,95,30,1,0,7,24,0,0,0,0,4,8,2.77,6,1,0,0,0,0,0.00,0,0,0,0,0,0,7,6,4,3,0,1,20.0,4,4,6,13,16,0,175,10,3,2,33.3,3,50.0,68,1,4,2,68,32,7.6,90,1,7,24,4,2.00,6,4,+2,+0.69,+0.75,4.3,2.7,+1.6,+0.55,+0.27,0,2,0,0,20,3,42.9
Hamza Choudhury,Leicester City,bd BAN,"MF,DF",26,1997,4,1,131.0,1.5,0,0,0,0,0,0,0,0,0.0,0.0,0.4,0.4,4,3,6,0.00,0.00,0.00,0.00,0.00,0.00,0.27,0.27,0.00,0.27,Matches,N/A,N/A,N/A,N/A,N/A,N/A,N/A,N/A,N/A,N/A,N/A,N/A,N/A,N/A,N/A,N/A,N/A,N/A,N/A,N/A,N/A,N/A,N/A,N/A,N/A,N/A,N/A,N/A,N/A,N/A,N/A,N/A,N/A,N/A,N/A,N/A,N/A,0,0,N/A,0.00,0.00,N/A,N/A,N/A,N/A,0.0,0.0,991,249,47,94.0,23,29,79.3,2,4,50.0,0.2,-0.4,2,10,1,1,81,3,0,0,5,3,0,0,0,0,1,3,2.05,2,0,1,0,0,0,0.00,0,0,0,0,0,0,1,1,1,0,0,1,33.3,2,2,5,6,2,0,100,4,3,3,75.0,1,25.0,63,2,1,0,71,33,3.8,58,0,3,24,11,0.25,0,5,-5,-3.44,-2.29,0.9,5.3,-4.4,-2.97,-2.01,0,1,0,0,2,0,N/A
Ryan Christie,Bournemouth,sct SCO,MF,29,1995,29,27,2117.0,23.5,2,3,5,2,0,0,9,0,1.8,1.8,3.5,5.4,34,137,44,0.09,0.13,0.21,0.09,0.21,0.08,0.15,0.23,0.08,0.23,Matches,N/A,N/A,N/A,N/A,N/A,N/A,N/A,N/A,N/A,N/A,N/A,N/A,N/A,N/A,N/A,N/A,N/A,N/A,N/A,N/A,N/A,N/A,N/A,N/A,N/A,N/A,N/A,N/A,N/A,N/A,N/A,N/A,N/A,N/A,N/A,N/A,N/A,33,12,36.4,1.40,0.51,0.06,0.17,19.6,0.06,+0.2,+0.2,14882,4269,368,88.2,378,430,87.9,82,168,48.8,3.0,-0.5,41,118,33,5,990,60,8,9,48,3,17,3,2,6,19,85,3.62,72,7,0,2,1,9,0.38,8,1,0,0,0,0,54,33,19,27,8,27,42.2,37,33,30,84,51,3,1376,74,46,23,47.9,22,45.8,726,8,44,25,777,73,61.9,76,10,2,28,0,1.52,40,28,+12,+0.51,+0.51,40.8,29.9,+10.9,+0.46,+0.14,0,43,0,0,182,20,41.7
Harry Clarke,Ipswich Town,eng ENG,DF,23,2001,7,4,379.0,4.2,0,0,0,0,0,0,3,1,0.1,0.1,0.0,0.1,5,14,2,0.00,0.00,0.00,0.00,0.00,0.02,0.01,0.03,0.02,0.03,Matches,N/A,N/A,N/A,N/A,N/A,N/A,N/A,N/A,N/A,N/A,N/A,N/A,N/A,N/A,N/A,N/A,N/A,N/A,N/A,N/A,N/A,N/A,N/A,N/A,N/A,N/A,N/A,N/A,N/A,N/A,N/A,N/A,N/A,N/A,N/A,N/A,N/A,1,1,100.0,0.24,0.24,0.00,0.00,4.5,0.08,-0.1,-0.1,3442,1226,87,91.6,77,88,87.5,23,40,57.5,0.1,0.0,1,21,1,0,211,25,1,0,5,23,0,0,0,0,4,1,0.24,1,0,0,0,0,0,0.00,0,0,0,0,0,0,5,3,3,2,0,3,50.0,3,1,4,9,14,3,268,18,2,1,50.0,1,50.0,118,0,4,2,163,54,11.1,85,3,3,14,5,0.43,4,9,-5,-1.19,+0.03,4.3,9.1,-4.8,-1.13,-0.14,1,5,0,1,17,10,71.4
Jack Clarke,Ipswich Town,eng ENG,"FW,MF",23,2000,32,12,1181.0,13.1,0,4,4,0,0,0,2,0,1.2,1.2,2.3,3.5,39,44,57,0.00,0.30,0.30,0.00,0.30,0.09,0.17,0.26,0.09,0.26,Matches,N/A,N/A,N/A,N/A,N/A,N/A,N/A,N/A,N/A,N/A,N/A,N/A,N/A,N/A,N/A,N/A,N/A,N/A,N/A,N/A,N/A,N/A,N/A,N/A,N/A,N/A,N/A,N/A,N/A,N/A,N/A,N/A,N/A,N/A,N/A,N/A,N/A,17,2,11.8,1.30,0.15,0.00,0.00,18.9,0.07,-1.2,-1.2,4942,1242,151,87.3,131,153,85.6,16,31,51.6,1.2,+1.7,28,27,9,0,372,19,1,3,13,8,5,0,0,2,18,50,3.81,42,2,3,0,3,5,0.38,4,1,0,0,0,0,32,20,11,10,11,17,50.0,17,9,7,39,29,2,553,24,38,25,50.0,18,36.0,311,12,25,22,338,37,34.5,66,1,20,19,3,0.59,14,31,-17,-1.30,-0.13,13.0,26.5,-13.5,-1.03,-0.04,0,15,0,0,75,7,28.0
Nathaniel Clyne,Crystal Palace,eng ENG,"DF,MF",33,1991,13,5,483.0,5.4,0,0,0,0,0,0,1,0,0.0,0.0,0.3,0.3,6,7,8,0.00,0.00,0.00,0.00,0.00,0.00,0.06,0.06,0.00,0.06,Matches,N/A,N/A,N/A,N/A,N/A,N/A,N/A,N/A,N/A,N/A,N/A,N/A,N/A,N/A,N/A,N/A,N/A,N/A,N/A,N/A,N/A,N/A,N/A,N/A,N/A,N/A,N/A,N/A,N/A,N/A,N/A,N/A,N/A,N/A,N/A,N/A,N/A,2,0,0.0,0.37,0.00,0.00,N/A,31.4,0.01,0.0,0.0,3113,1102,72,80.9,84,95,88.4,14,30,46.7,0.2,-0.3,3,16,2,1,207,16,1,1,7,13,0,0,0,2,8,3,0.56,3,0,0,0,0,0,0.00,0,0,0,0,0,0,12,8,8,3,1,6,54.5,5,2,3,15,14,1,273,18,3,0,0.0,1,100.0,158,3,5,2,178,37,14.1,70,1,8,16,24,1.31,4,11,-7,-1.30,-1.52,7.4,9.8,-2.4,-0.44,-0.86,0,2,0,0,10,1,12.5
Conor Coady,Leicester City,eng ENG,DF,31,1993,22,19,1714.0,19.0,1,0,1,1,0,0,3,0,0.4,0.4,0.1,0.5,3,32,0,0.05,0.00,0.05,0.05,0.05,0.02,0.00,0.03,0.02,0.03,Matches,N/A,N/A,N/A,N/A,N/A,N/A,N/A,N/A,N/A,N/A,N/A,N/A,N/A,N/A,N/A,N/A,N/A,N/A,N/A,N/A,N/A,N/A,N/A,N/A,N/A,N/A,N/A,N/A,N/A,N/A,N/A,N/A,N/A,N/A,N/A,N/A,N/A,2,2,100.0,0.11,0.11,0.50,0.50,6.9,0.21,+0.6,+0.6,17121,6371,405,96.9,507,523,96.9,61,112,54.5,0.5,-0.1,1,34,2,0,1010,58,2,3,0,1,0,0,0,4,4,6,0.32,6,0,0,0,0,0,0.00,0,0,0,0,0,0,13,9,6,6,1,3,50.0,3,8,13,26,71,2,1210,234,8,1,50.0,1,50.0,789,1,4,3,878,78,50.1,89,16,3,7,13,0.73,16,42,-26,-1.37,-0.26,15.1,38.2,-23.1,-1.21,-0.36,0,8,0,2,62,13,37.1
Séamus Coleman,Everton,ie IRL,DF,35,1988,5,3,215.0,2.4,0,0,0,0,0,0,1,0,0.6,0.6,0.0,0.6,1,11,7,0.00,0.00,0.00,0.00,0.00,0.24,0.00,0.24,0.24,0.24,Matches,N/A,N/A,N/A,N/A,N/A,N/A,N/A,N/A,N/A,N/A,N/A,N/A,N/A,N/A,N/A,N/A,N/A,N/A,N/A,N/A,N/A,N/A,N/A,N/A,N/A,N/A,N/A,N/A,N/A,N/A,N/A,N/A,N/A,N/A,N/A,N/A,N/A,1,1,100.0,0.42,0.42,0.00,0.00,10.5,0.57,-0.6,-0.6,1299,642,36,94.7,27,34,79.4,8,19,42.1,0.0,0.0,0,8,2,0,78,19,0,0,4,19,0,0,0,1,2,2,0.84,1,0,1,0,0,1,0.42,1,0,0,0,0,0,3,2,2,1,0,3,75.0,1,2,1,4,8,0,121,12,3,4,80.0,1,20.0,54,0,1,1,68,43,6.3,65,1,2,10,13,1.60,4,4,0,0.00,+0.06,3.6,4.6,-1.0,-0.42,-0.33,0,0,0,0,7,2,66.7
Nathan Collins,Brentford,ie IRL,DF,23,2001,38,38,3420.0,38.0,2,3,5,2,0,0,5,0,2.5,2.5,1.8,4.3,32,127,18,0.05,0.08,0.13,0.05,0.13,0.07,0.05,0.11,0.07,0.11,Matches,N/A,N/A,N/A,N/A,N/A,N/A,N/A,N/A,N/A,N/A,N/A,N/A,N/A,N/A,N/A,N/A,N/A,N/A,N/A,N/A,N/A,N/A,N/A,N/A,N/A,N/A,N/A,N/A,N/A,N/A,N/A,N/A,N/A,N/A,N/A,N/A,N/A,17,6,35.3,0.45,0.16,0.12,0.33,10.7,0.15,-0.5,-0.5,32826,10799,557,87.7,989,1068,92.6,145,239,60.7,1.6,+1.2,10,111,7,2,1897,83,3,6,8,11,0,0,0,5,8,30,0.79,22,2,1,2,0,8,0.21,4,1,0,1,2,0,40,24,23,12,5,22,61.1,14,20,34,74,226,3,2435,385,69,6,50.0,5,41.7,1289,1,20,8,1490,90,100.0,90,38,0,N/A,0,1.47,66,57,+9,+0.24,N/A,59.0,55.4,+3.6,+0.09,N/A,0,29,2,0,162,117,62.9
Toby Collyer,Manchester Utd,eng ENG,MF,20,2004,6,0,179.0,2.0,0,0,0,0,0,0,0,0,0.2,0.2,0.3,0.4,0,5,2,0.00,0.00,0.00,0.00,0.00,0.09,0.13,0.22,0.09,0.22,Matches,N/A,N/A,N/A,N/A,N/A,N/A,N/A,N/A,N/A,N/A,N/A,N/A,N/A,N/A,N/A,N/A,N/A,N/A,N/A,N/A,N/A,N/A,N/A,N/A,N/A,N/A,N/A,N/A,N/A,N/A,N/A,N/A,N/A,N/A,N/A,N/A,N/A,1,0,0.0,0.50,0.00,0.00,N/A,6.2,0.17,-0.2,-0.2,1127,121,37,86.0,32,37,86.5,3,4,75.0,0.4,-0.3,2,3,1,0,88,4,0,0,0,2,0,0,0,0,2,5,2.50,4,0,0,0,0,0,0.00,0,0,0,0,0,0,12,9,6,6,0,5,83.3,1,1,2,14,3,0,129,9,3,1,50.0,1,50.0,68,0,11,1,71,30,5.2,N/A,0,6,30,11,1.67,6,2,+4,+2.01,+2.40,5.2,3.1,+2.2,+1.08,+1.18,0,2,0,0,17,3,75.0
Levi Colwill,Chelsea,eng ENG,DF,21,2003,35,35,3149.0,35.0,2,1,3,2,0,0,9,0,1.9,1.9,1.1,3.0,14,131,12,0.06,0.03,0.09,0.06,0.09,0.05,0.03,0.09,0.05,0.09,Matches,N/A,N/A,N/A,N/A,N/A,N/A,N/A,N/A,N/A,N/A,N/A,N/A,N/A,N/A,N/A,N/A,N/A,N/A,N/A,N/A,N/A,N/A,N/A,N/A,N/A,N/A,N/A,N/A,N/A,N/A,N/A,N/A,N/A,N/A,N/A,N/A,N/A,17,4,23.5,0.49,0.11,0.12,0.50,9.5,0.11,+0.1,+0.1,42476,14955,813,92.4,1357,1426,95.2,142,253,56.1,1.2,-0.1,14,148,7,3,2418,197,3,7,13,7,0,0,0,4,21,38,1.09,34,2,0,0,1,3,0.09,2,0,0,0,0,1,47,34,25,19,3,18,66.7,9,12,33,80,118,4,2904,383,36,6,50.0,5,41.7,1621,1,14,8,2092,90,92.1,90,34,0,N/A,2,1.77,56,41,+15,+0.43,-1.56,57.8,43.6,+14.2,+0.41,-1.67,0,45,0,1,121,82,60.7
Lewis Cook,Bournemouth,eng ENG,"MF,DF",27,1997,36,32,2978.0,33.1,1,3,4,1,0,0,8,1,0.9,0.9,4.1,5.1,33,158,52,0.03,0.09,0.12,0.03,0.12,0.03,0.12,0.15,0.03,0.15,Matches,N/A,N/A,N/A,N/A,N/A,N/A,N/A,N/A,N/A,N/A,N/A,N/A,N/A,N/A,N/A,N/A,N/A,N/A,N/A,N/A,N/A,N/A,N/A,N/A,N/A,N/A,N/A,N/A,N/A,N/A,N/A,N/A,N/A,N/A,N/A,N/A,N/A,14,4,28.6,0.42,0.12,0.07,0.25,23.4,0.07,+0.1,+0.1,21139,7153,542,85.4,546,641,85.2,109,240,45.4,3.8,-1.1,48,157,26,11,1358,225,3,2,132,73,65,3,0,2,26,89,2.69,69,18,0,0,0,5,0.15,2,1,0,2,0,0,81,42,41,36,4,37,55.2,30,19,41,122,70,0,1900,87,20,13,65.0,7,35.0,825,4,31,18,965,83,87.1,89,30,4,31,0,1.39,47,43,+4,+0.12,-1.51,55.1,44.5,+10.6,+0.32,-0.68,0,49,0,1,187,41,54.7
Vladimír Coufal,West Ham,cz CZE,DF,31,1992,22,11,1067.0,11.9,0,0,0,0,0,0,5,0,0.3,0.3,0.7,1.0,26,39,33,0.00,0.00,0.00,0.00,0.00,0.03,0.06,0.08,0.03,0.08,Matches,N/A,N/A,N/A,N/A,N/A,N/A,N/A,N/A,N/A,N/A,N/A,N/A,N/A,N/A,N/A,N/A,N/A,N/A,N/A,N/A,N/A,N/A,N/A,N/A,N/A,N/A,N/A,N/A,N/A,N/A,N/A,N/A,N/A,N/A,N/A,N/A,N/A,7,2,28.6,0.59,0.17,0.00,0.00,15.5,0.04,-0.3,-0.3,7419,2842,247,90.8,184,228,80.7,28,72,38.9,1.0,-0.7,8,44,13,8,490,106,0,0,28,95,0,0,0,2,11,18,1.52,14,4,0,0,0,1,0.08,0,1,0,0,0,0,22,15,13,7,2,10,45.5,12,2,8,30,39,1,736,61,14,5,33.3,7,46.7,298,2,12,8,400,49,31.2,78,5,11,19,11,1.00,12,21,-9,-0.76,-0.49,17.3,19.5,-2.1,-0.18,+0.22,0,22,0,0,39,23,59.0
Woyo Coulibaly,Leicester City,ml MLI,DF,25,1999,4,1,109.0,1.2,0,0,0,0,0,0,1,0,0.0,0.0,0.0,0.0,4,3,2,0.00,0.00,0.00,0.00,0.00,0.04,0.00,0.04,0.04,0.04,Matches,N/A,N/A,N/A,N/A,N/A,N/A,N/A,N/A,N/A,N/A,N/A,N/A,N/A,N/A,N/A,N/A,N/A,N/A,N/A,N/A,N/A,N/A,N/A,N/A,N/A,N/A,N/A,N/A,N/A,N/A,N/A,N/A,N/A,N/A,N/A,N/A,N/A,2,1,50.0,1.65,0.83,0.00,0.00,19.4,0.02,0.0,0.0,797,314,28,82.4,16,19,84.2,4,4,100.0,0.0,0.0,0,3,0,0,44,13,0,0,0,13,0,0,0,0,0,0,0.00,0,0,0,0,0,0,0.00,0,0,0,0,0,0,6,4,4,2,0,2,100.0,0,2,5,11,1,0,76,8,4,0,0.0,1,100.0,48,1,4,0,36,27,3.2,45,0,3,21,6,0.75,0,6,-6,-4.95,-3.84,0.7,2.5,-1.7,-1.46,-0.44,0,2,0,0,14,0,0.0
Aaron Cresswell,West Ham,eng ENG,DF,34,1989,18,10,824.0,9.2,0,0,0,0,0,0,3,0,0.2,0.2,1.3,1.6,6,36,4,0.00,0.00,0.00,0.00,0.00,0.03,0.15,0.17,0.03,0.17,Matches,N/A,N/A,N/A,N/A,N/A,N/A,N/A,N/A,N/A,N/A,N/A,N/A,N/A,N/A,N/A,N/A,N/A,N/A,N/A,N/A,N/A,N/A,N/A,N/A,N/A,N/A,N/A,N/A,N/A,N/A,N/A,N/A,N/A,N/A,N/A,N/A,N/A,5,0,0.0,0.55,0.00,0.00,N/A,23.8,0.05,-0.2,-0.2,9299,3625,229,92.0,212,241,88.0,58,107,54.2,1.9,-1.3,9,52,5,2,511,98,1,5,36,52,11,2,0,1,10,15,1.64,7,8,0,0,0,0,0.00,0,0,0,0,0,0,11,7,5,5,1,9,81.8,2,5,8,19,37,0,687,45,2,1,50.0,1,50.0,291,0,4,0,437,46,24.1,76,4,8,8,13,1.78,8,8,0,0.00,+0.55,9.7,12.7,-3.0,-0.32,+0.01,0,4,0,0,36,7,50.0
Marc Cucurella,Chelsea,es ESP,DF,26,1998,36,33,2988.0,33.2,5,1,6,5,0,0,10,1,2.8,2.8,2.1,4.9,35,118,117,0.15,0.03,0.18,0.15,0.18,0.08,0.06,0.15,0.08,0.15,Matches,N/A,N/A,N/A,N/A,N/A,N/A,N/A,N/A,N/A,N/A,N/A,N/A,N/A,N/A,N/A,N/A,N/A,N/A,N/A,N/A,N/A,N/A,N/A,N/A,N/A,N/A,N/A,N/A,N/A,N/A,N/A,N/A,N/A,N/A,N/A,N/A,N/A,24,11,45.8,0.72,0.33,0.21,0.45,16.1,0.12,+2.2,+2.2,26450,7598,841,94.0,737,824,89.4,69,123,56.1,2.4,-1.1,19,121,12,3,1634,275,2,1,31,245,0,0,0,7,23,51,1.54,44,4,0,1,0,5,0.15,4,1,0,0,0,0,67,45,31,31,5,32,52.5,29,33,28,95,95,3,2244,119,75,4,26.7,9,60.0,944,2,28,7,1385,83,87.4,88,27,3,24,0,1.89,60,38,+22,+0.66,+0.87,61.9,40.1,+21.8,+0.66,+0.92,1,37,0,0,130,32,36.0
Jorge Cuenca,Fulham,es ESP,DF,24,1999,8,4,351.0,3.9,0,0,0,0,0,0,0,0,0.0,0.0,0.0,0.0,0,10,0,0.00,0.00,0.00,0.00,0.00,0.01,0.00,0.01,0.01,0.01,Matches,N/A,N/A,N/A,N/A,N/A,N/A,N/A,N/A,N/A,N/A,N/A,N/A,N/A,N/A,N/A,N/A,N/A,N/A,N/A,N/A,N/A,N/A,N/A,N/A,N/A,N/A,N/A,N/A,N/A,N/A,N/A,N/A,N/A,N/A,N/A,N/A,N/A,1,0,0.0,0.26,0.00,0.00,N/A,13.1,0.02,0.0,0.0,2483,858,51,91.1,83,93,89.2,7,20,35.0,0.0,0.0,0,7,0,0,160,13,0,0,1,2,0,0,0,0,0,1,0.26,1,0,0,0,0,0,0.00,0,0,0,0,0,0,6,2,5,1,0,3,37.5,5,0,2,8,26,0,214,38,1,2,100.0,0,0.0,89,0,2,0,133,44,10.3,87,3,4,1,18,1.50,5,8,-3,-0.77,-0.86,4.6,8.8,-4.2,-1.08,-1.26,0,2,0,0,10,6,66.7
Matheus Cunha,Wolves,br BRA,"MF,FW",25,1999,33,29,2597.0,28.9,15,6,21,15,0,0,4,0,8.6,8.6,7.7,16.4,112,144,161,0.52,0.21,0.73,0.52,0.73,0.30,0.27,0.57,0.30,0.57,Matches,N/A,N/A,N/A,N/A,N/A,N/A,N/A,N/A,N/A,N/A,N/A,N/A,N/A,N/A,N/A,N/A,N/A,N/A,N/A,N/A,N/A,N/A,N/A,N/A,N/A,N/A,N/A,N/A,N/A,N/A,N/A,N/A,N/A,N/A,N/A,N/A,N/A,110,44,40.0,3.81,1.52,0.14,0.34,20.5,0.08,+6.4,+6.4,12850,4384,460,85.3,228,300,76.0,87,197,44.2,5.3,-1.7,56,92,58,10,938,185,14,15,142,32,40,23,3,10,34,132,4.57,75,14,19,12,3,16,0.55,10,0,4,0,1,1,38,22,17,16,5,13,33.3,26,20,17,55,23,0,1561,23,133,61,44.5,61,44.5,904,41,80,55,1056,79,75.9,85,19,4,31,0,0.97,41,54,-13,-0.45,-0.23,32.6,44.5,-11.9,-0.41,-0.14,0,42,0,1,125,13,31.0
Patson Daka,Leicester City,zm ZAM,"FW,MF",25,1998,23,6,736.0,8.2,1,0,1,1,0,0,0,0,1.3,1.3,0.1,1.3,11,8,36,0.12,0.00,0.12,0.12,0.12,0.15,0.01,0.16,0.15,0.16,Matches,N/A,N/A,N/A,N/A,N/A,N/A,N/A,N/A,N/A,N/A,N/A,N/A,N/A,N/A,N/A,N/A,N/A,N/A,N/A,N/A,N/A,N/A,N/A,N/A,N/A,N/A,N/A,N/A,N/A,N/A,N/A,N/A,N/A,N/A,N/A,N/A,N/A,15,4,26.7,1.83,0.49,0.07,0.25,14.8,0.08,-0.3,-0.3,1475,257,64,80.0,33,45,73.3,3,3,100.0,0.1,-0.1,1,6,1,0,138,9,2,0,3,6,0,0,0,0,11,10,1.23,7,0,2,0,0,1,0.12,0,0,1,0,0,0,19,10,6,9,4,7,38.9,11,6,1,20,12,0,252,11,29,2,13.3,10,66.7,141,6,20,12,167,32,21.5,72,1,17,18,4,0.61,7,16,-9,-1.10,+0.17,6.5,17.0,-10.5,-1.29,-0.33,0,15,0,0,18,10,26.3
Diogo Dalot,Manchester Utd,pt POR,DF,25,1999,33,31,2814.0,31.3,0,3,3,0,0,0,5,0,2.0,2.0,2.0,4.1,62,103,168,0.00,0.10,0.10,0.00,0.10,0.07,0.07,0.13,0.07,0.13,Matches,N/A,N/A,N/A,N/A,N/A,N/A,N/A,N/A,N/A,N/A,N/A,N/A,N/A,N/A,N/A,N/A,N/A,N/A,N/A,N/A,N/A,N/A,N/A,N/A,N/A,N/A,N/A,N/A,N/A,N/A,N/A,N/A,N/A,N/A,N/A,N/A,N/A,25,5,20.0,0.80,0.16,0.00,0.00,16.1,0.08,-2.0,-2.0,21723,6617,694,89.8,525,641,81.9,95,170,55.9,2.5,+1.0,26,61,25,8,1426,242,4,8,66,229,0,0,0,5,36,74,2.37,57,5,7,0,1,5,0.16,3,0,1,1,0,0,68,40,40,22,6,34,65.4,18,13,37,105,72,0,1983,113,68,27,50.9,22,41.5,1126,16,38,21,1200,85,82.3,89,30,2,29,0,1.15,34,45,-11,-0.35,-0.50,39.9,46.1,-6.2,-0.20,-0.93,0,40,0,1,167,38,64.4
Mikkel Damsgaard,Brentford,dk DEN,"MF,FW",24,2000,38,34,2911.0,32.3,2,10,12,2,0,0,2,0,2.8,2.8,8.4,11.2,73,234,137,0.06,0.31,0.37,0.06,0.37,0.09,0.26,0.35,0.09,0.35,Matches,N/A,N/A,N/A,N/A,N/A,N/A,N/A,N/A,N/A,N/A,N/A,N/A,N/A,N/A,N/A,N/A,N/A,N/A,N/A,N/A,N/A,N/A,N/A,N/A,N/A,N/A,N/A,N/A,N/A,N/A,N/A,N/A,N/A,N/A,N/A,N/A,N/A,35,7,20.0,1.08,0.22,0.06,0.29,17.6,0.08,-0.8,-0.8,19063,7512,551,85.8,390,531,73.4,134,262,51.1,7.0,+1.6,63,167,73,17,1368,153,27,5,144,9,53,0,0,8,36,120,3.71,92,14,6,1,5,21,0.65,15,3,1,0,1,1,83,44,27,29,27,31,38.3,50,37,27,110,31,2,1883,36,76,50,51.5,36,37.1,1076,9,63,47,1239,77,85.1,83,11,4,23,0,1.47,58,41,+17,+0.53,+1.94,52.8,45.0,+7.8,+0.24,+0.99,0,18,0,0,179,12,30.8
Danilo,Nott'ham Forest,br BRA,"MF,FW",23,2001,8,5,275.0,3.1,0,0,0,0,0,0,0,0,0.0,0.0,0.0,0.0,2,11,1,0.00,0.00,0.00,0.00,0.00,0.00,0.00,0.00,0.00,0.00,Matches,N/A,N/A,N/A,N/A,N/A,N/A,N/A,N/A,N/A,N/A,N/A,N/A,N/A,N/A,N/A,N/A,N/A,N/A,N/A,N/A,N/A,N/A,N/A,N/A,N/A,N/A,N/A,N/A,N/A,N/A,N/A,N/A,N/A,N/A,N/A,N/A,N/A,0,0,N/A,0.00,0.00,N/A,N/A,N/A,N/A,0.0,0.0,1541,549,44,84.6,39,46,84.8,7,12,58.3,0.0,0.0,0,13,0,0,119,1,0,0,3,0,1,0,0,1,5,7,2.31,7,0,0,0,0,2,0.66,2,0,0,0,0,0,8,4,7,1,0,3,50.0,3,1,4,12,3,0,150,8,0,3,50.0,3,50.0,54,0,6,0,87,34,8.0,47,0,3,13,6,2.13,8,4,+4,+1.31,+1.08,3.2,4.8,-1.6,-0.54,-0.48,0,2,0,0,19,1,33.3
Kevin Danso,Tottenham,at AUT,DF,25,1998,10,9,842.0,9.4,0,0,0,0,0,0,0,0,0.4,0.4,0.1,0.5,11,19,1,0.00,0.00,0.00,0.00,0.00,0.04,0.01,0.05,0.04,0.05,Matches,N/A,N/A,N/A,N/A,N/A,N/A,N/A,N/A,N/A,N/A,N/A,N/A,N/A,N/A,N/A,N/A,N/A,N/A,N/A,N/A,N/A,N/A,N/A,N/A,N/A,N/A,N/A,N/A,N/A,N/A,N/A,N/A,N/A,N/A,N/A,N/A,N/A,7,3,42.9,0.75,0.32,0.00,0.00,16.9,0.06,-0.4,-0.4,9082,2716,146,89.6,297,320,92.8,33,61,54.1,0.1,-0.1,2,22,2,1,534,21,0,2,1,0,0,0,0,0,8,9,0.96,8,0,0,0,0,2,0.21,2,0,0,0,0,0,7,5,4,3,0,6,54.5,5,1,6,13,71,1,676,108,8,2,66.7,1,33.3,448,1,8,3,475,84,24.6,89,8,1,45,0,0.80,11,18,-7,-0.75,-0.96,11.7,17.0,-5.3,-0.57,-0.59,0,9,0,0,27,21,63.6
Ben Davies,Tottenham,wls WAL,DF,31,1993,17,14,1331.0,14.8,0,0,0,0,0,0,5,0,0.3,0.3,0.2,0.5,14,52,6,0.00,0.00,0.00,0.00,0.00,0.02,0.01,0.03,0.02,0.03,Matches,N/A,N/A,N/A,N/A,N/A,N/A,N/A,N/A,N/A,N/A,N/A,N/A,N/A,N/A,N/A,N/A,N/A,N/A,N/A,N/A,N/A,N/A,N/A,N/A,N/A,N/A,N/A,N/A,N/A,N/A,N/A,N/A,N/A,N/A,N/A,N/A,N/A,5,1,20.0,0.34,0.07,0.00,0.00,17.0,0.06,-0.3,-0.3,16735,6614,302,90.1,501,530,94.5,77,124,62.1,0.5,-0.2,2,47,2,0,925,95,1,5,4,5,0,0,0,3,8,8,0.54,7,0,0,0,1,0,0.00,0,0,0,0,0,0,17,11,8,8,1,9,52.9,8,9,12,29,81,1,1186,215,13,1,100.0,0,0.0,664,0,5,0,781,78,38.9,88,13,3,33,7,1.00,22,26,-4,-0.27,-0.40,19.0,25.5,-6.5,-0.44,-0.53,0,17,0,0,41,52,54.2
Leif Davis,Ipswich Town,eng ENG,DF,24,2000,33,32,2743.0,30.5,1,2,3,1,0,0,5,1,1.0,1.0,4.9,5.8,52,59,137,0.03,0.07,0.10,0.03,0.10,0.03,0.16,0.19,0.03,0.19,Matches,N/A,N/A,N/A,N/A,N/A,N/A,N/A,N/A,N/A,N/A,N/A,N/A,N/A,N/A,N/A,N/A,N/A,N/A,N/A,N/A,N/A,N/A,N/A,N/A,N/A,N/A,N/A,N/A,N/A,N/A,N/A,N/A,N/A,N/A,N/A,N/A,N/A,16,2,12.5,0.52,0.07,0.06,0.50,19.8,0.06,0.0,0.0,15858,6353,430,86.2,396,509,77.8,79,213,37.1,4.7,-2.9,61,33,28,12,970,307,3,5,161,166,56,13,0,7,23,93,3.05,46,39,3,1,1,4,0.13,3,0,1,0,0,0,46,27,33,9,4,30,62.5,18,17,25,71,77,3,1562,117,42,13,34.2,18,47.4,708,11,37,16,835,83,80.2,85,27,1,10,0,0.52,29,69,-40,-1.31,-0.51,29.2,59.4,-30.2,-0.99,+0.10,0,27,0,2,113,34,59.6
Craig Dawson,Wolves,eng ENG,DF,34,1990,15,10,971.0,10.8,0,0,0,0,0,0,2,0,0.5,0.5,0.0,0.5,6,20,5,0.00,0.00,0.00,0.00,0.00,0.05,0.00,0.05,0.05,0.05,Matches,N/A,N/A,N/A,N/A,N/A,N/A,N/A,N/A,N/A,N/A,N/A,N/A,N/A,N/A,N/A,N/A,N/A,N/A,N/A,N/A,N/A,N/A,N/A,N/A,N/A,N/A,N/A,N/A,N/A,N/A,N/A,N/A,N/A,N/A,N/A,N/A,N/A,5,1,20.0,0.46,0.09,0.00,0.00,8.5,0.10,-0.5,-0.5,9745,3180,149,92.5,267,287,93.0,57,95,60.0,0.1,0.0,2,22,1,0,528,30,1,11,0,0,0,0,0,1,0,7,0.65,6,0,0,0,0,2,0.19,1,0,0,1,0,0,15,3,8,6,1,12,80.0,3,5,9,24,52,1,671,130,14,1,20.0,2,40.0,390,0,2,0,443,65,28.4,89,9,5,17,6,0.87,16,25,-9,-0.83,-0.61,10.6,18.7,-8.1,-0.75,-0.51,0,6,0,0,35,21,65.6
Kevin De Bruyne,Manchester City,be BEL,"MF,FW",33,1991,28,19,1702.0,18.9,4,7,11,4,0,0,2,0,5.1,5.1,8.0,13.1,51,157,150,0.21,0.37,0.58,0.21,0.58,0.27,0.42,0.69,0.27,0.69,Matches,N/A,N/A,N/A,N/A,N/A,N/A,N/A,N/A,N/A,N/A,N/A,N/A,N/A,N/A,N/A,N/A,N/A,N/A,N/A,N/A,N/A,N/A,N/A,N/A,N/A,N/A,N/A,N/A,N/A,N/A,N/A,N/A,N/A,N/A,N/A,N/A,N/A,57,15,26.3,3.01,0.79,0.07,0.27,21.4,0.09,-1.1,-1.1,15487,4454,459,85.5,346,449,77.1,90,159,56.6,6.7,-1.0,57,88,59,13,1031,160,15,10,145,18,33,20,2,5,28,113,5.97,73,26,3,3,2,11,0.58,9,1,0,1,0,0,17,9,7,5,5,5,21.7,18,8,7,24,10,1,1368,10,79,13,38.2,17,50.0,812,20,26,28,1021,61,49.8,83,7,9,15,5,1.82,42,19,+23,+1.22,+0.95,34.4,21.1,+13.2,+0.70,+0.32,0,17,0,0,64,5,23.8
Bobby De Cordova-Reid,Leicester City,jm JAM,FW,31,1993,23,9,744.0,8.3,1,2,3,1,0,0,2,0,0.8,0.8,1.2,2.0,14,15,48,0.12,0.24,0.36,0.12,0.36,0.10,0.15,0.24,0.10,0.24,Matches,N/A,N/A,N/A,N/A,N/A,N/A,N/A,N/A,N/A,N/A,N/A,N/A,N/A,N/A,N/A,N/A,N/A,N/A,N/A,N/A,N/A,N/A,N/A,N/A,N/A,N/A,N/A,N/A,N/A,N/A,N/A,N/A,N/A,N/A,N/A,N/A,N/A,7,3,42.9,0.85,0.36,0.14,0.33,25.1,0.11,+0.2,+0.2,1883,587,88,81.5,39,53,73.6,5,15,33.3,0.2,+0.8,6,9,5,0,198,8,0,0,15,6,0,0,0,0,15,13,1.57,8,0,0,2,0,3,0.36,1,0,0,1,1,0,9,4,3,6,0,4,28.6,10,5,0,9,10,0,272,15,16,0,0.0,8,80.0,174,6,11,10,188,32,21.8,67,0,14,10,9,0.65,9,17,-8,-0.97,+0.34,7.1,14.6,-7.5,-0.90,+0.17,0,9,1,0,29,6,30.0
Liam Delap,Ipswich Town,eng ENG,FW,21,2003,37,32,2593.0,28.8,12,2,14,10,2,2,12,0,9.3,7.8,1.9,9.7,61,30,110,0.42,0.07,0.49,0.35,0.42,0.32,0.07,0.39,0.27,0.34,Matches,N/A,N/A,N/A,N/A,N/A,N/A,N/A,N/A,N/A,N/A,N/A,N/A,N/A,N/A,N/A,N/A,N/A,N/A,N/A,N/A,N/A,N/A,N/A,N/A,N/A,N/A,N/A,N/A,N/A,N/A,N/A,N/A,N/A,N/A,N/A,N/A,N/A,66,29,43.9,2.29,1.01,0.15,0.34,16.0,0.12,+2.7,+2.2,3011,657,123,70.7,69,108,63.9,9,24,37.5,1.4,+0.1,21,17,6,0,350,5,8,1,5,2,0,0,0,2,16,62,2.15,28,0,12,13,2,7,0.24,3,0,2,0,2,0,11,8,3,3,5,2,13.3,13,8,2,13,28,0,682,29,92,40,46.5,37,43.0,445,30,104,60,537,70,75.8,78,3,5,18,0,0.59,25,58,-33,-1.15,+0.27,25.7,52.1,-26.5,-0.92,+0.37,0,72,2,0,68,55,42.6
Sepp van den Berg,Brentford,nl NED,DF,22,2001,31,29,2586.0,28.7,0,0,0,0,0,0,3,0,2.0,2.0,0.8,2.8,12,79,28,0.00,0.00,0.00,0.00,0.00,0.07,0.03,0.10,0.07,0.10,Matches,N/A,N/A,N/A,N/A,N/A,N/A,N/A,N/A,N/A,N/A,N/A,N/A,N/A,N/A,N/A,N/A,N/A,N/A,N/A,N/A,N/A,N/A,N/A,N/A,N/A,N/A,N/A,N/A,N/A,N/A,N/A,N/A,N/A,N/A,N/A,N/A,N/A,20,6,30.0,0.70,0.21,0.00,0.00,10.5,0.10,-2.0,-2.0,19151,6135,455,87.8,556,620,89.7,73,110,66.4,0.5,-0.8,6,64,3,1,1177,100,0,2,7,61,0,0,0,1,7,22,0.77,19,0,0,1,0,2,0.07,1,0,0,0,1,0,39,24,25,10,4,19,65.5,10,14,21,60,134,3,1605,282,48,4,57.1,3,42.9,737,1,15,7,917,83,75.6,88,25,2,18,1,1.55,54,49,+5,+0.17,-0.26,47.8,43.8,+4.0,+0.14,+0.18,0,23,1,0,97,94,55.0
Justin Devenny,Crystal Palace,nir NIR,MF,20,2003,23,4,507.0,5.6,1,1,2,1,0,0,1,0,0.8,0.8,0.6,1.4,5,21,13,0.18,0.18,0.36,0.18,0.36,0.14,0.11,0.25,0.14,0.25,Matches,N/A,N/A,N/A,N/A,N/A,N/A,N/A,N/A,N/A,N/A,N/A,N/A,N/A,N/A,N/A,N/A,N/A,N/A,N/A,N/A,N/A,N/A,N/A,N/A,N/A,N/A,N/A,N/A,N/A,N/A,N/A,N/A,N/A,N/A,N/A,N/A,N/A,10,6,60.0,1.78,1.07,0.10,0.17,21.1,0.08,+0.2,+0.2,2433,730,77,81.1,51,71,71.8,14,29,48.3,0.4,+0.4,7,22,4,1,184,19,1,1,17,0,4,4,0,2,2,15,2.66,12,2,0,0,0,1,0.18,1,0,0,0,0,0,17,12,7,9,1,8,42.1,11,5,0,17,11,0,279,8,8,2,50.0,2,50.0,134,1,17,3,167,22,14.8,68,0,19,12,7,1.65,8,8,0,0.00,0.00,8.4,9.1,-0.7,-0.12,-0.49,0,8,0,0,27,2,13.3
Kiernan Dewsbury-Hall,Chelsea,eng ENG,"MF,FW",25,1998,13,2,264.0,2.9,0,1,1,0,0,0,0,0,0.2,0.2,1.1,1.3,5,14,11,0.00,0.34,0.34,0.00,0.34,0.08,0.36,0.44,0.08,0.44,Matches,N/A,N/A,N/A,N/A,N/A,N/A,N/A,N/A,N/A,N/A,N/A,N/A,N/A,N/A,N/A,N/A,N/A,N/A,N/A,N/A,N/A,N/A,N/A,N/A,N/A,N/A,N/A,N/A,N/A,N/A,N/A,N/A,N/A,N/A,N/A,N/A,N/A,1,0,0.0,0.34,0.00,0.00,N/A,7.8,0.22,-0.2,-0.2,1898,319,75,91.5,47,56,83.9,5,10,50.0,0.2,-0.1,3,12,3,0,147,4,0,1,2,0,0,0,1,1,2,5,1.70,5,0,0,0,0,1,0.34,1,0,0,0,0,0,8,5,1,1,6,4,66.7,2,2,2,10,9,1,184,5,6,2,50.0,2,50.0,95,0,1,3,138,20,7.7,67,0,11,12,13,2.15,6,3,+3,+1.02,+0.51,5.4,3.8,+1.6,+0.56,+0.02,0,4,0,0,9,0,0.0
Amad Diallo,Manchester Utd,ci CIV,"MF,FW",22,2002,26,20,1901.0,21.1,8,6,14,8,0,0,5,0,4.7,4.7,4.9,9.6,109,60,200,0.38,0.28,0.66,0.38,0.66,0.22,0.23,0.45,0.22,0.45,Matches,N/A,N/A,N/A,N/A,N/A,N/A,N/A,N/A,N/A,N/A,N/A,N/A,N/A,N/A,N/A,N/A,N/A,N/A,N/A,N/A,N/A,N/A,N/A,N/A,N/A,N/A,N/A,N/A,N/A,N/A,N/A,N/A,N/A,N/A,N/A,N/A,N/A,47,17,36.2,2.23,0.80,0.17,0.47,17.5,0.10,+3.3,+3.3,11030,2193,493,91.0,227,264,86.0,40,72,55.6,4.2,+1.1,49,27,35,7,859,86,3,1,42,49,23,1,1,4,20,97,4.59,65,9,10,6,4,18,0.85,7,0,4,1,2,4,38,31,9,20,9,19,59.4,13,13,11,49,19,1,1207,16,131,41,46.6,43,48.9,782,66,42,35,854,73,55.6,87,14,6,28,2,1.08,28,30,-2,-0.09,+0.38,31.8,31.4,+0.4,+0.02,+0.12,0,21,2,0,109,10,40.0
Rúben Dias,Manchester City,pt POR,DF,27,1997,27,25,2271.0,25.2,0,0,0,0,0,0,4,0,1.5,1.5,0.3,1.8,43,160,8,0.00,0.00,0.00,0.00,0.00,0.06,0.01,0.07,0.06,0.07,Matches,N/A,N/A,N/A,N/A,N/A,N/A,N/A,N/A,N/A,N/A,N/A,N/A,N/A,N/A,N/A,N/A,N/A,N/A,N/A,N/A,N/A,N/A,N/A,N/A,N/A,N/A,N/A,N/A,N/A,N/A,N/A,N/A,N/A,N/A,N/A,N/A,N/A,21,7,33.3,0.83,0.28,0.00,0.00,19.4,0.07,-1.5,-1.5,37644,12143,900,96.9,1118,1159,96.5,120,177,67.8,1.2,-0.3,5,222,12,0,2234,80,0,10,3,2,0,0,0,3,14,26,1.03,17,0,0,0,2,1,0.04,1,0,0,0,0,0,17,11,7,9,1,7,53.8,6,3,20,37,71,4,2499,216,26,2,66.7,1,33.3,1775,1,8,1,2016,84,66.4,90,25,2,11,0,2.11,50,21,+29,+1.15,+1.23,46.2,28.8,+17.5,+0.69,+0.46,0,12,0,1,78,37,52.1
Luis Díaz,Liverpool,co COL,FW,27,1997,36,28,2399.0,26.7,13,5,18,13,0,0,2,0,12.0,12.0,5.0,17.1,108,110,293,0.49,0.19,0.68,0.49,0.68,0.45,0.19,0.64,0.45,0.64,Matches,N/A,N/A,N/A,N/A,N/A,N/A,N/A,N/A,N/A,N/A,N/A,N/A,N/A,N/A,N/A,N/A,N/A,N/A,N/A,N/A,N/A,N/A,N/A,N/A,N/A,N/A,N/A,N/A,N/A,N/A,N/A,N/A,N/A,N/A,N/A,N/A,N/A,71,30,42.3,2.66,1.13,0.18,0.43,13.4,0.17,+1.0,+1.0,11789,2533,394,88.5,254,295,86.1,60,74,81.1,4.5,0.0,56,48,46,6,855,17,2,9,32,14,0,0,0,2,24,117,4.39,88,0,16,4,0,16,0.60,13,0,1,0,2,0,39,26,13,20,6,15,38.5,24,19,7,46,7,1,1184,17,167,53,45.7,51,44.0,780,56,55,49,933,67,70.1,79,7,8,24,2,2.25,67,21,+46,+1.73,+1.81,61.2,24.9,+36.2,+1.36,+0.71,0,48,2,0,105,13,25.5
Tyler Dibling,Southampton,eng ENG,"FW,MF",18,2006,33,20,1874.0,20.8,2,0,2,2,0,0,6,0,2.5,2.5,1.5,4.1,69,64,96,0.10,0.00,0.10,0.10,0.10,0.12,0.07,0.20,0.12,0.20,Matches,N/A,N/A,N/A,N/A,N/A,N/A,N/A,N/A,N/A,N/A,N/A,N/A,N/A,N/A,N/A,N/A,N/A,N/A,N/A,N/A,N/A,N/A,N/A,N/A,N/A,N/A,N/A,N/A,N/A,N/A,N/A,N/A,N/A,N/A,N/A,N/A,N/A,28,9,32.1,1.34,0.43,0.07,0.22,19.3,0.09,-0.5,-0.5,7544,1553,286,90.5,181,212,85.4,22,48,45.8,1.5,-1.5,20,27,20,1,585,32,8,3,28,3,8,0,0,3,17,56,2.69,34,1,11,5,0,4,0.19,2,0,1,1,0,0,34,20,13,18,3,16,61.5,10,14,8,42,16,1,868,27,41,45,40.9,43,39.1,558,26,44,55,651,57,54.8,76,8,13,27,1,0.27,16,50,-34,-1.63,-0.12,19.5,48.5,-28.9,-1.39,-0.04,0,30,2,0,80,10,28.6
Lucas Digne,Aston Villa,fr FRA,DF,31,1993,32,28,2351.0,26.1,0,4,4,0,0,0,4,0,0.8,0.8,4.7,5.5,23,57,142,0.00,0.15,0.15,0.00,0.15,0.03,0.18,0.21,0.03,0.21,Matches,N/A,N/A,N/A,N/A,N/A,N/A,N/A,N/A,N/A,N/A,N/A,N/A,N/A,N/A,N/A,N/A,N/A,N/A,N/A,N/A,N/A,N/A,N/A,N/A,N/A,N/A,N/A,N/A,N/A,N/A,N/A,N/A,N/A,N/A,N/A,N/A,N/A,13,3,23.1,0.50,0.11,0.00,0.00,22.7,0.06,-0.8,-0.8,15607,5137,483,88.0,389,496,78.4,62,155,40.0,4.0,-0.7,36,44,30,19,1017,258,2,4,140,155,37,10,0,2,41,66,2.53,42,18,1,0,1,5,0.19,5,0,0,0,0,0,65,38,40,16,9,44,66.7,22,19,25,90,89,1,1527,97,28,9,47.4,9,47.4,683,4,17,16,820,73,68.7,80,13,4,30,6,1.59,34,36,-2,-0.08,-0.83,32.7,34.7,-2.0,-0.08,-0.75,0,21,0,0,104,37,56.9
Issa Diop,Fulham,fr FRA,DF,27,1997,21,15,1339.0,14.9,0,0,0,0,0,0,2,0,0.5,0.5,0.1,0.6,6,25,3,0.00,0.00,0.00,0.00,0.00,0.04,0.01,0.04,0.04,0.04,Matches,N/A,N/A,N/A,N/A,N/A,N/A,N/A,N/A,N/A,N/A,N/A,N/A,N/A,N/A,N/A,N/A,N/A,N/A,N/A,N/A,N/A,N/A,N/A,N/A,N/A,N/A,N/A,N/A,N/A,N/A,N/A,N/A,N/A,N/A,N/A,N/A,N/A,5,2,40.0,0.34,0.13,0.00,0.00,10.7,0.11,-0.5,-0.5,12350,4179,233,92.5,379,408,92.9,46,87,52.9,0.1,-0.1,3,43,1,0,733,25,0,1,1,2,0,0,0,0,2,6,0.40,5,0,0,0,0,0,0.00,0,0,0,0,0,0,26,12,18,8,0,13,72.2,5,3,9,35,72,2,903,125,13,1,50.0,1,50.0,533,0,9,2,617,64,39.2,86,13,6,8,9,1.52,19,19,0,0.00,0.00,16.1,19.6,-3.5,-0.23,-0.46,0,10,0,0,45,20,62.5
Axel Disasi,Aston Villa,fr FRA,DF,26,1998,7,5,490.0,5.4,0,0,0,0,0,0,2,0,0.1,0.1,0.4,0.5,10,16,5,0.00,0.00,0.00,0.00,0.00,0.02,0.07,0.09,0.02,0.09,Matches,N/A,N/A,N/A,N/A,N/A,N/A,N/A,N/A,N/A,N/A,N/A,N/A,N/A,N/A,N/A,N/A,N/A,N/A,N/A,N/A,N/A,N/A,N/A,N/A,N/A,N/A,N/A,N/A,N/A,N/A,N/A,N/A,N/A,N/A,N/A,N/A,N/A,2,0,0.0,0.37,0.00,0.00,N/A,19.5,0.04,-0.1,-0.1,4080,1517,103,94.5,131,146,89.7,8,15,53.3,0.3,-0.4,3,14,3,0,258,20,1,0,1,11,0,0,0,2,5,9,1.65,7,0,1,0,1,0,0.00,0,0,0,0,0,0,8,5,7,1,0,3,42.9,4,3,5,13,18,0,334,32,6,9,60.0,6,40.0,207,2,3,2,223,70,14.3,90,5,2,20,4,1.57,8,9,-1,-0.18,-0.43,8.2,10.4,-2.2,-0.41,-0.66,0,3,0,0,15,8,57.1
Axel Disasi,Chelsea,fr FRA,DF,26,1998,6,4,364.0,4.0,1,0,1,1,0,0,1,0,0.3,0.3,0.1,0.4,6,16,2,0.25,0.00,0.25,0.25,0.25,0.07,0.02,0.09,0.07,0.09,Matches,N/A,N/A,N/A,N/A,N/A,N/A,N/A,N/A,N/A,N/A,N/A,N/A,N/A,N/A,N/A,N/A,N/A,N/A,N/A,N/A,N/A,N/A,N/A,N/A,N/A,N/A,N/A,N/A,N/A,N/A,N/A,N/A,N/A,N/A,N/A,N/A,N/A,2,1,50.0,0.49,0.25,0.50,1.00,12.3,0.14,+0.7,+0.7,4218,1367,136,94.4,117,126,92.9,9,13,69.2,0.1,-0.1,2,20,2,0,266,27,0,1,0,17,0,0,0,0,2,2,0.49,2,0,0,0,0,0,0.00,0,0,0,0,0,0,7,4,5,1,1,6,54.5,5,3,2,9,11,1,323,17,2,1,100.0,0,0.0,196,0,1,3,242,61,10.6,79,2,2,24,9,2.17,5,3,+2,+0.49,-0.07,9.5,6.3,+3.2,+0.79,+0.28,0,2,0,0,15,5,71.4
Matt Doherty,Wolves,ie IRL,DF,32,1992,30,25,2109.0,23.4,2,1,3,2,0,0,6,0,1.0,1.0,1.5,2.6,29,79,41,0.09,0.04,0.13,0.09,0.13,0.04,0.07,0.11,0.04,0.11,Matches,N/A,N/A,N/A,N/A,N/A,N/A,N/A,N/A,N/A,N/A,N/A,N/A,N/A,N/A,N/A,N/A,N/A,N/A,N/A,N/A,N/A,N/A,N/A,N/A,N/A,N/A,N/A,N/A,N/A,N/A,N/A,N/A,N/A,N/A,N/A,N/A,N/A,10,3,30.0,0.43,0.13,0.20,0.67,11.4,0.10,+1.0,+1.0,20102,6585,435,90.1,514,591,87.0,115,186,61.8,1.2,-0.5,12,94,15,1,1177,121,2,22,22,66,0,0,0,4,14,25,1.07,19,3,1,1,0,3,0.13,3,0,0,0,0,0,38,21,25,13,0,17,68.0,8,13,22,60,102,3,1534,126,26,11,52.4,7,33.3,825,4,11,5,982,70,61.7,83,16,5,9,8,1.33,27,38,-11,-0.47,-0.19,27.9,32.8,-5.0,-0.21,+0.44,0,18,0,0,106,56,72.7
Jeremy Doku,Manchester City,be BEL,"FW,MF",22,2002,29,16,1516.0,16.8,3,6,9,3,0,0,1,0,1.3,1.3,4.8,6.1,213,69,286,0.18,0.36,0.53,0.18,0.53,0.08,0.29,0.36,0.08,0.36,Matches,N/A,N/A,N/A,N/A,N/A,N/A,N/A,N/A,N/A,N/A,N/A,N/A,N/A,N/A,N/A,N/A,N/A,N/A,N/A,N/A,N/A,N/A,N/A,N/A,N/A,N/A,N/A,N/A,N/A,N/A,N/A,N/A,N/A,N/A,N/A,N/A,N/A,29,9,31.0,1.72,0.53,0.10,0.33,17.7,0.05,+1.7,+1.7,8464,1506,400,86.4,183,226,81.0,14,21,66.7,3.8,+1.2,32,12,48,6,757,3,8,0,59,1,0,0,0,2,30,79,4.69,60,1,13,3,1,14,0.83,11,0,3,0,0,0,31,22,9,12,10,8,53.3,7,10,4,35,2,0,1027,4,161,107,53.2,60,29.9,796,109,59,59,854,52,44.3,81,6,13,17,4,1.90,34,14,+20,+1.19,+0.81,33.5,14.4,+19.1,+1.13,+1.07,0,10,0,0,63,0,0.0
Nicolás Domínguez,Nott'ham Forest,ar ARG,"MF,FW",26,1998,34,23,1963.0,21.8,0,1,1,0,0,0,9,0,1.5,1.5,1.3,2.8,16,83,33,0.00,0.05,0.05,0.00,0.05,0.07,0.06,0.13,0.07,0.13,Matches,N/A,N/A,N/A,N/A,N/A,N/A,N/A,N/A,N/A,N/A,N/A,N/A,N/A,N/A,N/A,N/A,N/A,N/A,N/A,N/A,N/A,N/A,N/A,N/A,N/A,N/A,N/A,N/A,N/A,N/A,N/A,N/A,N/A,N/A,N/A,N/A,N/A,21,9,42.9,0.96,0.41,0.00,0.00,18.9,0.07,-1.5,-1.5,11995,3387,463,91.1,279,312,89.4,34,55,61.8,1.6,-0.3,13,81,11,1,890,50,7,0,7,6,0,0,0,7,11,38,1.74,29,1,0,3,2,0,0.00,0,0,0,0,0,0,86,45,40,35,11,36,47.4,40,26,29,115,54,1,1218,78,33,3,33.3,4,44.4,471,2,23,12,676,58,57.4,73,5,11,26,3,1.76,31,27,+4,+0.18,-0.31,25.4,31.1,-5.6,-0.26,-0.40,0,33,0,0,114,27,54.0
Patrick Dorgu,Manchester Utd,dk DEN,DF,19,2004,12,10,842.0,9.4,0,0,0,0,0,0,3,1,0.4,0.4,0.7,1.2,41,34,83,0.00,0.00,0.00,0.00,0.00,0.05,0.08,0.12,0.05,0.12,Matches,N/A,N/A,N/A,N/A,N/A,N/A,N/A,N/A,N/A,N/A,N/A,N/A,N/A,N/A,N/A,N/A,N/A,N/A,N/A,N/A,N/A,N/A,N/A,N/A,N/A,N/A,N/A,N/A,N/A,N/A,N/A,N/A,N/A,N/A,N/A,N/A,N/A,10,2,20.0,1.07,0.21,0.00,0.00,16.4,0.04,-0.4,-0.4,5631,1295,250,89.3,124,159,78.0,12,28,42.9,1.3,-0.7,12,23,11,2,419,74,0,1,39,65,0,0,0,1,8,24,2.57,21,0,0,2,1,1,0.11,0,0,0,0,1,0,31,24,15,14,2,16,69.6,7,11,4,35,23,2,602,16,32,3,23.1,6,46.2,354,7,12,10,399,70,24.6,77,6,2,34,0,0.75,7,11,-4,-0.43,-0.22,12.6,9.9,+2.7,+0.29,+0.43,0,17,0,0,37,15,62.5
Abdoulaye Doucouré,Everton,ml MLI,MF,31,1993,33,31,2564.0,28.5,3,2,5,3,0,0,5,1,4.1,4.1,2.4,6.6,42,82,96,0.11,0.07,0.18,0.11,0.18,0.15,0.09,0.23,0.15,0.23,Matches,N/A,N/A,N/A,N/A,N/A,N/A,N/A,N/A,N/A,N/A,N/A,N/A,N/A,N/A,N/A,N/A,N/A,N/A,N/A,N/A,N/A,N/A,N/A,N/A,N/A,N/A,N/A,N/A,N/A,N/A,N/A,N/A,N/A,N/A,N/A,N/A,N/A,31,9,29.0,1.09,0.32,0.10,0.33,14.0,0.13,-1.1,-1.1,10909,2254,382,85.7,263,316,83.2,44,60,73.3,1.4,-0.4,28,44,15,0,884,14,0,2,23,0,0,0,0,5,27,58,2.04,52,0,3,0,1,3,0.11,2,0,0,0,0,1,48,28,21,20,7,14,32.6,29,25,10,58,20,1,1161,32,65,24,53.3,21,46.7,604,8,38,38,750,78,75.0,82,16,2,12,1,1.30,28,33,-5,-0.18,-0.49,31.0,34.8,-3.8,-0.13,-0.07,1,49,0,0,150,30,40.5
Cheick Doucouré,Crystal Palace,ml MLI,MF,24,2000,13,4,452.0,5.0,0,0,0,0,0,0,1,0,0.4,0.4,0.0,0.4,2,19,7,0.00,0.00,0.00,0.00,0.00,0.08,0.00,0.08,0.08,0.08,Matches,N/A,N/A,N/A,N/A,N/A,N/A,N/A,N/A,N/A,N/A,N/A,N/A,N/A,N/A,N/A,N/A,N/A,N/A,N/A,N/A,N/A,N/A,N/A,N/A,N/A,N/A,N/A,N/A,N/A,N/A,N/A,N/A,N/A,N/A,N/A,N/A,N/A,7,0,0.0,1.39,0.00,0.00,N/A,20.6,0.06,-0.4,-0.4,2909,823,84,89.4,70,78,89.7,16,20,80.0,0.1,0.0,1,17,3,0,201,3,0,0,1,0,0,0,0,0,4,9,1.79,5,0,0,1,1,3,0.60,1,0,0,1,1,0,16,8,6,8,2,5,45.5,6,4,11,27,10,1,263,11,4,2,40.0,2,40.0,133,1,4,7,160,35,13.2,55,0,9,26,4,1.38,5,6,-1,-0.20,-0.23,6.8,7.7,-0.9,-0.17,-0.54,0,7,0,0,31,5,50.0
Flynn Downes,Southampton,eng ENG,MF,25,1999,27,25,2151.0,23.9,1,0,1,1,0,0,12,0,0.6,0.6,1.1,1.7,29,66,29,0.04,0.00,0.04,0.04,0.04,0.03,0.05,0.07,0.03,0.07,Matches,N/A,N/A,N/A,N/A,N/A,N/A,N/A,N/A,N/A,N/A,N/A,N/A,N/A,N/A,N/A,N/A,N/A,N/A,N/A,N/A,N/A,N/A,N/A,N/A,N/A,N/A,N/A,N/A,N/A,N/A,N/A,N/A,N/A,N/A,N/A,N/A,N/A,10,3,30.0,0.42,0.13,0.10,0.33,18.7,0.06,+0.4,+0.4,14646,2893,577,93.1,352,382,92.1,37,53,69.8,1.4,-1.1,15,62,12,0,1079,29,7,1,4,0,0,0,0,1,13,31,1.30,27,2,0,0,1,2,0.08,1,1,0,0,0,0,49,25,23,21,5,15,41.7,21,19,32,81,51,4,1339,99,21,8,40.0,8,40.0,641,4,15,17,945,80,62.9,85,18,2,13,2,0.33,14,49,-35,-1.46,+0.31,21.2,46.7,-25.5,-1.07,+0.82,0,50,0,0,83,17,50.0
Tommy Doyle,Wolves,eng ENG,MF,22,2001,24,3,488.0,5.4,0,1,1,0,0,0,1,0,0.6,0.6,0.5,1.1,6,40,4,0.00,0.18,0.18,0.00,0.18,0.10,0.09,0.20,0.10,0.20,Matches,N/A,N/A,N/A,N/A,N/A,N/A,N/A,N/A,N/A,N/A,N/A,N/A,N/A,N/A,N/A,N/A,N/A,N/A,N/A,N/A,N/A,N/A,N/A,N/A,N/A,N/A,N/A,N/A,N/A,N/A,N/A,N/A,N/A,N/A,N/A,N/A,N/A,9,2,22.2,1.66,0.37,0.00,0.00,24.5,0.06,-0.6,-0.6,6591,2010,112,94.1,138,155,89.0,61,93,65.6,0.3,+0.5,7,44,3,0,353,35,0,6,15,3,6,4,0,4,8,17,3.13,11,4,1,0,0,3,0.55,2,0,1,0,0,0,11,6,6,3,2,6,40.0,9,6,5,16,11,1,463,22,4,5,55.6,1,11.1,260,0,9,4,303,20,14.3,70,1,21,13,9,0.96,7,10,-3,-0.55,-0.18,6.9,10.3,-3.4,-0.63,-0.30,0,5,0,0,43,1,14.3
Radu Drăgușin,Tottenham,ro ROU,DF,22,2002,16,14,1252.0,13.9,0,0,0,0,0,0,1,0,0.1,0.1,0.4,0.5,7,37,2,0.00,0.00,0.00,0.00,0.00,0.01,0.03,0.04,0.01,0.04,Matches,N/A,N/A,N/A,N/A,N/A,N/A,N/A,N/A,N/A,N/A,N/A,N/A,N/A,N/A,N/A,N/A,N/A,N/A,N/A,N/A,N/A,N/A,N/A,N/A,N/A,N/A,N/A,N/A,N/A,N/A,N/A,N/A,N/A,N/A,N/A,N/A,N/A,5,1,20.0,0.36,0.07,0.00,0.00,12.7,0.02,-0.1,-0.1,13638,5250,223,91.0,437,470,93.0,47,107,43.9,0.2,-0.4,4,52,2,1,793,47,1,3,1,3,0,0,0,0,5,8,0.58,8,0,0,0,0,1,0.07,1,0,0,0,0,0,10,6,8,2,0,6,50.0,6,6,15,25,49,4,961,148,12,0,0.0,0,0.0,623,0,8,2,669,78,36.6,83,11,2,43,7,0.88,25,29,-4,-0.29,-0.41,21.8,29.7,-7.9,-0.57,-0.71,0,6,0,0,48,33,60.0
Martin Dúbravka,Newcastle Utd,sk SVK,GK,35,1989,10,10,900.0,10.0,0,0,0,0,0,0,0,0,0.0,0.0,0.0,0.0,0,0,0,0.00,0.00,0.00,0.00,0.00,0.00,0.00,0.00,0.00,0.00,Matches,12,1.20,41,29,70.7,7,0,3,5,50.0,0,0,0,N/A,0,1,0,12.9,0.32,+0.9,+0.09,18,80,22.5,273,54,15.8,25.2,59,62.7,45.4,127,10,7.9,11,1.10,15.3,0,0,N/A,0.00,0.00,N/A,N/A,N/A,N/A,0.0,0.0,5932,3082,58,100.0,161,161,100.0,45,112,40.2,0.0,0.0,0,0,0,0,246,86,0,1,0,0,0,0,0,1,0,0,0.00,0,0,0,0,0,0,0.00,0,0,0,0,0,0,0,0,0,0,0,0,N/A,0,0,0,0,3,0,350,262,0,0,N/A,0,N/A,202,0,0,0,175,90,26.3,90,10,0,N/A,24,2.10,23,12,+11,+1.10,+0.74,20.2,10.8,+9.4,+0.94,+0.62,0,0,0,0,18,4,100.0
Lewis Dunk,Brighton,eng ENG,DF,32,1991,25,23,2083.0,23.1,0,0,0,0,0,0,5,0,0.8,0.8,0.5,1.3,20,142,3,0.00,0.00,0.00,0.00,0.00,0.03,0.02,0.06,0.03,0.06,Matches,N/A,N/A,N/A,N/A,N/A,N/A,N/A,N/A,N/A,N/A,N/A,N/A,N/A,N/A,N/A,N/A,N/A,N/A,N/A,N/A,N/A,N/A,N/A,N/A,N/A,N/A,N/A,N/A,N/A,N/A,N/A,N/A,N/A,N/A,N/A,N/A,N/A,12,3,25.0,0.52,0.13,0.00,0.00,12.1,0.07,-0.8,-0.8,32940,10612,668,96.4,954,1002,95.2,143,228,62.7,1.0,-0.5,6,157,6,0,1818,131,2,10,5,10,0,0,0,4,7,19,0.82,17,0,0,0,0,3,0.13,2,0,0,1,0,0,17,10,8,7,2,11,57.9,8,10,13,30,79,2,2127,258,21,0,0.0,1,100.0,1341,0,9,3,1556,83,60.9,89,21,2,24,2,1.24,33,42,-9,-0.39,-1.47,32.1,35.4,-3.3,-0.14,-0.65,0,7,0,0,104,51,62.2
Jáder Durán,Aston Villa,co COL,FW,20,2003,20,4,638.0,7.1,7,0,7,7,0,0,3,1,4.9,4.9,0.2,5.1,7,13,44,0.99,0.00,0.99,0.99,0.99,0.69,0.03,0.71,0.69,0.71,Matches,N/A,N/A,N/A,N/A,N/A,N/A,N/A,N/A,N/A,N/A,N/A,N/A,N/A,N/A,N/A,N/A,N/A,N/A,N/A,N/A,N/A,N/A,N/A,N/A,N/A,N/A,N/A,N/A,N/A,N/A,N/A,N/A,N/A,N/A,N/A,N/A,N/A,31,15,48.4,4.37,2.12,0.23,0.47,15.6,0.16,+2.1,+2.1,1558,307,68,81.0,34,50,68.0,5,11,45.5,0.3,-0.2,4,10,1,0,155,7,2,0,3,0,0,0,0,1,4,18,2.54,9,0,0,3,2,1,0.14,0,0,0,0,0,1,8,7,1,2,5,1,25.0,3,5,0,8,13,0,263,13,47,3,21.4,9,64.3,133,2,16,15,192,32,18.7,60,0,16,25,1,1.50,12,12,0,0.00,-0.23,9.2,9.7,-0.5,-0.07,-0.28,0,14,0,0,19,19,50.0
Ederson,Manchester City,br BRA,GK,30,1993,26,26,2320.0,25.8,0,4,4,0,0,0,4,0,0.0,0.0,1.5,1.5,0,2,0,0.00,0.16,0.16,0.00,0.16,0.00,0.06,0.06,0.00,0.06,Matches,26,1.01,78,53,69.2,16,4,6,10,38.5,2,0,0,0.0,0,3,1,30.0,0.37,+5.0,+0.19,72,165,43.6,846,108,17.4,27.9,77,23.4,31.9,224,13,5.8,49,1.90,17.5,0,0,N/A,0.00,0.00,N/A,N/A,N/A,N/A,0.0,0.0,19885,13212,142,100.0,471,479,98.3,194,297,65.3,0.2,+2.5,4,21,1,0,817,106,1,2,0,0,0,0,0,0,1,6,0.23,6,0,0,0,0,4,0.16,4,0,0,0,0,0,0,0,0,0,0,0,0.0,2,0,1,1,11,4,975,689,0,0,N/A,0,N/A,654,0,1,0,616,89,67.8,89,25,0,N/A,4,2.00,49,26,+23,+0.89,+0.48,49.0,28.7,+20.3,+0.79,+0.78,0,1,0,1,42,4,80.0
Odsonne Édouard,Crystal Palace,fr FRA,"MF,FW",26,1998,2,1,115.0,1.3,0,0,0,0,0,0,0,0,0.4,0.4,0.0,0.4,3,4,7,0.00,0.00,0.00,0.00,0.00,0.31,0.04,0.34,0.31,0.34,Matches,N/A,N/A,N/A,N/A,N/A,N/A,N/A,N/A,N/A,N/A,N/A,N/A,N/A,N/A,N/A,N/A,N/A,N/A,N/A,N/A,N/A,N/A,N/A,N/A,N/A,N/A,N/A,N/A,N/A,N/A,N/A,N/A,N/A,N/A,N/A,N/A,N/A,5,1,20.0,3.91,0.78,0.00,0.00,20.9,0.08,-0.4,-0.4,230,46,11,68.8,4,7,57.1,1,1,100.0,0.0,0.0,1,2,0,0,28,0,0,0,1,0,0,0,0,0,2,1,0.78,1,0,0,0,0,0,0.00,0,0,0,0,0,0,1,0,0,1,0,0,0.0,2,1,0,1,1,0,45,1,8,0,0.0,1,100.0,24,2,4,1,26,58,3.4,70,0,1,45,0,0.00,1,2,-1,-0.78,-0.81,1.7,2.1,-0.4,-0.28,-0.60,0,4,0,0,5,1,20.0
Anthony Elanga,Nott'ham Forest,se SWE,"FW,MF",22,2002,38,31,2501.0,27.8,6,11,17,6,0,0,1,0,4.5,4.5,5.7,10.1,102,63,229,0.22,0.40,0.61,0.22,0.61,0.16,0.20,0.36,0.16,0.36,Matches,N/A,N/A,N/A,N/A,N/A,N/A,N/A,N/A,N/A,N/A,N/A,N/A,N/A,N/A,N/A,N/A,N/A,N/A,N/A,N/A,N/A,N/A,N/A,N/A,N/A,N/A,N/A,N/A,N/A,N/A,N/A,N/A,N/A,N/A,N/A,N/A,N/A,44,24,54.5,1.58,0.86,0.14,0.25,17.6,0.10,+1.5,+1.5,8021,2660,318,82.2,150,232,64.7,46,131,35.1,5.1,+5.3,50,32,26,8,697,126,3,0,185,6,43,39,0,4,24,102,3.67,56,23,5,11,0,18,0.65,10,4,1,0,3,0,19,14,8,8,3,5,29.4,12,10,6,25,25,0,1115,29,110,25,30.1,39,47.0,600,48,79,43,764,66,73.1,76,12,7,22,0,1.71,45,35,+10,+0.36,+0.16,33.9,37.6,-3.6,-0.13,-0.15,0,9,0,0,89,24,39.3
Harvey Elliott,Liverpool,eng ENG,MF,21,2003,18,2,371.0,4.1,1,2,3,1,0,0,1,0,1.8,1.8,1.1,2.8,10,44,30,0.24,0.49,0.73,0.24,0.73,0.43,0.26,0.69,0.43,0.69,Matches,N/A,N/A,N/A,N/A,N/A,N/A,N/A,N/A,N/A,N/A,N/A,N/A,N/A,N/A,N/A,N/A,N/A,N/A,N/A,N/A,N/A,N/A,N/A,N/A,N/A,N/A,N/A,N/A,N/A,N/A,N/A,N/A,N/A,N/A,N/A,N/A,N/A,17,4,23.5,4.12,0.97,0.06,0.25,16.9,0.10,-0.8,-0.8,4164,1016,120,92.3,91,108,84.3,22,33,66.7,0.7,+0.9,10,26,6,0,267,22,1,3,12,8,3,1,0,3,4,21,5.11,17,3,1,0,0,3,0.73,3,0,0,0,0,0,5,3,3,1,1,2,25.0,6,5,1,6,3,1,339,5,21,4,44.4,4,44.4,188,5,5,4,253,21,10.8,79,1,16,13,12,2.06,11,6,+5,+1.21,+0.03,11.2,6.1,+5.1,+1.23,+0.09,0,0,0,0,15,1,33.3
Julio Enciso,Ipswich Town,py PAR,"MF,FW",20,2004,13,12,869.0,9.7,2,3,5,2,0,0,3,0,1.7,1.7,1.4,3.1,23,28,44,0.21,0.31,0.52,0.21,0.52,0.18,0.14,0.32,0.18,0.32,Matches,N/A,N/A,N/A,N/A,N/A,N/A,N/A,N/A,N/A,N/A,N/A,N/A,N/A,N/A,N/A,N/A,N/A,N/A,N/A,N/A,N/A,N/A,N/A,N/A,N/A,N/A,N/A,N/A,N/A,N/A,N/A,N/A,N/A,N/A,N/A,N/A,N/A,32,11,34.4,3.31,1.14,0.06,0.18,23.0,0.05,+0.3,+0.3,2779,819,79,77.5,72,97,74.2,10,22,45.5,1.1,+1.6,13,18,8,1,210,37,4,0,21,2,11,1,0,1,11,29,3.00,16,4,6,0,1,4,0.41,2,1,1,0,0,0,12,9,3,6,3,4,36.4,7,7,1,13,6,0,406,5,23,30,45.5,28,42.4,205,9,24,30,262,67,25.4,71,2,1,12,0,0.46,9,18,-9,-0.93,+0.37,9.7,16.4,-6.7,-0.70,+0.42,0,9,0,1,43,8,32.0
Julio Enciso,Brighton,py PAR,"MF,FW",20,2004,12,2,294.0,3.3,0,0,0,0,0,0,0,0,1.0,1.0,0.2,1.2,11,14,17,0.00,0.00,0.00,0.00,0.00,0.31,0.07,0.38,0.31,0.38,Matches,N/A,N/A,N/A,N/A,N/A,N/A,N/A,N/A,N/A,N/A,N/A,N/A,N/A,N/A,N/A,N/A,N/A,N/A,N/A,N/A,N/A,N/A,N/A,N/A,N/A,N/A,N/A,N/A,N/A,N/A,N/A,N/A,N/A,N/A,N/A,N/A,N/A,20,11,55.0,6.12,3.37,0.00,0.00,21.3,0.05,-1.0,-1.0,1464,392,61,81.3,29,40,72.5,5,22,22.7,0.3,-0.2,5,13,4,1,134,16,0,1,20,0,6,3,0,0,5,12,3.69,5,1,3,2,0,0,0.00,0,0,0,0,0,0,0,0,0,0,0,0,0.0,2,2,0,0,1,0,202,2,20,10,47.6,8,38.1,114,4,7,9,141,25,8.6,67,0,10,16,7,1.50,3,4,-1,-0.31,-0.54,4.5,4.9,-0.5,-0.14,-0.28,0,3,0,0,15,6,54.5
Wataru Endo,Liverpool,jp JPN,"MF,DF",31,1993,20,1,273.0,3.0,0,0,0,0,0,0,0,0,0.0,0.0,0.1,0.1,1,19,8,0.00,0.00,0.00,0.00,0.00,0.00,0.02,0.02,0.00,0.02,Matches,N/A,N/A,N/A,N/A,N/A,N/A,N/A,N/A,N/A,N/A,N/A,N/A,N/A,N/A,N/A,N/A,N/A,N/A,N/A,N/A,N/A,N/A,N/A,N/A,N/A,N/A,N/A,N/A,N/A,N/A,N/A,N/A,N/A,N/A,N/A,N/A,N/A,0,0,N/A,0.00,0.00,N/A,N/A,N/A,N/A,0.0,0.0,2833,700,91,93.8,77,80,96.3,8,8,100.0,0.1,-0.1,2,16,1,0,188,6,0,0,1,4,0,0,0,0,2,6,1.96,6,0,0,0,0,0,0.00,0,0,0,0,0,0,12,8,7,5,0,6,60.0,4,7,6,18,9,0,237,12,3,2,100.0,0,0.0,110,1,6,3,163,14,8.0,68,0,19,11,17,2.50,4,5,-1,-0.33,-1.65,5.4,4.2,+1.2,+0.39,-0.82,0,15,0,0,14,3,42.9
Christian Eriksen,Manchester Utd,dk DEN,MF,32,1992,23,11,1061.0,11.8,1,2,3,0,1,1,4,0,1.4,0.6,3.2,3.8,13,55,29,0.08,0.17,0.25,0.00,0.17,0.12,0.27,0.39,0.05,0.32,Matches,N/A,N/A,N/A,N/A,N/A,N/A,N/A,N/A,N/A,N/A,N/A,N/A,N/A,N/A,N/A,N/A,N/A,N/A,N/A,N/A,N/A,N/A,N/A,N/A,N/A,N/A,N/A,N/A,N/A,N/A,N/A,N/A,N/A,N/A,N/A,N/A,N/A,14,1,7.1,1.19,0.08,0.00,0.00,25.8,0.04,-0.4,-0.6,9936,3131,312,92.0,194,242,80.2,62,130,47.7,2.6,-1.2,31,54,13,6,645,102,8,8,85,5,24,20,5,2,6,56,4.74,38,15,0,0,0,7,0.59,5,2,0,0,0,0,19,9,4,12,3,11,40.7,16,10,7,26,8,0,850,26,17,0,0.0,4,100.0,473,1,13,5,566,46,31.0,80,5,12,15,12,1.13,17,16,+1,+0.08,+0.50,18.3,18.2,+0.1,+0.01,+0.07,0,8,0,0,62,2,25.0
Romain Esse,Crystal Palace,eng ENG,MF,19,2005,7,1,138.0,1.5,1,1,2,1,0,0,0,0,0.3,0.3,0.4,0.7,1,7,14,0.65,0.65,1.30,0.65,1.30,0.21,0.27,0.48,0.21,0.48,Matches,N/A,N/A,N/A,N/A,N/A,N/A,N/A,N/A,N/A,N/A,N/A,N/A,N/A,N/A,N/A,N/A,N/A,N/A,N/A,N/A,N/A,N/A,N/A,N/A,N/A,N/A,N/A,N/A,N/A,N/A,N/A,N/A,N/A,N/A,N/A,N/A,N/A,1,1,100.0,0.65,0.65,1.00,1.00,2.8,0.32,+0.7,+0.7,475,202,20,87.0,10,14,71.4,2,4,50.0,0.4,+0.6,3,2,1,0,42,0,1,0,0,0,0,0,0,0,1,8,5.18,6,0,1,1,0,3,1.94,1,0,1,0,1,0,9,6,4,3,2,5,100.0,0,2,1,10,2,0,73,1,9,2,33.3,4,66.7,38,2,6,2,43,20,4.0,80,0,6,10,8,1.57,5,3,+2,+1.30,+1.36,2.6,1.9,+0.7,+0.46,+0.17,0,2,0,0,9,3,60.0
Pervis Estupiñán,Brighton,ec ECU,DF,26,1998,30,26,2402.0,26.7,1,1,2,1,0,0,5,0,1.2,1.2,2.1,3.3,59,132,112,0.04,0.04,0.07,0.04,0.07,0.04,0.08,0.12,0.04,0.12,Matches,N/A,N/A,N/A,N/A,N/A,N/A,N/A,N/A,N/A,N/A,N/A,N/A,N/A,N/A,N/A,N/A,N/A,N/A,N/A,N/A,N/A,N/A,N/A,N/A,N/A,N/A,N/A,N/A,N/A,N/A,N/A,N/A,N/A,N/A,N/A,N/A,N/A,28,9,32.1,1.05,0.34,0.04,0.11,24.5,0.04,-0.2,-0.2,20347,6261,782,93.2,451,540,83.5,74,158,46.8,2.5,-1.1,26,105,34,18,1370,237,0,5,119,180,23,9,3,3,28,58,2.17,39,13,0,4,0,4,0.15,3,0,0,0,1,0,65,43,33,25,7,34,66.7,17,15,37,102,65,2,1915,89,35,19,55.9,13,38.2,1023,9,34,27,1144,80,70.2,88,22,4,27,1,1.57,47,44,+3,+0.11,-0.24,42.6,39.6,+3.0,+0.11,+0.01,0,36,0,0,147,46,63.9
Evanilson,Bournemouth,br BRA,FW,24,1999,31,28,2319.0,25.8,10,1,11,10,0,1,1,1,12.5,11.7,1.9,13.6,29,28,99,0.39,0.04,0.43,0.39,0.43,0.48,0.07,0.56,0.45,0.53,Matches,N/A,N/A,N/A,N/A,N/A,N/A,N/A,N/A,N/A,N/A,N/A,N/A,N/A,N/A,N/A,N/A,N/A,N/A,N/A,N/A,N/A,N/A,N/A,N/A,N/A,N/A,N/A,N/A,N/A,N/A,N/A,N/A,N/A,N/A,N/A,N/A,N/A,72,31,43.1,2.79,1.20,0.14,0.32,12.8,0.16,-2.5,-1.7,3038,622,154,76.2,54,72,75.0,11,16,68.8,1.8,-0.9,26,14,6,0,337,4,4,4,0,0,0,0,0,1,11,61,2.37,39,0,3,9,0,8,0.31,2,0,1,1,4,0,16,10,6,5,5,8,66.7,4,9,1,17,21,0,558,23,127,7,33.3,8,38.1,333,15,38,24,400,75,67.8,80,7,3,23,1,1.45,34,29,+5,+0.19,-0.38,44.1,26.6,+17.5,+0.68,+0.84,0,37,5,0,67,42,40.4
Jonny Evans,Manchester Utd,nir NIR,DF,36,1988,7,3,315.0,3.5,0,0,0,0,0,0,1,0,0.1,0.1,0.0,0.1,3,10,3,0.00,0.00,0.00,0.00,0.00,0.04,0.00,0.04,0.04,0.04,Matches,N/A,N/A,N/A,N/A,N/A,N/A,N/A,N/A,N/A,N/A,N/A,N/A,N/A,N/A,N/A,N/A,N/A,N/A,N/A,N/A,N/A,N/A,N/A,N/A,N/A,N/A,N/A,N/A,N/A,N/A,N/A,N/A,N/A,N/A,N/A,N/A,N/A,2,1,50.0,0.57,0.29,0.00,0.00,11.4,0.06,-0.1,-0.1,3090,906,90,94.7,89,100,89.0,7,14,50.0,0.0,0.0,0,10,1,0,197,20,0,0,0,3,0,0,0,0,1,2,0.57,2,0,0,0,0,0,0.00,0,0,0,0,0,0,8,6,4,4,0,3,50.0,3,1,5,13,15,0,250,36,3,1,100.0,0,0.0,143,0,1,0,151,45,9.2,77,1,4,21,10,2.43,8,2,+6,+1.71,+2.18,5.6,3.0,+2.6,+0.75,+0.86,0,5,0,0,16,9,75.0
Eberechi Eze,Crystal Palace,eng ENG,"MF,FW",26,1998,34,31,2588.0,28.8,8,8,16,7,1,2,1,0,10.5,8.9,6.2,15.1,69,97,153,0.28,0.28,0.56,0.24,0.52,0.36,0.22,0.58,0.31,0.53,Matches,N/A,N/A,N/A,N/A,N/A,N/A,N/A,N/A,N/A,N/A,N/A,N/A,N/A,N/A,N/A,N/A,N/A,N/A,N/A,N/A,N/A,N/A,N/A,N/A,N/A,N/A,N/A,N/A,N/A,N/A,N/A,N/A,N/A,N/A,N/A,N/A,N/A,100,27,27.0,3.48,0.94,0.07,0.26,21.5,0.09,-2.5,-1.9,13226,3540,380,84.6,299,365,81.9,77,168,45.8,4.7,+1.8,58,49,39,4,849,180,11,6,112,3,39,10,0,18,17,135,4.69,72,29,11,9,1,10,0.35,9,1,0,0,0,0,39,22,14,16,9,17,47.2,19,27,11,50,10,3,1414,17,95,67,48.6,62,44.9,840,22,55,45,907,76,75.7,81,13,3,28,0,1.50,39,34,+5,+0.17,+0.71,45.4,34.5,+10.9,+0.38,+0.33,0,13,0,0,146,7,15.9
Łukasz Fabiański,West Ham,pl POL,GK,39,1985,14,13,1160.0,12.9,0,0,0,0,0,0,2,0,0.0,0.0,0.0,0.0,0,0,0,0.00,0.00,0.00,0.00,0.00,0.00,0.00,0.00,0.00,0.00,Matches,21,1.63,71,50,74.6,6,3,4,2,15.4,3,0,0,0.0,1,3,0,22.6,0.29,+1.6,+0.12,77,226,34.1,394,55,41.9,35.5,100,61.0,45.1,220,10,4.5,12,0.93,13.1,0,0,N/A,0.00,0.00,N/A,N/A,N/A,N/A,0.0,0.0,9586,6808,59,100.0,159,160,99.4,114,275,41.5,0.0,0.0,0,5,0,0,351,143,0,0,0,0,0,0,0,1,0,3,0.23,2,1,0,0,0,0,0.00,0,0,0,0,0,0,0,0,0,0,0,0,0.0,1,0,0,0,5,1,530,414,0,3,100.0,0,0.0,285,0,0,0,248,83,33.9,86,12,1,45,21,1.50,17,21,-4,-0.31,+0.17,16.9,22.4,-5.5,-0.43,-0.14,0,2,0,2,5,3,75.0
Wout Faes,Leicester City,be BEL,DF,26,1998,34,30,2815.0,31.3,1,0,1,1,0,0,4,0,1.5,1.5,0.1,1.6,12,86,1,0.03,0.00,0.03,0.03,0.03,0.05,0.00,0.05,0.05,0.05,Matches,N/A,N/A,N/A,N/A,N/A,N/A,N/A,N/A,N/A,N/A,N/A,N/A,N/A,N/A,N/A,N/A,N/A,N/A,N/A,N/A,N/A,N/A,N/A,N/A,N/A,N/A,N/A,N/A,N/A,N/A,N/A,N/A,N/A,N/A,N/A,N/A,N/A,12,1,8.3,0.38,0.03,0.08,1.00,9.7,0.13,-0.5,-0.5,25369,9014,537,94.4,724,763,94.9,110,204,53.9,0.4,-0.1,4,83,6,0,1507,54,2,7,5,6,0,0,0,3,7,17,0.54,15,0,0,0,1,0,0.00,0,0,0,0,0,0,42,26,26,14,2,25,52.1,23,13,26,68,185,4,1906,318,27,5,83.3,1,16.7,1107,2,17,6,1268,83,82.3,90,30,4,29,1,0.71,29,63,-34,-1.09,+0.85,27.7,57.3,-29.6,-0.94,+0.50,0,23,0,0,90,45,55.6
Abdul Fatawu Issahaku,Leicester City,gh GHA,FW,20,2004,11,6,579.0,6.4,0,2,2,0,0,0,0,0,0.4,0.4,1.6,2.0,42,17,60,0.00,0.31,0.31,0.00,0.31,0.06,0.24,0.31,0.06,0.31,Matches,N/A,N/A,N/A,N/A,N/A,N/A,N/A,N/A,N/A,N/A,N/A,N/A,N/A,N/A,N/A,N/A,N/A,N/A,N/A,N/A,N/A,N/A,N/A,N/A,N/A,N/A,N/A,N/A,N/A,N/A,N/A,N/A,N/A,N/A,N/A,N/A,N/A,13,5,38.5,2.02,0.78,0.00,0.00,31.2,0.03,-0.4,-0.4,2150,601,59,72.8,45,59,76.3,16,33,48.5,1.4,+0.4,6,7,7,2,186,11,2,2,30,9,0,0,0,0,18,17,2.64,10,0,2,4,0,3,0.47,2,0,0,1,0,0,21,15,13,2,6,11,57.9,8,7,4,25,12,0,326,19,26,29,42.0,28,40.6,217,15,18,12,216,53,16.9,86,5,5,12,0,0.91,7,14,-7,-1.09,+0.18,6.8,10.7,-3.9,-0.60,+0.52,0,11,0,0,38,14,51.9
João Félix,Chelsea,pt POR,"FW,MF",24,1999,12,3,369.0,4.1,1,1,2,1,0,0,2,0,2.2,2.2,1.0,3.2,21,26,30,0.24,0.24,0.49,0.24,0.49,0.54,0.23,0.78,0.54,0.78,Matches,N/A,N/A,N/A,N/A,N/A,N/A,N/A,N/A,N/A,N/A,N/A,N/A,N/A,N/A,N/A,N/A,N/A,N/A,N/A,N/A,N/A,N/A,N/A,N/A,N/A,N/A,N/A,N/A,N/A,N/A,N/A,N/A,N/A,N/A,N/A,N/A,N/A,20,5,25.0,4.88,1.22,0.05,0.20,15.9,0.11,-1.2,-1.2,2588,663,95,90.5,62,68,91.2,10,15,66.7,0.5,0.0,6,22,8,0,193,5,2,1,0,3,0,0,0,1,5,18,4.38,12,0,2,1,0,3,0.73,1,0,1,0,1,0,8,3,2,5,1,5,55.6,4,2,3,11,2,0,272,2,30,10,32.3,14,45.2,193,5,6,4,218,31,10.8,75,1,9,16,8,2.25,10,4,+6,+1.46,+1.02,13.8,5.7,+8.1,+1.98,+1.61,0,6,0,0,22,4,44.4
Evan Ferguson,West Ham,ie IRL,FW,19,2004,8,1,156.0,1.7,0,0,0,0,0,0,0,0,0.6,0.6,0.3,0.9,1,1,7,0.00,0.00,0.00,0.00,0.00,0.32,0.17,0.50,0.32,0.50,Matches,N/A,N/A,N/A,N/A,N/A,N/A,N/A,N/A,N/A,N/A,N/A,N/A,N/A,N/A,N/A,N/A,N/A,N/A,N/A,N/A,N/A,N/A,N/A,N/A,N/A,N/A,N/A,N/A,N/A,N/A,N/A,N/A,N/A,N/A,N/A,N/A,N/A,5,1,20.0,2.88,0.58,0.00,0.00,17.2,0.11,-0.6,-0.6,375,21,21,80.8,5,7,71.4,1,2,50.0,0.3,-0.3,2,1,0,0,35,1,1,1,0,0,0,0,0,1,0,4,2.31,2,0,1,0,0,0,0.00,0,0,0,0,0,0,3,1,0,1,2,0,N/A,0,1,1,4,1,0,66,1,10,3,60.0,2,40.0,31,1,8,5,42,20,4.6,45,0,7,16,4,1.13,0,2,-2,-1.15,-0.77,1.9,1.3,+0.6,+0.36,+0.72,0,1,0,0,8,5,33.3
Evan Ferguson,Brighton,ie IRL,FW,19,2004,13,2,246.0,2.7,1,0,1,1,0,0,0,0,0.5,0.5,0.4,1.0,2,1,9,0.37,0.00,0.37,0.37,0.37,0.20,0.15,0.35,0.20,0.35,Matches,N/A,N/A,N/A,N/A,N/A,N/A,N/A,N/A,N/A,N/A,N/A,N/A,N/A,N/A,N/A,N/A,N/A,N/A,N/A,N/A,N/A,N/A,N/A,N/A,N/A,N/A,N/A,N/A,N/A,N/A,N/A,N/A,N/A,N/A,N/A,N/A,N/A,7,2,28.6,2.56,0.73,0.14,0.50,19.2,0.08,+0.5,+0.5,484,44,31,86.1,8,11,72.7,1,4,25.0,0.4,-0.4,3,1,0,0,52,5,0,0,0,0,0,0,0,1,1,4,1.47,3,0,1,0,0,0,0.00,0,0,0,0,0,0,4,3,0,3,1,2,40.0,3,2,0,4,4,0,88,7,9,1,50.0,1,50.0,42,2,5,6,52,19,7.2,65,0,11,11,2,0.92,4,7,-3,-1.10,-1.38,2.9,4.8,-1.9,-0.71,-0.88,0,3,0,0,10,4,30.8
Bruno Fernandes,Manchester Utd,pt POR,MF,29,1994,36,35,3018.0,33.5,8,10,18,5,3,3,5,2,9.9,7.6,8.5,16.1,77,325,129,0.24,0.30,0.54,0.15,0.45,0.30,0.25,0.55,0.23,0.48,Matches,N/A,N/A,N/A,N/A,N/A,N/A,N/A,N/A,N/A,N/A,N/A,N/A,N/A,N/A,N/A,N/A,N/A,N/A,N/A,N/A,N/A,N/A,N/A,N/A,N/A,N/A,N/A,N/A,N/A,N/A,N/A,N/A,N/A,N/A,N/A,N/A,N/A,93,26,28.0,2.77,0.78,0.05,0.19,22.6,0.08,-1.9,-2.6,30541,10698,802,87.3,629,769,81.8,223,405,55.1,8.0,+1.5,91,214,85,11,1988,237,31,22,186,19,44,22,5,17,55,193,5.76,136,37,5,7,2,13,0.39,10,2,0,1,0,0,84,50,27,38,19,34,40.0,51,29,26,110,35,3,2649,62,80,28,41.8,33,49.3,1542,14,43,43,1853,84,88.2,85,28,1,32,1,1.17,41,43,-2,-0.06,+1.73,48.5,45.2,+3.2,+0.10,+1.10,1,32,0,0,213,22,44.0
Mateus Fernandes,Southampton,pt POR,MF,20,2004,36,34,2909.0,32.3,2,4,6,2,0,0,8,0,4.0,4.0,3.0,7.0,76,145,108,0.06,0.12,0.19,0.06,0.19,0.12,0.09,0.22,0.12,0.22,Matches,N/A,N/A,N/A,N/A,N/A,N/A,N/A,N/A,N/A,N/A,N/A,N/A,N/A,N/A,N/A,N/A,N/A,N/A,N/A,N/A,N/A,N/A,N/A,N/A,N/A,N/A,N/A,N/A,N/A,N/A,N/A,N/A,N/A,N/A,N/A,N/A,N/A,42,14,33.3,1.30,0.43,0.05,0.14,18.7,0.10,-2.0,-2.0,18406,4369,510,87.9,415,483,85.9,110,196,56.1,3.6,+1.0,34,98,27,6,1184,175,9,10,113,10,39,14,0,2,36,78,2.41,44,14,6,6,2,7,0.22,4,2,0,0,0,1,89,48,45,28,16,33,45.8,39,35,28,117,35,7,1760,72,49,49,45.0,49,45.0,897,9,58,36,1077,81,85.1,84,19,2,30,0,0.33,25,66,-41,-1.27,+2.08,27.4,69.2,-41.7,-1.29,+0.55,0,46,0,0,179,15,62.5
Enzo Fernández,Chelsea,ar ARG,MF,23,2001,36,32,2947.0,32.7,6,7,13,6,0,0,8,0,6.1,6.1,6.8,12.9,60,212,126,0.18,0.21,0.40,0.18,0.40,0.19,0.21,0.39,0.19,0.39,Matches,N/A,N/A,N/A,N/A,N/A,N/A,N/A,N/A,N/A,N/A,N/A,N/A,N/A,N/A,N/A,N/A,N/A,N/A,N/A,N/A,N/A,N/A,N/A,N/A,N/A,N/A,N/A,N/A,N/A,N/A,N/A,N/A,N/A,N/A,N/A,N/A,N/A,53,20,37.7,1.62,0.61,0.11,0.30,18.1,0.11,-0.1,-0.1,26776,7512,700,88.7,626,737,84.9,157,273,57.5,6.2,+0.2,77,167,41,7,1757,134,14,26,109,4,44,12,1,9,46,147,4.49,116,16,2,4,5,16,0.49,13,2,0,1,0,0,65,33,17,30,18,31,36.9,53,36,13,78,23,4,2210,37,81,26,47.3,21,38.2,1211,9,29,28,1622,82,86.2,89,26,4,25,0,1.75,56,37,+19,+0.58,+0.20,57.7,38.1,+19.6,+0.60,+0.43,0,52,0,0,156,14,32.6
Mark Flekken,Brentford,nl NED,GK,31,1993,37,37,3275.0,36.4,0,2,2,0,0,0,1,0,0.0,0.0,0.5,0.5,0,0,0,0.00,0.05,0.05,0.00,0.05,0.00,0.01,0.01,0.00,0.01,Matches,55,1.51,203,150,73.4,16,8,13,7,18.9,1,0,0,0.0,0,2,2,52.7,0.26,-0.3,-0.01,249,659,37.8,1498,122,33.7,34.4,212,72.6,54.8,581,46,7.9,34,0.93,11.5,0,0,N/A,0.00,0.00,N/A,N/A,N/A,N/A,0.0,0.0,37000,25308,154,98.1,678,695,97.6,422,858,49.2,0.1,+1.5,3,50,2,0,1367,343,0,5,0,0,0,0,0,7,0,10,0.27,6,4,0,0,0,2,0.05,0,2,0,0,0,0,4,4,4,0,0,3,33.3,6,2,0,4,26,4,1824,1436,0,1,100.0,0,0.0,1122,0,3,0,1015,89,95.8,89,36,0,N/A,0,1.51,66,55,+11,+0.30,+1.54,55.9,54.0,+1.9,+0.05,-0.97,0,0,0,0,39,4,100.0
Phil Foden,Manchester City,eng ENG,"MF,FW",24,2000,28,20,1777.0,19.7,7,2,9,7,0,0,2,0,5.2,5.2,4.8,9.9,50,103,128,0.35,0.10,0.46,0.35,0.46,0.26,0.24,0.50,0.26,0.50,Matches,N/A,N/A,N/A,N/A,N/A,N/A,N/A,N/A,N/A,N/A,N/A,N/A,N/A,N/A,N/A,N/A,N/A,N/A,N/A,N/A,N/A,N/A,N/A,N/A,N/A,N/A,N/A,N/A,N/A,N/A,N/A,N/A,N/A,N/A,N/A,N/A,N/A,54,16,29.6,2.73,0.81,0.13,0.44,18.6,0.10,+1.8,+1.8,12385,2615,469,90.9,242,271,89.3,67,112,59.8,5.3,-2.8,43,41,39,6,854,83,7,2,80,5,30,8,1,4,26,88,4.46,58,18,3,3,0,9,0.46,5,1,0,3,0,0,13,5,5,4,4,7,38.9,11,12,9,22,7,1,1139,13,83,14,32.6,23,53.5,722,17,36,31,894,63,52.0,81,10,8,20,5,1.54,30,24,+6,+0.30,-0.90,31.2,28.8,+2.4,+0.12,-0.86,0,5,0,0,61,3,25.0
Wesley Fofana,Chelsea,fr FRA,DF,23,2000,14,14,1172.0,13.0,0,0,0,0,0,0,7,0,0.4,0.4,0.4,0.8,19,32,4,0.00,0.00,0.00,0.00,0.00,0.03,0.03,0.07,0.03,0.06,Matches,N/A,N/A,N/A,N/A,N/A,N/A,N/A,N/A,N/A,N/A,N/A,N/A,N/A,N/A,N/A,N/A,N/A,N/A,N/A,N/A,N/A,N/A,N/A,N/A,N/A,N/A,N/A,N/A,N/A,N/A,N/A,N/A,N/A,N/A,N/A,N/A,N/A,3,0,0.0,0.23,0.00,0.00,N/A,10.6,0.13,-0.4,-0.4,12262,3415,306,93.9,385,416,92.5,26,42,61.9,0.2,-0.4,6,54,1,0,758,44,0,0,1,20,0,0,0,1,4,15,1.15,12,1,1,0,0,0,0.00,0,0,0,0,0,0,13,12,6,7,0,6,42.9,8,5,14,27,55,2,933,81,10,8,53.3,3,20.0,557,1,16,5,665,84,34.3,84,10,0,N/A,1,2.00,25,13,+12,+0.92,+0.56,23.2,15.6,+7.7,+0.59,+0.08,0,24,0,0,54,27,69.2
Carlos Forbs,Wolves,pt POR,"MF,FW",20,2004,10,1,239.0,2.7,0,0,0,0,0,0,2,0,0.1,0.1,0.0,0.2,10,8,28,0.00,0.00,0.00,0.00,0.00,0.05,0.01,0.07,0.05,0.07,Matches,N/A,N/A,N/A,N/A,N/A,N/A,N/A,N/A,N/A,N/A,N/A,N/A,N/A,N/A,N/A,N/A,N/A,N/A,N/A,N/A,N/A,N/A,N/A,N/A,N/A,N/A,N/A,N/A,N/A,N/A,N/A,N/A,N/A,N/A,N/A,N/A,N/A,2,0,0.0,0.75,0.00,0.00,N/A,19.1,0.07,-0.1,-0.1,788,228,39,76.5,19,26,73.1,1,5,20.0,0.1,0.0,1,2,3,1,89,2,0,0,9,2,0,0,0,0,9,5,1.89,3,0,2,0,0,1,0.38,1,0,0,0,0,0,8,5,5,2,1,4,66.7,2,3,1,9,2,1,121,3,13,7,58.3,5,41.7,75,8,7,4,85,24,7.0,67,0,9,19,17,0.80,7,9,-2,-0.75,-0.39,3.2,8.4,-5.2,-1.97,-1.71,0,2,0,0,11,1,25.0
Fraser Forster,Tottenham,eng ENG,GK,36,1988,7,7,630.0,7.0,0,0,0,0,0,0,0,0,0.0,0.0,0.0,0.0,0,0,0,0.00,0.00,0.00,0.00,0.00,0.00,0.00,0.00,0.00,0.00,Matches,15,2.14,42,27,69.0,1,2,4,1,14.3,2,0,0,0.0,0,1,0,16.5,0.36,+1.5,+0.21,11,31,35.5,141,30,21.3,27.2,56,1.8,14.6,81,4,4.9,3,0.43,11.1,0,0,N/A,0.00,0.00,N/A,N/A,N/A,N/A,0.0,0.0,3349,2105,54,98.2,86,90,95.6,23,47,48.9,0.0,0.0,0,1,0,0,125,72,0,1,0,0,0,0,0,1,0,0,0.00,0,0,0,0,0,0,0.00,0,0,0,0,0,0,0,0,0,0,0,0,0.0,1,0,0,0,7,3,228,212,0,1,100.0,0,0.0,113,0,1,0,94,90,18.4,90,7,0,N/A,11,0.71,14,15,-1,-0.14,-0.14,11.1,16.0,-4.9,-0.70,-0.72,0,0,0,0,1,1,100.0
Ryan Fraser,Southampton,sct SCO,"FW,DF",30,1994,8,4,306.0,3.4,0,0,0,0,0,0,0,1,0.0,0.0,0.1,0.1,10,8,18,0.00,0.00,0.00,0.00,0.00,0.01,0.03,0.04,0.01,0.04,Matches,N/A,N/A,N/A,N/A,N/A,N/A,N/A,N/A,N/A,N/A,N/A,N/A,N/A,N/A,N/A,N/A,N/A,N/A,N/A,N/A,N/A,N/A,N/A,N/A,N/A,N/A,N/A,N/A,N/A,N/A,N/A,N/A,N/A,N/A,N/A,N/A,N/A,1,1,100.0,0.29,0.29,0.00,0.00,31.6,0.03,0.0,0.0,1121,208,43,93.5,28,40,70.0,3,10,30.0,0.1,-0.1,2,3,1,0,97,5,0,0,12,3,2,0,0,1,2,5,1.47,5,0,0,0,0,0,0.00,0,0,0,0,0,0,6,2,2,4,0,4,66.7,2,0,1,7,9,0,131,12,3,2,66.7,1,33.3,74,2,4,2,94,38,8.9,60,0,4,17,5,0.25,4,10,-6,-1.76,-0.20,5.6,10.2,-4.6,-1.35,+0.02,0,1,0,1,10,2,40.0
Tyler Fredricson,Manchester Utd,eng ENG,DF,19,2005,2,2,165.0,1.8,0,0,0,0,0,0,0,0,0.0,0.0,0.0,0.0,2,8,0,0.00,0.00,0.00,0.00,0.00,0.00,0.00,0.00,0.00,0.00,Matches,N/A,N/A,N/A,N/A,N/A,N/A,N/A,N/A,N/A,N/A,N/A,N/A,N/A,N/A,N/A,N/A,N/A,N/A,N/A,N/A,N/A,N/A,N/A,N/A,N/A,N/A,N/A,N/A,N/A,N/A,N/A,N/A,N/A,N/A,N/A,N/A,N/A,0,0,N/A,0.00,0.00,N/A,N/A,N/A,N/A,0.0,0.0,1932,434,47,94.0,54,59,91.5,8,9,88.9,0.0,0.0,0,8,0,0,119,3,0,0,0,0,0,0,0,0,2,3,1.63,3,0,0,0,0,0,0.00,0,0,0,0,0,0,5,3,3,2,0,1,50.0,1,2,1,6,11,0,141,11,1,1,100.0,0,0.0,86,0,2,0,95,83,4.8,83,1,0,N/A,6,0.00,1,5,-4,-2.18,-2.02,2.6,2.9,-0.3,-0.17,-0.15,0,0,0,0,12,7,58.3
Niclas Füllkrug,West Ham,de GER,FW,31,1993,18,6,790.0,8.8,3,2,5,3,0,0,2,0,2.2,2.2,1.9,4.1,7,14,31,0.34,0.23,0.57,0.34,0.57,0.25,0.22,0.46,0.25,0.46,Matches,N/A,N/A,N/A,N/A,N/A,N/A,N/A,N/A,N/A,N/A,N/A,N/A,N/A,N/A,N/A,N/A,N/A,N/A,N/A,N/A,N/A,N/A,N/A,N/A,N/A,N/A,N/A,N/A,N/A,N/A,N/A,N/A,N/A,N/A,N/A,N/A,N/A,16,7,43.8,1.82,0.80,0.19,0.43,10.3,0.14,+0.8,+0.8,1852,314,83,76.9,35,58,60.3,7,13,53.8,0.4,+0.1,14,12,5,0,190,7,0,2,1,0,0,0,0,1,7,22,2.50,20,0,0,0,0,2,0.23,1,0,0,1,0,0,4,3,0,1,3,3,75.0,1,1,1,5,16,0,277,19,40,1,12.5,6,75.0,123,2,18,7,205,44,23.1,74,1,12,29,1,0.94,16,18,-2,-0.23,+0.25,13.2,14.0,-0.9,-0.10,+0.31,0,21,0,0,18,39,42.9
Cody Gakpo,Liverpool,nl NED,FW,25,1999,35,23,1935.0,21.5,10,4,14,10,0,0,5,0,7.1,7.1,4.4,11.5,59,52,278,0.47,0.19,0.65,0.47,0.65,0.33,0.20,0.53,0.33,0.53,Matches,N/A,N/A,N/A,N/A,N/A,N/A,N/A,N/A,N/A,N/A,N/A,N/A,N/A,N/A,N/A,N/A,N/A,N/A,N/A,N/A,N/A,N/A,N/A,N/A,N/A,N/A,N/A,N/A,N/A,N/A,N/A,N/A,N/A,N/A,N/A,N/A,N/A,57,22,38.6,2.65,1.02,0.18,0.45,15.1,0.12,+2.9,+2.9,6870,1656,298,86.9,149,225,66.2,19,36,52.8,3.8,-0.4,38,24,27,8,616,16,3,4,74,11,0,0,0,2,10,80,3.72,57,0,9,5,2,8,0.37,3,0,3,1,1,0,28,16,6,13,9,13,52.0,12,20,12,40,19,1,888,28,110,31,50.8,21,34.4,605,28,45,24,677,55,56.6,73,6,12,21,0,2.20,45,25,+20,+0.93,-0.58,45.3,21.6,+23.8,+1.11,-0.09,0,20,1,0,77,17,39.5
Idrissa Gana Gueye,Everton,sn SEN,MF,34,1989,37,35,3063.0,34.0,0,3,3,0,0,0,9,0,1.1,1.1,1.7,2.8,27,145,27,0.00,0.09,0.09,0.00,0.09,0.03,0.05,0.08,0.03,0.08,Matches,N/A,N/A,N/A,N/A,N/A,N/A,N/A,N/A,N/A,N/A,N/A,N/A,N/A,N/A,N/A,N/A,N/A,N/A,N/A,N/A,N/A,N/A,N/A,N/A,N/A,N/A,N/A,N/A,N/A,N/A,N/A,N/A,N/A,N/A,N/A,N/A,N/A,27,5,18.5,0.79,0.15,0.00,0.00,25.2,0.04,-1.1,-1.1,20779,5681,607,91.0,499,552,90.4,104,144,72.2,2.0,+1.3,19,154,10,3,1388,27,2,7,7,7,0,0,0,7,22,60,1.76,52,0,1,3,2,4,0.12,4,0,0,0,0,0,133,80,61,55,17,58,58.6,41,39,48,181,36,1,1801,72,21,18,46.2,19,48.7,861,4,32,38,1048,83,89.6,86,25,2,21,0,1.27,37,39,-2,-0.06,-0.06,37.8,39.9,-2.1,-0.06,+0.54,0,55,0,0,194,24,61.5
Andrés García,Aston Villa,es ESP,"DF,MF",21,2003,7,5,318.0,3.5,0,0,0,0,0,0,0,0,0.0,0.0,0.2,0.2,26,15,28,0.00,0.00,0.00,0.00,0.00,0.01,0.05,0.06,0.01,0.06,Matches,N/A,N/A,N/A,N/A,N/A,N/A,N/A,N/A,N/A,N/A,N/A,N/A,N/A,N/A,N/A,N/A,N/A,N/A,N/A,N/A,N/A,N/A,N/A,N/A,N/A,N/A,N/A,N/A,N/A,N/A,N/A,N/A,N/A,N/A,N/A,N/A,N/A,2,0,0.0,0.57,0.00,0.00,N/A,26.6,0.02,0.0,0.0,2725,577,89,92.7,74,82,90.2,7,13,53.8,0.4,-0.2,3,9,8,5,176,25,0,0,18,25,0,0,0,0,5,3,0.85,3,0,0,0,0,0,0.00,0,0,0,0,0,0,9,5,5,3,1,4,50.0,4,2,2,11,10,2,256,8,2,5,27.8,12,66.7,159,2,10,6,168,45,9.3,58,1,2,14,9,1.57,7,5,+2,+0.57,+0.42,5.8,6.6,-0.7,-0.21,-0.41,0,1,0,0,15,0,0.0
Alejandro Garnacho,Manchester Utd,ar ARG,"MF,FW",20,2004,36,23,2199.0,24.4,6,2,8,6,0,0,3,0,7.3,7.3,4.5,11.8,141,56,290,0.25,0.08,0.33,0.25,0.33,0.30,0.19,0.48,0.30,0.48,Matches,N/A,N/A,N/A,N/A,N/A,N/A,N/A,N/A,N/A,N/A,N/A,N/A,N/A,N/A,N/A,N/A,N/A,N/A,N/A,N/A,N/A,N/A,N/A,N/A,N/A,N/A,N/A,N/A,N/A,N/A,N/A,N/A,N/A,N/A,N/A,N/A,N/A,84,29,34.5,3.44,1.19,0.07,0.21,17.0,0.09,-1.3,-1.3,9138,1181,405,88.4,183,223,82.1,31,52,59.6,2.8,-2.5,37,22,25,5,798,24,2,9,56,16,1,0,0,1,54,83,3.40,64,1,3,6,0,6,0.25,4,0,0,1,1,0,30,18,11,6,13,12,32.4,25,19,13,43,11,2,1159,13,176,26,29.2,55,61.8,840,67,64,48,888,61,64.3,81,14,13,26,0,1.00,26,36,-10,-0.41,-0.41,35.6,35.0,+0.5,+0.02,+0.15,0,12,0,0,108,3,11.1
James Garner,Everton,eng ENG,"MF,DF",23,2001,21,17,1594.0,17.7,0,1,1,0,0,0,5,0,0.7,0.7,1.4,2.1,15,50,30,0.00,0.06,0.06,0.00,0.06,0.04,0.08,0.12,0.04,0.12,Matches,N/A,N/A,N/A,N/A,N/A,N/A,N/A,N/A,N/A,N/A,N/A,N/A,N/A,N/A,N/A,N/A,N/A,N/A,N/A,N/A,N/A,N/A,N/A,N/A,N/A,N/A,N/A,N/A,N/A,N/A,N/A,N/A,N/A,N/A,N/A,N/A,N/A,12,4,33.3,0.68,0.23,0.00,0.00,20.4,0.06,-0.7,-0.7,10658,3158,268,86.7,270,326,82.8,59,120,49.2,1.4,-0.4,13,60,7,4,687,110,2,2,57,42,16,4,2,6,23,39,2.20,27,11,0,0,1,5,0.28,4,1,0,0,0,0,47,31,25,20,2,24,58.5,17,16,23,70,37,0,977,40,15,7,36.8,12,63.2,478,2,16,9,550,76,46.6,87,11,4,28,1,1.57,21,19,+2,+0.11,+0.31,20.3,19.3,+1.0,+0.06,+0.33,0,20,0,0,73,11,45.8
Tyrique George,Chelsea,eng ENG,FW,18,2006,8,1,183.0,2.0,1,1,2,1,0,0,1,0,0.2,0.2,0.7,0.9,9,3,22,0.49,0.49,0.98,0.49,0.98,0.10,0.36,0.46,0.10,0.46,Matches,N/A,N/A,N/A,N/A,N/A,N/A,N/A,N/A,N/A,N/A,N/A,N/A,N/A,N/A,N/A,N/A,N/A,N/A,N/A,N/A,N/A,N/A,N/A,N/A,N/A,N/A,N/A,N/A,N/A,N/A,N/A,N/A,N/A,N/A,N/A,N/A,N/A,3,1,33.3,1.48,0.49,0.33,1.00,15.0,0.07,+0.8,+0.8,551,85,24,88.9,16,19,84.2,0,3,0.0,0.3,+0.3,6,0,1,0,53,1,0,0,3,1,0,0,0,0,2,7,3.44,6,0,1,0,0,1,0.49,1,0,0,0,0,0,2,0,2,0,0,2,66.7,1,1,2,4,1,0,70,1,9,3,60.0,2,40.0,46,5,3,0,53,23,5.4,80,0,7,15,11,2.25,4,0,+4,+1.97,+1.49,2.4,1.4,+1.0,+0.47,-0.08,0,3,0,0,4,0,0.0
Morgan Gibbs-White,Nott'ham Forest,eng ENG,MF,24,2000,34,34,2803.0,31.1,7,8,15,7,0,0,11,1,6.3,6.3,5.0,11.2,69,164,136,0.22,0.26,0.48,0.22,0.48,0.20,0.16,0.36,0.20,0.36,Matches,N/A,N/A,N/A,N/A,N/A,N/A,N/A,N/A,N/A,N/A,N/A,N/A,N/A,N/A,N/A,N/A,N/A,N/A,N/A,N/A,N/A,N/A,N/A,N/A,N/A,N/A,N/A,N/A,N/A,N/A,N/A,N/A,N/A,N/A,N/A,N/A,N/A,61,21,34.4,1.96,0.67,0.11,0.33,17.4,0.10,+0.7,+0.7,15389,4754,540,85.2,336,409,82.2,73,124,58.9,4.7,+3.0,51,128,41,10,1241,18,19,12,45,1,0,0,0,10,27,115,3.69,94,0,3,5,5,19,0.61,13,0,0,4,1,1,43,22,14,23,6,17,51.5,16,13,23,66,29,1,1626,35,92,31,40.3,35,45.5,923,13,70,44,1226,82,82.0,82,13,0,N/A,0,1.74,49,34,+15,+0.48,+0.92,36.9,40.1,-3.2,-0.10,-0.07,1,38,1,0,127,40,42.1
Billy Gilmour,Brighton,sct SCO,MF,23,2001,2,1,98.0,1.1,0,0,0,0,0,0,0,0,0.1,0.1,0.0,0.1,2,11,2,0.00,0.00,0.00,0.00,0.00,0.07,0.00,0.07,0.07,0.07,Matches,N/A,N/A,N/A,N/A,N/A,N/A,N/A,N/A,N/A,N/A,N/A,N/A,N/A,N/A,N/A,N/A,N/A,N/A,N/A,N/A,N/A,N/A,N/A,N/A,N/A,N/A,N/A,N/A,N/A,N/A,N/A,N/A,N/A,N/A,N/A,N/A,N/A,1,0,0.0,0.92,0.00,0.00,N/A,25.5,0.08,-0.1,-0.1,980,346,36,94.7,18,22,81.8,4,7,57.1,0.0,0.0,0,12,2,0,65,2,1,2,1,0,1,0,0,0,0,3,2.76,3,0,0,0,0,0,0.00,0,0,0,0,0,0,3,3,2,1,0,3,75.0,1,1,0,3,1,0,73,2,0,1,50.0,1,50.0,44,0,0,0,58,49,2.9,89,0,1,9,0,3.00,2,1,+1,+0.92,+0.76,1.6,1.3,+0.2,+0.22,+0.11,0,2,0,0,5,0,N/A
Ben Godfrey,Ipswich Town,eng ENG,DF,26,1998,3,2,159.0,1.8,0,0,0,0,0,0,1,0,0.0,0.0,0.0,0.0,2,4,1,0.00,0.00,0.00,0.00,0.00,0.00,0.00,0.00,0.00,0.00,Matches,N/A,N/A,N/A,N/A,N/A,N/A,N/A,N/A,N/A,N/A,N/A,N/A,N/A,N/A,N/A,N/A,N/A,N/A,N/A,N/A,N/A,N/A,N/A,N/A,N/A,N/A,N/A,N/A,N/A,N/A,N/A,N/A,N/A,N/A,N/A,N/A,N/A,0,0,N/A,0.00,0.00,N/A,N/A,N/A,N/A,0.0,0.0,657,255,30,90.9,16,18,88.9,0,0,N/A,0.0,0.0,0,5,1,0,49,8,0,0,0,7,0,0,0,0,3,1,0.57,1,0,0,0,0,0,0.00,0,0,0,0,0,0,1,0,1,0,0,1,100.0,0,0,2,3,3,0,68,6,1,0,N/A,0,N/A,33,0,2,1,42,53,4.6,54,0,1,51,8,0.00,1,10,-9,-5.09,-4.07,1.4,5.7,-4.3,-2.43,-1.50,0,1,0,0,2,3,100.0
João Gomes,Wolves,br BRA,MF,23,2001,36,35,2974.0,33.0,3,1,4,3,0,0,11,1,2.9,2.9,1.2,4.1,59,165,76,0.09,0.03,0.12,0.09,0.12,0.09,0.04,0.12,0.09,0.12,Matches,N/A,N/A,N/A,N/A,N/A,N/A,N/A,N/A,N/A,N/A,N/A,N/A,N/A,N/A,N/A,N/A,N/A,N/A,N/A,N/A,N/A,N/A,N/A,N/A,N/A,N/A,N/A,N/A,N/A,N/A,N/A,N/A,N/A,N/A,N/A,N/A,N/A,35,7,20.0,1.06,0.21,0.09,0.43,18.3,0.08,+0.1,+0.1,19707,4911,813,90.7,430,498,86.3,66,112,58.9,1.9,-0.2,23,122,24,1,1564,56,5,9,29,17,1,0,0,3,24,67,2.03,53,1,5,2,4,4,0.12,4,0,0,0,0,0,116,71,55,53,8,48,43.6,62,38,25,141,33,0,1998,62,45,30,46.2,28,43.1,1059,6,43,51,1335,83,87.0,84,18,1,45,0,1.08,45,58,-13,-0.39,+0.01,36.2,49.4,-13.2,-0.40,-0.15,1,70,0,0,200,11,29.7
Rodrigo Gomes,Wolves,pt POR,"DF,FW",21,2003,25,7,810.0,9.0,2,0,2,2,0,0,0,0,0.7,0.7,0.9,1.6,23,27,81,0.22,0.00,0.22,0.22,0.22,0.08,0.10,0.18,0.08,0.18,Matches,N/A,N/A,N/A,N/A,N/A,N/A,N/A,N/A,N/A,N/A,N/A,N/A,N/A,N/A,N/A,N/A,N/A,N/A,N/A,N/A,N/A,N/A,N/A,N/A,N/A,N/A,N/A,N/A,N/A,N/A,N/A,N/A,N/A,N/A,N/A,N/A,N/A,7,3,42.9,0.78,0.33,0.29,0.67,16.8,0.10,+1.3,+1.3,3052,1023,121,79.6,72,99,72.7,8,28,28.6,0.7,-0.9,12,12,14,4,267,41,1,0,23,39,0,1,0,1,10,22,2.45,18,1,2,0,0,1,0.11,0,1,0,0,0,0,23,15,14,9,0,12,57.1,9,7,7,30,20,1,417,24,29,5,33.3,7,46.7,217,7,21,9,246,32,23.7,76,1,18,16,9,1.20,18,20,-2,-0.22,+0.23,10.6,16.1,-5.5,-0.61,-0.30,0,4,0,0,28,8,32.0
Toti Gomes,Wolves,pt POR,DF,25,1999,31,30,2614.0,29.0,0,1,1,0,0,0,7,0,0.7,0.7,0.9,1.7,27,86,18,0.00,0.03,0.03,0.00,0.03,0.03,0.03,0.06,0.03,0.06,Matches,N/A,N/A,N/A,N/A,N/A,N/A,N/A,N/A,N/A,N/A,N/A,N/A,N/A,N/A,N/A,N/A,N/A,N/A,N/A,N/A,N/A,N/A,N/A,N/A,N/A,N/A,N/A,N/A,N/A,N/A,N/A,N/A,N/A,N/A,N/A,N/A,N/A,7,2,28.6,0.24,0.07,0.00,0.00,11.6,0.10,-0.7,-0.7,24482,8584,677,92.2,674,733,92.0,89,171,52.0,0.6,+0.1,9,87,6,3,1618,95,0,3,13,35,0,0,0,1,21,21,0.72,20,0,0,0,0,1,0.03,1,0,0,0,0,0,61,43,42,15,4,37,80.4,9,12,25,86,152,5,2027,217,17,20,62.5,10,31.3,1205,0,20,15,1387,84,76.4,87,27,1,14,1,1.32,44,45,-1,-0.03,+1.53,33.6,41.4,-7.7,-0.27,+0.48,0,24,0,1,116,53,67.1
Diego Gómez,Brighton,py PAR,MF,21,2003,16,4,516.0,5.7,1,0,1,1,0,0,0,0,0.9,0.9,0.7,1.6,8,27,23,0.17,0.00,0.17,0.17,0.17,0.15,0.13,0.28,0.15,0.28,Matches,N/A,N/A,N/A,N/A,N/A,N/A,N/A,N/A,N/A,N/A,N/A,N/A,N/A,N/A,N/A,N/A,N/A,N/A,N/A,N/A,N/A,N/A,N/A,N/A,N/A,N/A,N/A,N/A,N/A,N/A,N/A,N/A,N/A,N/A,N/A,N/A,N/A,9,3,33.3,1.57,0.52,0.11,0.33,19.6,0.09,+0.1,+0.1,3715,931,138,86.8,84,100,84.0,14,25,56.0,1.2,-0.7,8,14,7,1,283,19,4,2,12,1,2,3,0,0,9,19,3.32,14,3,0,1,0,4,0.70,2,1,0,0,1,0,21,13,11,8,2,12,54.5,10,13,8,29,10,1,403,21,10,6,50.0,6,50.0,193,0,10,9,247,32,15.1,72,0,12,19,1,1.88,16,13,+3,+0.52,+0.40,14.0,9.1,+4.9,+0.86,+0.88,0,8,1,0,32,10,71.4
Joe Gomez,Liverpool,eng ENG,DF,27,1997,9,6,519.0,5.8,0,0,0,0,0,0,1,0,0.3,0.3,0.1,0.4,5,35,2,0.00,0.00,0.00,0.00,0.00,0.06,0.02,0.08,0.06,0.08,Matches,N/A,N/A,N/A,N/A,N/A,N/A,N/A,N/A,N/A,N/A,N/A,N/A,N/A,N/A,N/A,N/A,N/A,N/A,N/A,N/A,N/A,N/A,N/A,N/A,N/A,N/A,N/A,N/A,N/A,N/A,N/A,N/A,N/A,N/A,N/A,N/A,N/A,3,2,66.7,0.52,0.35,0.00,0.00,11.9,0.11,-0.3,-0.3,6689,2299,155,91.2,191,204,93.6,26,42,61.9,0.1,-0.1,2,29,0,0,406,18,1,5,2,6,0,0,0,1,2,5,0.87,5,0,0,0,0,1,0.17,1,0,0,0,0,0,13,10,5,7,1,11,68.8,5,3,7,20,20,2,481,54,5,0,N/A,0,N/A,303,1,1,2,335,58,15.2,77,4,3,19,10,2.56,17,8,+9,+1.56,+0.44,15.9,5.4,+10.5,+1.82,+0.79,0,2,0,0,34,9,69.2
Nicolás González,Manchester City,es ESP,MF,22,2002,11,9,760.0,8.4,1,0,1,1,0,0,3,0,0.5,0.5,0.1,0.5,9,50,11,0.12,0.00,0.12,0.12,0.12,0.06,0.01,0.06,0.06,0.06,Matches,N/A,N/A,N/A,N/A,N/A,N/A,N/A,N/A,N/A,N/A,N/A,N/A,N/A,N/A,N/A,N/A,N/A,N/A,N/A,N/A,N/A,N/A,N/A,N/A,N/A,N/A,N/A,N/A,N/A,N/A,N/A,N/A,N/A,N/A,N/A,N/A,N/A,9,2,22.2,1.07,0.24,0.11,0.50,19.5,0.05,+0.5,+0.5,8643,1985,332,96.0,223,242,92.1,14,22,63.6,0.5,-0.1,1,52,4,0,603,21,1,0,1,2,0,0,0,1,5,15,1.77,13,0,0,1,0,3,0.35,2,0,0,0,1,0,16,6,5,7,4,6,54.5,5,9,8,24,21,0,713,18,10,1,16.7,3,50.0,425,3,8,11,535,69,22.2,82,5,2,12,3,2.27,17,7,+10,+1.18,+0.58,16.5,8.5,+8.0,+0.94,+0.52,0,13,0,0,31,16,57.1
Anthony Gordon,Newcastle Utd,eng ENG,"FW,MF",23,2001,34,28,2434.0,27.0,6,5,11,5,1,2,2,0,8.0,6.5,5.0,11.4,121,98,214,0.22,0.18,0.41,0.18,0.37,0.30,0.18,0.48,0.24,0.42,Matches,N/A,N/A,N/A,N/A,N/A,N/A,N/A,N/A,N/A,N/A,N/A,N/A,N/A,N/A,N/A,N/A,N/A,N/A,N/A,N/A,N/A,N/A,N/A,N/A,N/A,N/A,N/A,N/A,N/A,N/A,N/A,N/A,N/A,N/A,N/A,N/A,N/A,57,16,28.1,2.11,0.59,0.09,0.31,17.0,0.11,-2.0,-1.5,11128,3642,397,85.6,244,312,78.2,56,125,44.8,5.1,0.0,51,65,55,17,857,117,9,4,131,34,35,7,0,8,38,101,3.74,73,10,7,8,0,12,0.44,9,1,1,0,1,0,32,18,9,18,5,12,32.4,25,23,7,39,9,3,1267,16,128,38,36.9,47,45.6,818,56,36,38,924,72,71.2,81,9,6,26,0,1.68,43,33,+10,+0.37,-0.63,45.7,31.8,+13.8,+0.51,+0.11,0,20,1,0,97,8,50.0
Ryan Gravenberch,Liverpool,nl NED,MF,22,2002,37,37,3160.0,35.1,0,4,4,0,0,0,6,1,1.1,1.1,3.1,4.2,70,181,55,0.00,0.11,0.11,0.00,0.11,0.03,0.09,0.12,0.03,0.12,Matches,N/A,N/A,N/A,N/A,N/A,N/A,N/A,N/A,N/A,N/A,N/A,N/A,N/A,N/A,N/A,N/A,N/A,N/A,N/A,N/A,N/A,N/A,N/A,N/A,N/A,N/A,N/A,N/A,N/A,N/A,N/A,N/A,N/A,N/A,N/A,N/A,N/A,20,5,25.0,0.57,0.14,0.00,0.00,24.5,0.06,-1.1,-1.1,25904,6528,917,92.5,680,737,92.3,64,104,61.5,3.5,+0.9,26,151,35,2,1889,32,8,7,7,10,0,0,0,6,15,68,1.94,60,0,5,0,1,6,0.17,6,0,0,0,0,0,69,35,27,29,13,32,57.1,24,25,60,129,59,2,2343,117,26,37,45.7,30,37.0,1396,10,55,26,1669,85,92.4,85,27,0,N/A,0,2.27,79,35,+44,+1.25,+0.91,76.2,33.3,+42.8,+1.22,+0.96,0,47,0,0,193,26,65.0
Archie Gray,Tottenham,eng ENG,"DF,MF",18,2006,28,19,1751.0,19.5,0,0,0,0,0,0,1,0,0.0,0.0,0.1,0.2,7,40,17,0.00,0.00,0.00,0.00,0.00,0.00,0.01,0.01,0.00,0.01,Matches,N/A,N/A,N/A,N/A,N/A,N/A,N/A,N/A,N/A,N/A,N/A,N/A,N/A,N/A,N/A,N/A,N/A,N/A,N/A,N/A,N/A,N/A,N/A,N/A,N/A,N/A,N/A,N/A,N/A,N/A,N/A,N/A,N/A,N/A,N/A,N/A,N/A,1,1,100.0,0.05,0.05,0.00,0.00,24.6,0.02,0.0,0.0,17440,5370,389,92.0,537,584,92.0,59,103,57.3,0.2,-0.1,3,43,0,0,1053,88,1,3,17,45,0,4,0,4,18,6,0.31,5,1,0,0,0,0,0.00,0,0,0,0,0,0,16,8,4,8,4,7,41.2,10,11,19,35,50,2,1286,150,3,7,53.8,5,38.5,878,0,12,11,941,63,51.2,88,17,9,10,10,1.11,30,41,-11,-0.57,-1.10,25.2,38.2,-12.9,-0.66,-1.12,0,17,0,0,69,11,50.0
Jack Grealish,Manchester City,eng ENG,"FW,MF",28,1995,20,7,721.0,8.0,1,1,2,1,0,0,3,0,1.1,1.1,1.8,3.0,69,52,118,0.12,0.12,0.25,0.12,0.25,0.14,0.23,0.37,0.14,0.37,Matches,N/A,N/A,N/A,N/A,N/A,N/A,N/A,N/A,N/A,N/A,N/A,N/A,N/A,N/A,N/A,N/A,N/A,N/A,N/A,N/A,N/A,N/A,N/A,N/A,N/A,N/A,N/A,N/A,N/A,N/A,N/A,N/A,N/A,N/A,N/A,N/A,N/A,15,5,33.3,1.87,0.62,0.07,0.20,16.3,0.08,-0.1,-0.1,5685,986,247,93.2,115,131,87.8,18,26,69.2,1.7,-0.8,24,23,16,0,418,18,0,0,20,4,4,0,0,0,11,47,5.86,41,1,3,1,1,2,0.25,1,0,0,0,0,1,9,5,4,2,3,2,40.0,3,10,2,11,6,1,521,15,71,13,44.8,9,31.0,376,46,10,16,423,36,21.1,81,2,13,12,12,2.00,17,10,+7,+0.87,+0.17,14.8,11.2,+3.6,+0.45,-0.11,0,5,0,0,26,1,12.5
Jacob Greaves,Ipswich Town,eng ENG,DF,23,2000,25,25,2205.0,24.5,1,0,1,1,0,0,5,0,1.3,1.3,0.3,1.6,11,69,11,0.04,0.00,0.04,0.04,0.04,0.05,0.01,0.06,0.05,0.06,Matches,N/A,N/A,N/A,N/A,N/A,N/A,N/A,N/A,N/A,N/A,N/A,N/A,N/A,N/A,N/A,N/A,N/A,N/A,N/A,N/A,N/A,N/A,N/A,N/A,N/A,N/A,N/A,N/A,N/A,N/A,N/A,N/A,N/A,N/A,N/A,N/A,N/A,10,4,40.0,0.41,0.16,0.10,0.25,9.7,0.13,-0.3,-0.3,15937,6129,444,92.3,463,519,89.2,39,88,44.3,0.2,-0.3,5,75,2,0,1041,78,0,0,1,23,0,0,0,2,4,20,0.82,16,1,0,1,1,1,0.04,1,0,0,0,0,0,40,21,20,17,3,22,62.9,13,15,21,61,148,3,1404,276,22,4,66.7,1,16.7,619,0,10,2,851,88,64.5,88,24,0,N/A,2,0.40,19,53,-34,-1.39,-0.50,20.1,44.2,-24.1,-0.98,+0.07,0,16,0,0,61,83,67.5
Brajan Gruda,Brighton,de GER,"MF,FW",20,2004,21,8,687.0,7.6,1,4,5,1,0,0,0,0,1.2,1.2,2.1,3.3,22,26,57,0.13,0.52,0.66,0.13,0.66,0.16,0.28,0.43,0.16,0.43,Matches,N/A,N/A,N/A,N/A,N/A,N/A,N/A,N/A,N/A,N/A,N/A,N/A,N/A,N/A,N/A,N/A,N/A,N/A,N/A,N/A,N/A,N/A,N/A,N/A,N/A,N/A,N/A,N/A,N/A,N/A,N/A,N/A,N/A,N/A,N/A,N/A,N/A,11,5,45.5,1.44,0.66,0.09,0.20,16.9,0.11,-0.2,-0.2,2759,970,108,84.4,46,63,73.0,18,36,50.0,1.9,+1.9,23,12,12,1,211,40,2,2,29,10,8,7,1,0,3,39,5.10,29,6,3,1,0,6,0.78,4,2,0,0,0,0,16,8,6,6,4,7,50.0,7,8,2,18,5,1,344,4,46,13,43.3,12,40.0,202,13,14,21,222,33,20.1,64,0,13,14,7,1.38,14,15,-1,-0.13,-0.39,10.8,12.8,-2.1,-0.27,-0.48,0,7,0,0,26,3,37.5
Albert Grønbaek,Southampton,dk DEN,"FW,MF",23,2001,4,2,143.0,1.6,0,0,0,0,0,0,0,0,0.1,0.1,0.0,0.1,1,1,3,0.00,0.00,0.00,0.00,0.00,0.07,0.01,0.08,0.07,0.08,Matches,N/A,N/A,N/A,N/A,N/A,N/A,N/A,N/A,N/A,N/A,N/A,N/A,N/A,N/A,N/A,N/A,N/A,N/A,N/A,N/A,N/A,N/A,N/A,N/A,N/A,N/A,N/A,N/A,N/A,N/A,N/A,N/A,N/A,N/A,N/A,N/A,N/A,2,0,0.0,1.26,0.00,0.00,N/A,22.4,0.06,-0.1,-0.1,135,43,9,81.8,2,4,50.0,0,0,N/A,0.0,0.0,1,2,0,0,18,0,0,0,1,0,0,0,0,0,1,2,1.26,1,0,0,0,0,0,0.00,0,0,0,0,0,0,4,1,1,1,2,3,30.0,7,0,0,4,1,0,38,2,2,0,0.0,4,100.0,18,1,5,4,21,36,4.2,66,0,2,6,2,0.75,2,3,-1,-0.63,+0.99,0.8,4.8,-4.1,-2.56,-1.24,0,0,0,0,6,2,100.0
Gonçalo Guedes,Wolves,pt POR,"MF,FW",27,1996,29,10,995.0,11.1,2,4,6,2,0,0,1,0,3.2,3.2,1.3,4.5,41,40,79,0.18,0.36,0.54,0.18,0.54,0.29,0.11,0.40,0.29,0.40,Matches,N/A,N/A,N/A,N/A,N/A,N/A,N/A,N/A,N/A,N/A,N/A,N/A,N/A,N/A,N/A,N/A,N/A,N/A,N/A,N/A,N/A,N/A,N/A,N/A,N/A,N/A,N/A,N/A,N/A,N/A,N/A,N/A,N/A,N/A,N/A,N/A,N/A,27,8,29.6,2.44,0.72,0.07,0.25,18.9,0.12,-1.2,-1.2,4193,1060,137,86.7,97,128,75.8,17,35,48.6,0.9,+2.7,14,18,17,5,312,34,1,5,22,14,1,0,0,3,10,30,2.71,27,0,2,1,0,8,0.72,7,0,1,0,0,0,16,5,2,6,8,4,25.0,12,11,5,21,4,0,484,6,40,9,32.1,15,53.6,304,8,38,18,337,34,29.1,67,1,19,17,4,0.93,16,25,-9,-0.81,-0.59,13.2,18.9,-5.7,-0.51,-0.19,0,15,0,0,36,5,27.8
Marc Guéhi,Crystal Palace,eng ENG,DF,24,2000,34,34,3059.0,34.0,3,2,5,3,0,0,9,1,2.0,2.0,1.8,3.7,22,134,10,0.09,0.06,0.15,0.09,0.15,0.06,0.05,0.11,0.06,0.11,Matches,N/A,N/A,N/A,N/A,N/A,N/A,N/A,N/A,N/A,N/A,N/A,N/A,N/A,N/A,N/A,N/A,N/A,N/A,N/A,N/A,N/A,N/A,N/A,N/A,N/A,N/A,N/A,N/A,N/A,N/A,N/A,N/A,N/A,N/A,N/A,N/A,N/A,15,7,46.7,0.44,0.21,0.20,0.43,10.7,0.13,+1.0,+1.0,28093,11512,549,90.7,760,854,89.0,152,274,55.5,2.0,+0.2,16,133,11,3,1664,95,7,14,13,6,0,0,0,6,9,44,1.29,36,0,0,2,2,5,0.15,4,0,0,0,0,1,61,34,36,23,2,31,66.0,16,32,28,89,163,2,2131,311,39,12,80.0,2,13.3,1142,1,16,18,1330,90,89.4,90,33,0,N/A,0,1.35,42,42,0,0.00,0.00,53.2,40.6,+12.5,+0.37,+0.67,1,24,0,0,146,68,54.0
Luis Guilherme,West Ham,br BRA,"MF,FW",18,2006,12,1,150.0,1.7,0,0,0,0,0,0,0,0,0.4,0.4,0.1,0.5,4,5,16,0.00,0.00,0.00,0.00,0.00,0.25,0.05,0.30,0.25,0.30,Matches,N/A,N/A,N/A,N/A,N/A,N/A,N/A,N/A,N/A,N/A,N/A,N/A,N/A,N/A,N/A,N/A,N/A,N/A,N/A,N/A,N/A,N/A,N/A,N/A,N/A,N/A,N/A,N/A,N/A,N/A,N/A,N/A,N/A,N/A,N/A,N/A,N/A,4,1,25.0,2.40,0.60,0.00,0.00,13.6,0.10,-0.4,-0.4,894,212,37,97.4,16,18,88.9,5,8,62.5,0.1,-0.1,3,5,3,2,64,3,0,0,8,1,0,2,0,0,2,10,6.00,6,1,1,1,0,0,0.00,0,0,0,0,0,0,1,0,1,0,0,0,0.0,3,7,3,4,2,0,99,3,5,7,53.8,4,30.8,51,1,4,3,69,13,4.4,45,0,11,10,22,0.50,2,5,-3,-1.80,-1.44,2.4,2.6,-0.1,-0.09,+0.26,0,0,0,0,7,2,66.7
Bruno Guimarães,Newcastle Utd,br BRA,MF,26,1997,38,38,3271.0,36.3,5,6,11,5,0,0,7,0,4.3,4.3,6.1,10.4,64,271,96,0.14,0.17,0.30,0.14,0.30,0.12,0.17,0.29,0.12,0.29,Matches,N/A,N/A,N/A,N/A,N/A,N/A,N/A,N/A,N/A,N/A,N/A,N/A,N/A,N/A,N/A,N/A,N/A,N/A,N/A,N/A,N/A,N/A,N/A,N/A,N/A,N/A,N/A,N/A,N/A,N/A,N/A,N/A,N/A,N/A,N/A,N/A,N/A,45,13,28.9,1.24,0.36,0.11,0.38,16.4,0.10,+0.7,+0.7,24436,7860,736,90.9,581,670,86.7,118,201,58.7,5.4,-0.1,52,180,77,6,1708,81,22,14,28,3,2,2,0,9,38,133,3.66,119,3,3,4,3,18,0.50,17,1,0,0,0,0,83,47,41,30,12,33,47.8,36,26,29,112,44,5,2213,83,85,34,43.6,27,34.6,1400,15,56,76,1652,86,95.6,86,21,0,N/A,0,1.74,68,44,+24,+0.66,+2.47,61.4,42.8,+18.6,+0.51,+0.70,0,65,0,0,188,18,48.6
İlkay Gündoğan,Manchester City,de GER,MF,33,1990,33,25,2223.0,24.7,1,6,7,1,0,0,1,0,3.2,3.2,3.5,6.7,64,127,96,0.04,0.24,0.28,0.04,0.28,0.13,0.14,0.27,0.13,0.27,Matches,N/A,N/A,N/A,N/A,N/A,N/A,N/A,N/A,N/A,N/A,N/A,N/A,N/A,N/A,N/A,N/A,N/A,N/A,N/A,N/A,N/A,N/A,N/A,N/A,N/A,N/A,N/A,N/A,N/A,N/A,N/A,N/A,N/A,N/A,N/A,N/A,N/A,27,7,25.9,1.09,0.28,0.04,0.14,18.1,0.12,-2.2,-2.2,23600,4511,871,94.4,520,565,92.0,102,155,65.8,4.4,+2.5,44,108,23,2,1590,108,7,3,60,4,31,4,1,5,21,88,3.56,67,11,5,1,0,13,0.53,10,1,0,1,1,0,25,13,5,15,5,10,41.7,14,15,13,38,23,0,1892,45,67,17,41.5,16,39.0,1118,11,29,25,1480,67,65.0,84,12,8,14,4,1.94,53,28,+25,+1.01,+0.79,44.4,35.0,+9.5,+0.38,-0.44,0,15,1,0,116,14,56.0
Malo Gusto,Chelsea,fr FRA,DF,21,2003,32,19,1862.0,20.7,0,1,1,0,0,0,4,0,1.7,1.7,1.4,3.1,50,119,85,0.00,0.05,0.05,0.00,0.05,0.08,0.07,0.15,0.08,0.15,Matches,N/A,N/A,N/A,N/A,N/A,N/A,N/A,N/A,N/A,N/A,N/A,N/A,N/A,N/A,N/A,N/A,N/A,N/A,N/A,N/A,N/A,N/A,N/A,N/A,N/A,N/A,N/A,N/A,N/A,N/A,N/A,N/A,N/A,N/A,N/A,N/A,N/A,22,4,18.2,1.06,0.19,0.00,0.00,21.3,0.08,-1.7,-1.7,19538,4892,585,93.2,517,585,88.4,68,112,60.7,1.9,-0.4,22,111,19,7,1230,153,2,3,53,116,0,0,0,2,26,58,2.80,57,0,0,0,0,4,0.19,4,0,0,0,0,0,45,29,27,15,3,25,52.1,23,21,24,69,49,5,1595,64,43,4,25.0,11,68.8,882,8,18,17,1072,58,54.4,84,14,13,20,1,1.66,40,26,+14,+0.68,+0.27,40.5,27.2,+13.4,+0.65,+0.24,0,20,0,0,119,9,37.5
Joško Gvardiol,Manchester City,hr CRO,DF,22,2002,37,36,3277.0,36.4,5,0,5,5,0,0,2,0,4.6,4.3,2.1,6.3,91,264,121,0.14,0.00,0.14,0.14,0.14,0.13,0.06,0.18,0.12,0.17,Matches,N/A,N/A,N/A,N/A,N/A,N/A,N/A,N/A,N/A,N/A,N/A,N/A,N/A,N/A,N/A,N/A,N/A,N/A,N/A,N/A,N/A,N/A,N/A,N/A,N/A,N/A,N/A,N/A,N/A,N/A,N/A,N/A,N/A,N/A,N/A,N/A,N/A,40,12,30.0,1.10,0.33,0.13,0.42,12.9,0.11,+0.4,+0.7,39905,10760,1198,94.0,1128,1217,92.7,107,162,66.0,2.9,-2.1,26,247,20,1,2502,211,6,11,22,163,0,0,0,8,33,76,2.09,69,1,2,1,0,7,0.19,6,0,1,0,0,0,58,39,25,21,12,21,52.5,19,22,44,102,122,8,3103,146,98,25,58.1,14,32.6,1997,15,29,16,2257,89,95.8,90,33,1,45,1,1.92,70,41,+29,+0.80,+1.43,66.4,43.3,+23.1,+0.63,+2.34,0,16,0,0,137,54,56.8
Erling Haaland,Manchester City,no NOR,FW,24,2000,31,31,2736.0,30.4,22,3,25,19,3,4,2,0,22.0,18.8,3.0,21.8,24,20,124,0.72,0.10,0.82,0.62,0.72,0.72,0.10,0.82,0.62,0.72,Matches,N/A,N/A,N/A,N/A,N/A,N/A,N/A,N/A,N/A,N/A,N/A,N/A,N/A,N/A,N/A,N/A,N/A,N/A,N/A,N/A,N/A,N/A,N/A,N/A,N/A,N/A,N/A,N/A,N/A,N/A,N/A,N/A,N/A,N/A,N/A,N/A,N/A,104,55,52.9,3.42,1.81,0.18,0.35,12.3,0.19,0.0,+0.2,3086,593,175,71.1,59,84,70.2,4,6,66.7,2.0,0.0,29,10,8,1,372,7,1,0,3,1,0,0,0,2,10,71,2.34,51,0,8,2,0,9,0.30,6,0,2,1,0,0,11,6,3,3,5,3,37.5,5,11,5,16,23,0,639,22,190,13,36.1,20,55.6,310,23,45,27,478,88,80.0,88,25,0,N/A,1,1.77,58,38,+20,+0.66,-0.39,56.2,40.5,+15.7,+0.52,-0.10,0,24,0,0,34,57,53.3
Lewis Hall,Newcastle Utd,eng ENG,DF,19,2004,27,24,2189.0,24.3,0,4,4,0,0,0,3,0,0.4,0.4,4.3,4.7,41,123,80,0.00,0.16,0.16,0.00,0.16,0.02,0.18,0.19,0.02,0.19,Matches,N/A,N/A,N/A,N/A,N/A,N/A,N/A,N/A,N/A,N/A,N/A,N/A,N/A,N/A,N/A,N/A,N/A,N/A,N/A,N/A,N/A,N/A,N/A,N/A,N/A,N/A,N/A,N/A,N/A,N/A,N/A,N/A,N/A,N/A,N/A,N/A,N/A,11,1,9.1,0.45,0.04,0.00,0.00,18.8,0.04,-0.4,-0.4,21999,8891,653,91.3,525,617,85.1,104,202,51.5,3.7,-0.3,34,114,17,5,1300,287,4,2,110,164,45,2,0,5,27,63,2.59,44,18,0,1,0,6,0.25,5,1,0,0,0,0,58,41,28,22,8,40,54.1,34,15,18,76,75,3,1820,95,47,11,52.4,7,33.3,950,13,33,20,1094,81,64.0,87,18,3,30,0,1.63,45,31,+14,+0.58,+0.06,42.5,28.8,+13.7,+0.56,+0.23,0,9,0,0,119,30,49.2
Ali Al Hamadi,Ipswich Town,iq IRQ,FW,22,2002,11,0,134.0,1.5,0,0,0,0,0,0,3,0,0.4,0.4,0.1,0.4,4,3,14,0.00,0.00,0.00,0.00,0.00,0.24,0.05,0.28,0.24,0.28,Matches,N/A,N/A,N/A,N/A,N/A,N/A,N/A,N/A,N/A,N/A,N/A,N/A,N/A,N/A,N/A,N/A,N/A,N/A,N/A,N/A,N/A,N/A,N/A,N/A,N/A,N/A,N/A,N/A,N/A,N/A,N/A,N/A,N/A,N/A,N/A,N/A,N/A,4,0,0.0,2.69,0.00,0.00,N/A,15.7,0.09,-0.4,-0.4,278,29,20,87.0,5,7,71.4,0,0,N/A,0.0,-0.1,2,0,0,0,30,0,0,0,0,0,0,0,0,0,1,8,5.37,4,0,3,1,0,0,0.00,0,0,0,0,0,0,1,0,0,0,1,0,0.0,2,0,0,1,2,0,53,2,9,4,57.1,3,42.9,29,4,7,4,36,12,3.9,N/A,0,11,12,2,0.82,1,5,-4,-2.69,-1.54,1.4,3.7,-2.3,-1.56,-0.57,0,8,0,0,4,5,35.7
Jack Harrison,Everton,eng ENG,FW,27,1996,34,24,2076.0,23.1,1,0,1,1,0,0,0,0,3.5,3.5,3.7,7.2,73,51,127,0.04,0.00,0.04,0.04,0.04,0.15,0.16,0.31,0.15,0.31,Matches,N/A,N/A,N/A,N/A,N/A,N/A,N/A,N/A,N/A,N/A,N/A,N/A,N/A,N/A,N/A,N/A,N/A,N/A,N/A,N/A,N/A,N/A,N/A,N/A,N/A,N/A,N/A,N/A,N/A,N/A,N/A,N/A,N/A,N/A,N/A,N/A,N/A,29,7,24.1,1.26,0.30,0.03,0.14,16.2,0.12,-2.5,-2.5,6596,2477,239,81.0,122,182,67.0,36,108,33.3,3.1,-3.7,33,28,25,11,588,64,4,2,131,8,27,0,1,7,33,57,2.47,38,9,4,4,0,4,0.17,1,0,0,1,2,0,32,22,12,12,8,15,32.6,31,16,10,42,35,2,948,36,69,24,32.0,43,57.3,524,17,52,41,612,61,60.7,76,8,10,26,4,1.21,20,27,-7,-0.30,-0.64,23.9,31.2,-7.4,-0.32,-0.51,0,13,1,0,73,4,12.5
Taylor Harwood-Bellis,Southampton,eng ENG,DF,22,2002,34,32,2825.0,31.4,1,0,1,1,0,0,9,0,1.8,1.8,1.0,2.8,29,125,9,0.03,0.00,0.03,0.03,0.03,0.06,0.03,0.09,0.06,0.09,Matches,N/A,N/A,N/A,N/A,N/A,N/A,N/A,N/A,N/A,N/A,N/A,N/A,N/A,N/A,N/A,N/A,N/A,N/A,N/A,N/A,N/A,N/A,N/A,N/A,N/A,N/A,N/A,N/A,N/A,N/A,N/A,N/A,N/A,N/A,N/A,N/A,N/A,20,8,40.0,0.64,0.25,0.05,0.13,10.6,0.09,-0.8,-0.8,35252,12592,683,92.4,1019,1113,91.6,174,272,64.0,0.7,-1.0,14,178,10,1,2080,81,3,9,10,27,0,0,0,3,11,37,1.18,32,0,0,1,1,2,0.06,1,0,0,1,0,0,28,20,13,12,3,19,54.3,16,22,30,58,141,6,2475,340,42,3,100.0,0,0.0,1433,0,16,5,1792,83,82.6,87,27,2,28,0,0.35,20,65,-45,-1.43,+0.84,26.1,66.8,-40.8,-1.30,+0.42,0,35,0,0,123,63,56.3
Kai Havertz,Arsenal,de GER,"FW,MF",25,1999,23,21,1875.0,20.8,9,3,12,9,0,0,5,0,9.5,9.5,2.4,12.0,35,61,113,0.43,0.14,0.58,0.43,0.58,0.46,0.12,0.57,0.46,0.57,Matches,N/A,N/A,N/A,N/A,N/A,N/A,N/A,N/A,N/A,N/A,N/A,N/A,N/A,N/A,N/A,N/A,N/A,N/A,N/A,N/A,N/A,N/A,N/A,N/A,N/A,N/A,N/A,N/A,N/A,N/A,N/A,N/A,N/A,N/A,N/A,N/A,N/A,53,21,39.6,2.54,1.01,0.17,0.43,11.6,0.18,-0.5,-0.5,4905,1033,286,84.1,95,115,82.6,5,11,45.5,1.7,+0.6,17,27,9,1,511,6,1,0,11,5,0,0,0,2,11,42,2.02,35,0,1,0,0,3,0.14,2,0,0,1,0,0,16,9,3,6,7,4,26.7,11,19,6,22,33,1,785,31,107,9,23.7,24,63.2,418,18,44,23,584,82,54.8,88,18,2,18,1,2.13,40,20,+20,+0.96,+0.09,34.2,19.3,+14.9,+0.72,+0.10,0,38,0,0,41,63,44.7
Ayden Heaven,Manchester Utd,eng ENG,DF,17,2006,4,2,170.0,1.9,0,0,0,0,0,0,1,0,0.1,0.1,0.0,0.2,1,7,1,0.00,0.00,0.00,0.00,0.00,0.07,0.01,0.08,0.07,0.08,Matches,N/A,N/A,N/A,N/A,N/A,N/A,N/A,N/A,N/A,N/A,N/A,N/A,N/A,N/A,N/A,N/A,N/A,N/A,N/A,N/A,N/A,N/A,N/A,N/A,N/A,N/A,N/A,N/A,N/A,N/A,N/A,N/A,N/A,N/A,N/A,N/A,N/A,2,0,0.0,1.06,0.00,0.00,N/A,15.5,0.07,-0.1,-0.1,1542,458,35,89.7,51,56,91.1,3,7,42.9,0.0,0.0,1,4,0,0,104,1,0,0,0,0,0,0,0,1,3,4,2.12,0,0,1,1,0,0,0.00,0,0,0,0,0,0,4,3,1,3,0,2,100.0,0,0,4,8,9,0,136,30,2,2,50.0,2,50.0,95,0,3,1,93,43,5.0,58,0,2,28,4,1.75,1,1,0,0.00,+0.28,3.3,1.7,+1.6,+0.83,+0.91,0,4,0,0,11,2,40.0
Jan Paul van Hecke,Brighton,nl NED,DF,24,2000,34,33,2958.0,32.9,1,1,2,1,0,0,8,1,1.3,1.3,1.5,2.8,55,228,5,0.03,0.03,0.06,0.03,0.06,0.04,0.05,0.09,0.04,0.09,Matches,N/A,N/A,N/A,N/A,N/A,N/A,N/A,N/A,N/A,N/A,N/A,N/A,N/A,N/A,N/A,N/A,N/A,N/A,N/A,N/A,N/A,N/A,N/A,N/A,N/A,N/A,N/A,N/A,N/A,N/A,N/A,N/A,N/A,N/A,N/A,N/A,N/A,17,5,29.4,0.52,0.15,0.06,0.20,13.9,0.08,-0.3,-0.3,39486,15217,703,93.5,1077,1156,93.2,219,334,65.6,1.4,-0.5,15,226,17,4,2146,138,4,19,11,8,0,0,0,2,7,52,1.58,46,2,0,1,0,3,0.09,3,0,0,0,0,0,45,29,24,19,2,23,56.1,18,15,24,69,142,2,2589,272,33,5,45.5,4,36.4,1715,0,12,7,1820,87,86.5,89,30,1,9,0,1.59,55,47,+8,+0.24,+0.44,49.7,44.3,+5.4,+0.17,+0.42,1,25,0,0,131,82,62.1
Hwang Hee-chan,Wolves,kr KOR,"MF,FW",28,1996,21,5,661.0,7.3,2,0,2,2,0,0,0,0,0.8,0.8,0.1,0.9,15,12,42,0.27,0.00,0.27,0.27,0.27,0.11,0.02,0.13,0.11,0.13,Matches,N/A,N/A,N/A,N/A,N/A,N/A,N/A,N/A,N/A,N/A,N/A,N/A,N/A,N/A,N/A,N/A,N/A,N/A,N/A,N/A,N/A,N/A,N/A,N/A,N/A,N/A,N/A,N/A,N/A,N/A,N/A,N/A,N/A,N/A,N/A,N/A,N/A,5,3,60.0,0.68,0.41,0.40,0.67,17.4,0.16,+1.2,+1.2,2152,420,110,87.3,43,51,84.3,4,5,80.0,0.3,-0.1,3,7,4,2,189,14,1,0,8,6,0,0,0,1,9,9,1.22,8,0,0,0,0,1,0.14,1,0,0,0,0,0,6,4,2,1,3,2,33.3,4,9,2,8,11,0,271,10,24,2,14.3,12,85.7,159,7,14,10,181,31,19.3,69,1,16,20,8,0.86,8,19,-11,-1.50,-1.37,8.5,12.7,-4.2,-0.57,-0.24,0,6,0,0,28,3,25.0
Dean Henderson,Crystal Palace,eng ENG,GK,27,1997,38,38,3420.0,38.0,0,0,0,0,0,0,3,0,0.0,0.0,0.2,0.2,0,0,0,0.00,0.00,0.00,0.00,0.00,0.00,0.00,0.00,0.00,0.00,Matches,51,1.34,150,101,66.7,13,14,11,11,28.9,1,1,0,50.0,1,5,3,51.2,0.35,+3.2,+0.08,157,600,26.2,942,115,47.5,38.5,273,56.0,44.9,559,30,5.4,40,1.05,14.3,1,0,0.0,0.03,0.00,0.00,N/A,14.9,0.01,0.0,0.0,20401,13551,180,99.4,350,353,99.2,211,677,31.2,0.1,-0.2,3,23,1,0,842,373,0,0,0,0,0,0,0,1,1,4,0.11,3,1,0,0,0,0,0.00,0,0,0,0,0,0,2,1,2,0,0,2,33.3,4,0,0,2,22,0,1308,1065,1,0,N/A,0,N/A,751,0,2,0,580,90,100.0,90,38,0,N/A,0,1.39,51,51,0,0.00,N/A,60.4,49.1,+11.3,+0.30,N/A,0,0,0,0,26,11,91.7
Rico Henry,Brentford,eng ENG,DF,27,1997,5,0,99.0,1.1,0,0,0,0,0,0,0,0,0.0,0.0,0.0,0.0,0,4,5,0.00,0.00,0.00,0.00,0.00,0.00,0.00,0.00,0.00,0.00,Matches,N/A,N/A,N/A,N/A,N/A,N/A,N/A,N/A,N/A,N/A,N/A,N/A,N/A,N/A,N/A,N/A,N/A,N/A,N/A,N/A,N/A,N/A,N/A,N/A,N/A,N/A,N/A,N/A,N/A,N/A,N/A,N/A,N/A,N/A,N/A,N/A,N/A,0,0,N/A,0.00,0.00,N/A,N/A,N/A,N/A,0.0,0.0,503,195,20,69.0,13,17,76.5,0,2,0.0,0.0,0.0,0,4,0,0,39,10,0,0,2,10,0,0,0,0,3,2,1.84,2,0,0,0,0,1,0.92,1,0,0,0,0,0,2,2,1,0,1,0,0.0,4,3,1,3,2,0,66,6,1,0,0.0,2,66.7,30,0,3,2,27,20,2.9,N/A,0,5,20,5,2.00,4,3,+1,+0.91,+0.69,2.2,2.0,+0.3,+0.24,+0.15,0,2,0,0,7,2,66.7
Mads Hermansen,Leicester City,dk DEN,GK,24,2000,27,27,2385.0,26.5,0,0,0,0,0,0,1,0,0.0,0.0,0.0,0.0,0,1,0,0.00,0.00,0.00,0.00,0.00,0.00,0.00,0.00,0.00,0.00,Matches,58,2.19,155,99,64.5,3,6,18,1,3.7,3,1,0,25.0,0,3,3,56.4,0.35,+1.4,+0.05,114,471,24.2,926,133,39.2,34.6,143,75.5,51.5,419,26,6.2,26,0.98,13.1,0,0,N/A,0.00,0.00,N/A,N/A,N/A,N/A,0.0,0.0,17066,12387,151,97.4,312,329,94.8,191,584,32.7,0.0,0.0,0,20,1,0,840,229,0,2,0,0,0,0,0,4,1,3,0.11,3,0,0,0,0,0,0.00,0,0,0,0,0,0,1,1,1,0,0,1,100.0,0,1,0,1,13,4,1147,831,0,1,100.0,0,0.0,734,0,1,0,625,88,69.7,88,26,0,N/A,0,0.56,23,58,-35,-1.32,-0.28,22.4,54.1,-31.7,-1.20,-0.54,0,0,0,0,17,4,80.0
Son Heung-min,Tottenham,kr KOR,FW,32,1992,30,24,2110.0,23.4,7,9,16,6,1,2,1,0,7.2,5.7,8.2,13.9,96,111,265,0.30,0.38,0.68,0.26,0.64,0.31,0.35,0.66,0.24,0.59,Matches,N/A,N/A,N/A,N/A,N/A,N/A,N/A,N/A,N/A,N/A,N/A,N/A,N/A,N/A,N/A,N/A,N/A,N/A,N/A,N/A,N/A,N/A,N/A,N/A,N/A,N/A,N/A,N/A,N/A,N/A,N/A,N/A,N/A,N/A,N/A,N/A,N/A,55,24,43.6,2.35,1.02,0.11,0.25,17.0,0.11,-0.2,+0.3,10322,2867,447,89.8,206,256,80.5,39,81,48.1,5.1,+0.8,50,40,51,6,853,70,4,4,78,12,25,5,0,2,26,117,4.99,87,8,10,5,0,15,0.64,13,0,0,1,1,0,17,9,3,8,6,5,18.5,22,11,5,22,17,1,1134,16,122,29,34.9,41,49.4,761,44,25,32,867,70,61.7,79,11,6,35,0,1.13,44,35,+9,+0.38,+1.07,36.2,39.0,-2.8,-0.12,0.00,0,6,1,0,85,6,33.3
James Hill,Bournemouth,eng ENG,DF,22,2002,10,6,448.0,5.0,0,1,1,0,0,0,1,0,0.3,0.3,0.3,0.6,3,16,8,0.00,0.20,0.20,0.00,0.20,0.06,0.05,0.11,0.06,0.11,Matches,N/A,N/A,N/A,N/A,N/A,N/A,N/A,N/A,N/A,N/A,N/A,N/A,N/A,N/A,N/A,N/A,N/A,N/A,N/A,N/A,N/A,N/A,N/A,N/A,N/A,N/A,N/A,N/A,N/A,N/A,N/A,N/A,N/A,N/A,N/A,N/A,N/A,6,0,0.0,1.21,0.00,0.00,N/A,13.9,0.05,-0.3,-0.3,3098,1094,51,76.1,85,110,77.3,21,58,36.2,0.3,+0.7,3,20,6,0,212,33,0,0,10,30,0,0,0,0,5,8,1.61,5,2,0,0,1,1,0.20,1,0,0,0,0,0,15,8,6,6,3,3,27.3,8,5,9,24,31,0,319,19,8,1,50.0,1,50.0,146,0,2,0,179,45,13.1,68,1,4,11,21,1.30,7,9,-2,-0.40,-0.83,10.5,8.5,+1.9,+0.39,-0.02,0,7,0,0,13,14,53.8
Jack Hinshelwood,Brighton,eng ENG,"MF,DF",19,2005,26,22,1842.0,20.5,5,2,7,5,0,0,5,0,2.7,2.7,1.5,4.2,19,68,54,0.24,0.10,0.34,0.24,0.34,0.13,0.07,0.21,0.13,0.21,Matches,N/A,N/A,N/A,N/A,N/A,N/A,N/A,N/A,N/A,N/A,N/A,N/A,N/A,N/A,N/A,N/A,N/A,N/A,N/A,N/A,N/A,N/A,N/A,N/A,N/A,N/A,N/A,N/A,N/A,N/A,N/A,N/A,N/A,N/A,N/A,N/A,N/A,18,10,55.6,0.88,0.49,0.28,0.50,12.2,0.15,+2.3,+2.3,13114,3047,510,90.7,280,333,84.1,56,107,52.3,1.5,+0.5,17,36,9,2,927,118,0,8,27,75,4,1,1,1,11,35,1.71,28,4,0,1,0,3,0.15,3,0,0,0,0,0,27,19,8,10,9,11,40.7,16,7,16,43,37,1,1199,50,35,2,18.2,8,72.7,590,2,18,3,762,71,53.9,82,12,4,11,0,1.73,39,30,+9,+0.44,+0.55,31.9,29.7,+2.1,+0.10,-0.01,0,18,0,0,63,20,55.6
George Hirst,Ipswich Town,sct SCO,FW,25,1999,26,5,661.0,7.3,3,1,4,3,0,0,3,0,2.1,2.1,0.3,2.5,9,13,31,0.41,0.14,0.54,0.41,0.54,0.29,0.05,0.34,0.29,0.34,Matches,N/A,N/A,N/A,N/A,N/A,N/A,N/A,N/A,N/A,N/A,N/A,N/A,N/A,N/A,N/A,N/A,N/A,N/A,N/A,N/A,N/A,N/A,N/A,N/A,N/A,N/A,N/A,N/A,N/A,N/A,N/A,N/A,N/A,N/A,N/A,N/A,N/A,14,7,50.0,1.91,0.95,0.21,0.43,11.3,0.15,+0.9,+0.9,785,188,49,68.1,13,26,50.0,1,3,33.3,0.3,+0.7,4,1,4,0,121,0,0,0,3,0,0,0,0,1,5,9,1.22,7,0,0,1,0,3,0.41,2,0,0,1,0,0,3,3,1,0,2,1,25.0,3,0,2,5,10,0,188,12,28,2,33.3,3,50.0,101,7,21,16,161,25,19.3,72,0,21,14,0,0.50,10,16,-6,-0.82,+0.49,7.1,15.0,-7.9,-1.08,-0.08,0,13,0,0,12,32,58.2
Callum Hudson-Odoi,Nott'ham Forest,eng ENG,"FW,MF",23,2000,31,25,2194.0,24.4,5,2,7,5,0,0,2,0,2.5,2.5,2.7,5.2,130,71,189,0.21,0.08,0.29,0.21,0.29,0.10,0.11,0.21,0.10,0.21,Matches,N/A,N/A,N/A,N/A,N/A,N/A,N/A,N/A,N/A,N/A,N/A,N/A,N/A,N/A,N/A,N/A,N/A,N/A,N/A,N/A,N/A,N/A,N/A,N/A,N/A,N/A,N/A,N/A,N/A,N/A,N/A,N/A,N/A,N/A,N/A,N/A,N/A,37,17,45.9,1.52,0.70,0.14,0.29,18.3,0.07,+2.5,+2.5,10242,2075,401,91.8,218,266,82.0,44,87,50.6,2.6,-0.7,44,38,33,11,817,23,5,6,79,6,4,1,0,3,16,94,3.86,74,3,10,4,0,11,0.45,7,0,2,0,2,0,22,14,8,8,6,12,66.7,6,11,13,35,12,1,1035,16,74,37,58.7,18,28.6,641,47,45,23,784,71,64.2,81,8,6,28,1,1.74,38,23,+15,+0.62,+0.84,28.7,26.9,+1.8,+0.07,+0.45,0,12,1,0,92,3,23.1
Will Hughes,Crystal Palace,eng ENG,MF,29,1995,33,24,2108.0,23.4,0,3,3,0,0,0,11,0,1.1,1.1,3.1,4.2,20,87,27,0.00,0.13,0.13,0.00,0.13,0.05,0.13,0.18,0.05,0.18,Matches,N/A,N/A,N/A,N/A,N/A,N/A,N/A,N/A,N/A,N/A,N/A,N/A,N/A,N/A,N/A,N/A,N/A,N/A,N/A,N/A,N/A,N/A,N/A,N/A,N/A,N/A,N/A,N/A,N/A,N/A,N/A,N/A,N/A,N/A,N/A,N/A,N/A,22,1,4.5,0.94,0.04,0.00,0.00,22.3,0.05,-1.1,-1.1,11688,4132,373,88.0,288,349,82.5,48,129,37.2,2.6,-0.1,33,76,15,3,856,106,1,2,71,1,41,2,0,8,11,67,2.86,42,17,1,5,0,6,0.26,2,3,0,1,0,0,66,36,20,33,13,28,45.2,34,17,22,88,28,3,1203,48,17,5,31.3,7,43.8,532,1,21,30,659,64,61.6,76,3,9,32,0,1.45,31,31,0,0.00,0.00,37.9,30.6,+7.3,+0.31,+0.04,0,65,0,1,121,19,51.4
Dean Huijsen,Bournemouth,es ESP,DF,19,2005,32,26,2427.0,27.0,3,2,5,3,0,0,10,0,1.9,1.9,2.0,3.9,41,132,10,0.11,0.07,0.19,0.11,0.19,0.07,0.08,0.14,0.07,0.14,Matches,N/A,N/A,N/A,N/A,N/A,N/A,N/A,N/A,N/A,N/A,N/A,N/A,N/A,N/A,N/A,N/A,N/A,N/A,N/A,N/A,N/A,N/A,N/A,N/A,N/A,N/A,N/A,N/A,N/A,N/A,N/A,N/A,N/A,N/A,N/A,N/A,N/A,18,3,16.7,0.67,0.11,0.17,1.00,11.9,0.10,+1.1,+1.1,27219,10928,449,89.8,712,781,91.2,181,304,59.5,1.6,0.0,15,180,7,2,1566,53,2,15,12,6,0,0,0,6,12,43,1.59,40,1,0,1,0,3,0.11,3,0,0,0,0,0,36,26,19,16,1,18,62.1,11,11,51,87,198,4,2021,254,30,2,40.0,3,60.0,1118,0,20,1,1271,76,71.0,90,26,6,15,6,1.50,42,31,+11,+0.41,+0.32,44.6,37.1,+7.6,+0.28,-0.44,0,31,0,0,105,68,60.7
Omari Hutchinson,Ipswich Town,eng ENG,"MF,FW",20,2003,31,30,2583.0,28.7,3,2,5,3,0,0,5,0,2.9,2.9,3.5,6.4,97,75,159,0.10,0.07,0.17,0.10,0.17,0.10,0.12,0.22,0.10,0.22,Matches,N/A,N/A,N/A,N/A,N/A,N/A,N/A,N/A,N/A,N/A,N/A,N/A,N/A,N/A,N/A,N/A,N/A,N/A,N/A,N/A,N/A,N/A,N/A,N/A,N/A,N/A,N/A,N/A,N/A,N/A,N/A,N/A,N/A,N/A,N/A,N/A,N/A,45,18,40.0,1.57,0.63,0.07,0.17,19.6,0.06,+0.1,+0.1,10875,2022,353,88.5,283,339,83.5,38,73,52.1,2.5,-1.5,31,45,27,15,807,70,4,2,81,8,5,0,0,8,39,81,2.82,59,0,9,5,2,6,0.21,6,0,0,0,0,0,32,13,14,10,8,13,27.1,35,25,11,43,15,1,1259,17,92,51,37.2,68,49.6,779,37,80,58,893,83,75.5,85,18,1,24,1,0.55,25,61,-36,-1.25,-0.18,25.8,50.0,-24.2,-0.84,+0.67,0,30,0,0,110,6,18.8
Rasmus Højlund,Manchester Utd,dk DEN,FW,21,2003,32,23,2004.0,22.3,4,0,4,4,0,0,2,0,5.3,5.3,1.8,7.1,28,18,101,0.18,0.00,0.18,0.18,0.18,0.24,0.08,0.32,0.24,0.32,Matches,N/A,N/A,N/A,N/A,N/A,N/A,N/A,N/A,N/A,N/A,N/A,N/A,N/A,N/A,N/A,N/A,N/A,N/A,N/A,N/A,N/A,N/A,N/A,N/A,N/A,N/A,N/A,N/A,N/A,N/A,N/A,N/A,N/A,N/A,N/A,N/A,N/A,32,13,40.6,1.44,0.58,0.13,0.31,12.9,0.16,-1.3,-1.3,2741,486,183,81.0,42,62,67.7,4,6,66.7,1.1,-1.8,16,14,5,1,310,23,2,0,8,0,0,0,0,3,6,34,1.53,22,0,3,4,0,1,0.04,0,0,0,0,1,0,3,1,0,2,1,0,0.0,5,6,2,5,6,0,515,6,74,9,27.3,21,63.6,308,17,63,33,408,63,58.6,78,7,9,24,2,1.03,17,31,-14,-0.63,-0.88,25.9,29.6,-3.8,-0.17,-0.33,0,17,1,0,35,31,24.8
Igor,Brighton,br BRA,DF,26,1998,13,10,961.0,10.7,0,0,0,0,0,0,4,0,0.0,0.0,0.2,0.2,9,49,1,0.00,0.00,0.00,0.00,0.00,0.00,0.02,0.02,0.00,0.02,Matches,N/A,N/A,N/A,N/A,N/A,N/A,N/A,N/A,N/A,N/A,N/A,N/A,N/A,N/A,N/A,N/A,N/A,N/A,N/A,N/A,N/A,N/A,N/A,N/A,N/A,N/A,N/A,N/A,N/A,N/A,N/A,N/A,N/A,N/A,N/A,N/A,N/A,1,0,0.0,0.09,0.00,0.00,N/A,14.1,0.05,0.0,0.0,12145,3851,262,96.7,364,384,94.8,42,59,71.2,0.3,-0.2,2,39,2,1,680,48,3,4,4,11,0,0,0,2,5,14,1.31,12,0,1,1,0,0,0.00,0,0,0,0,0,0,5,5,2,2,1,4,40.0,6,10,4,9,39,1,816,109,1,5,83.3,1,16.7,530,0,1,0,606,74,28.1,84,8,3,39,10,1.54,17,17,0,0.00,-0.26,14.9,17.4,-2.5,-0.23,-0.48,0,9,0,0,42,8,57.1
Danny Ings,West Ham,eng ENG,"FW,MF",32,1992,15,1,284.0,3.2,1,2,3,1,0,0,0,0,2.3,2.3,1.3,3.5,6,5,29,0.32,0.63,0.95,0.32,0.95,0.72,0.41,1.12,0.72,1.12,Matches,N/A,N/A,N/A,N/A,N/A,N/A,N/A,N/A,N/A,N/A,N/A,N/A,N/A,N/A,N/A,N/A,N/A,N/A,N/A,N/A,N/A,N/A,N/A,N/A,N/A,N/A,N/A,N/A,N/A,N/A,N/A,N/A,N/A,N/A,N/A,N/A,N/A,14,5,35.7,4.44,1.58,0.07,0.20,15.5,0.16,-1.3,-1.3,830,126,41,83.7,19,29,65.5,1,5,20.0,0.1,+0.7,6,4,1,0,86,5,1,0,3,0,0,0,0,1,4,12,3.80,7,0,1,1,0,2,0.63,0,0,0,1,1,0,4,2,2,2,0,1,33.3,2,5,1,5,4,0,139,2,27,4,57.1,2,28.6,63,2,6,6,96,19,8.3,45,0,14,17,15,1.07,4,4,0,0.00,+0.46,8.0,4.7,+3.3,+1.05,+1.51,0,0,1,0,9,8,44.4
Tim Iroegbunam,Everton,eng ENG,MF,21,2003,18,5,574.0,6.4,0,1,1,0,0,0,4,0,0.2,0.2,0.2,0.4,8,15,9,0.00,0.16,0.16,0.00,0.16,0.04,0.03,0.07,0.04,0.07,Matches,N/A,N/A,N/A,N/A,N/A,N/A,N/A,N/A,N/A,N/A,N/A,N/A,N/A,N/A,N/A,N/A,N/A,N/A,N/A,N/A,N/A,N/A,N/A,N/A,N/A,N/A,N/A,N/A,N/A,N/A,N/A,N/A,N/A,N/A,N/A,N/A,N/A,5,0,0.0,0.78,0.00,0.00,N/A,22.5,0.05,-0.2,-0.2,1921,621,54,74.0,42,50,84.0,14,20,70.0,0.1,+0.8,3,10,1,0,156,0,0,0,1,0,0,0,0,2,5,10,1.57,6,0,1,1,2,1,0.16,1,0,0,0,0,0,29,14,14,10,5,14,60.9,9,14,16,45,12,1,269,24,12,8,40.0,8,40.0,127,2,11,18,113,32,16.8,83,3,13,12,4,1.00,9,16,-7,-1.10,-1.26,7.7,12.3,-4.7,-0.73,-0.74,0,15,0,0,51,11,73.3
Andy Irving,West Ham,sct SCO,MF,24,2000,10,1,166.0,1.8,0,0,0,0,0,0,2,0,0.1,0.1,0.2,0.4,0,9,4,0.00,0.00,0.00,0.00,0.00,0.06,0.13,0.19,0.06,0.19,Matches,N/A,N/A,N/A,N/A,N/A,N/A,N/A,N/A,N/A,N/A,N/A,N/A,N/A,N/A,N/A,N/A,N/A,N/A,N/A,N/A,N/A,N/A,N/A,N/A,N/A,N/A,N/A,N/A,N/A,N/A,N/A,N/A,N/A,N/A,N/A,N/A,N/A,4,2,50.0,2.17,1.08,0.00,0.00,26.2,0.03,-0.1,-0.1,1705,439,61,95.3,36,43,83.7,9,9,100.0,0.1,-0.2,1,14,1,1,120,2,1,0,2,0,0,0,0,2,1,5,2.68,4,0,1,0,0,0,0.00,0,0,0,0,0,0,7,4,3,3,1,1,20.0,4,4,1,8,5,0,150,7,0,1,100.0,0,0.0,73,0,1,3,104,17,4.9,76,0,9,10,15,1.10,1,4,-3,-1.63,-1.27,2.4,4.3,-1.9,-1.03,-0.73,0,6,0,0,10,1,50.0
Alexander Isak,Newcastle Utd,se SWE,FW,24,1999,34,34,2756.0,30.6,23,6,29,19,4,4,1,0,20.3,17.2,4.3,21.6,83,88,217,0.75,0.20,0.95,0.62,0.82,0.66,0.14,0.81,0.56,0.70,Matches,N/A,N/A,N/A,N/A,N/A,N/A,N/A,N/A,N/A,N/A,N/A,N/A,N/A,N/A,N/A,N/A,N/A,N/A,N/A,N/A,N/A,N/A,N/A,N/A,N/A,N/A,N/A,N/A,N/A,N/A,N/A,N/A,N/A,N/A,N/A,N/A,N/A,95,41,43.2,3.10,1.34,0.20,0.46,14.5,0.18,+2.7,+1.8,7434,1644,306,84.1,163,207,78.7,26,42,61.9,3.6,+1.7,41,35,31,1,606,77,6,3,16,9,0,0,0,6,24,92,3.01,70,1,8,2,2,14,0.46,11,0,1,0,1,1,12,5,2,3,7,5,33.3,10,16,3,15,17,1,1025,20,189,42,46.2,47,51.6,615,43,66,55,740,81,80.6,81,15,0,N/A,0,1.88,62,41,+21,+0.69,+0.69,55.0,36.3,+18.7,+0.61,+0.67,0,27,1,0,55,26,32.1
Alex Iwobi,Fulham,ng NGA,"FW,MF",28,1996,38,35,2981.0,33.1,9,6,15,9,0,0,1,0,4.7,4.7,7.0,11.8,144,213,246,0.27,0.18,0.45,0.27,0.45,0.14,0.21,0.36,0.14,0.36,Matches,N/A,N/A,N/A,N/A,N/A,N/A,N/A,N/A,N/A,N/A,N/A,N/A,N/A,N/A,N/A,N/A,N/A,N/A,N/A,N/A,N/A,N/A,N/A,N/A,N/A,N/A,N/A,N/A,N/A,N/A,N/A,N/A,N/A,N/A,N/A,N/A,N/A,68,29,42.6,2.05,0.88,0.13,0.31,18.3,0.07,+4.3,+4.3,19530,5723,582,86.7,448,574,78.0,98,184,53.3,7.0,-1.0,59,115,86,19,1487,39,15,21,126,24,0,1,0,6,52,122,3.68,106,0,8,2,0,16,0.48,13,0,2,1,0,0,44,25,14,21,9,22,64.7,12,25,14,58,29,1,1861,33,116,48,49.5,42,43.3,1312,37,62,40,1447,78,87.2,83,14,3,26,0,1.42,40,45,-5,-0.15,-1.18,39.3,37.5,+1.8,+0.05,+0.04,0,19,0,0,140,7,18.4
Nicolas Jackson,Chelsea,sn SEN,FW,23,2001,30,28,2220.0,24.7,10,5,15,10,0,0,7,1,12.3,12.3,4.3,16.6,47,38,129,0.41,0.20,0.61,0.41,0.61,0.50,0.17,0.67,0.50,0.67,Matches,N/A,N/A,N/A,N/A,N/A,N/A,N/A,N/A,N/A,N/A,N/A,N/A,N/A,N/A,N/A,N/A,N/A,N/A,N/A,N/A,N/A,N/A,N/A,N/A,N/A,N/A,N/A,N/A,N/A,N/A,N/A,N/A,N/A,N/A,N/A,N/A,N/A,76,34,44.7,3.08,1.38,0.13,0.29,12.9,0.16,-2.3,-2.3,4088,884,182,81.6,92,118,78.0,9,15,60.0,1.9,+0.7,28,22,10,1,385,12,1,0,3,4,0,0,0,2,15,69,2.80,42,0,9,9,2,10,0.41,7,0,2,1,0,0,22,13,6,7,9,5,50.0,5,13,3,25,15,0,687,19,141,18,29.5,32,52.5,417,32,71,41,514,74,64.9,76,5,2,41,1,1.80,42,23,+19,+0.77,+0.62,43.0,28.4,+14.5,+0.59,+0.14,0,35,0,0,48,21,36.8
Reece James,Chelsea,eng ENG,"DF,MF",24,1999,19,12,1063.0,11.8,1,1,2,1,0,0,1,0,0.4,0.4,0.7,1.1,7,64,12,0.08,0.08,0.17,0.08,0.17,0.04,0.06,0.10,0.04,0.10,Matches,N/A,N/A,N/A,N/A,N/A,N/A,N/A,N/A,N/A,N/A,N/A,N/A,N/A,N/A,N/A,N/A,N/A,N/A,N/A,N/A,N/A,N/A,N/A,N/A,N/A,N/A,N/A,N/A,N/A,N/A,N/A,N/A,N/A,N/A,N/A,N/A,N/A,11,3,27.3,0.93,0.25,0.09,0.33,23.2,0.04,+0.6,+0.6,12618,4375,333,93.3,317,355,89.3,57,116,49.1,1.2,+0.3,11,80,5,1,731,119,4,2,43,64,11,5,1,4,10,18,1.52,11,5,1,0,0,3,0.25,1,0,1,1,0,0,10,9,6,3,1,3,33.3,6,8,13,23,23,4,952,43,7,7,41.2,6,35.3,486,1,7,9,607,56,31.1,76,5,7,22,4,1.63,13,14,-1,-0.08,-0.92,16.6,15.9,+0.8,+0.06,-0.69,0,8,0,0,66,23,71.9
Vitaly Janelt,Brentford,de GER,MF,26,1998,32,27,2254.0,25.0,1,3,4,1,0,0,3,0,0.8,0.8,2.2,3.0,17,80,38,0.04,0.12,0.16,0.04,0.16,0.03,0.09,0.12,0.03,0.12,Matches,N/A,N/A,N/A,N/A,N/A,N/A,N/A,N/A,N/A,N/A,N/A,N/A,N/A,N/A,N/A,N/A,N/A,N/A,N/A,N/A,N/A,N/A,N/A,N/A,N/A,N/A,N/A,N/A,N/A,N/A,N/A,N/A,N/A,N/A,N/A,N/A,N/A,14,4,28.6,0.56,0.16,0.07,0.25,17.7,0.06,+0.2,+0.2,14466,4279,443,90.6,344,403,85.4,66,118,55.9,2.4,+0.8,14,78,23,7,1033,18,3,6,30,6,0,0,0,6,16,32,1.28,31,1,0,0,0,3,0.12,3,0,0,0,0,0,38,22,14,13,11,21,58.3,15,24,27,65,53,1,1289,118,32,3,25.0,7,58.3,651,3,16,10,814,70,65.9,79,10,5,25,0,1.34,38,38,0,0.00,-0.69,35.5,36.9,-1.4,-0.05,-0.43,0,24,0,0,107,19,63.3
Daniel Jebbison,Bournemouth,ca CAN,FW,20,2003,16,0,119.0,1.3,1,0,1,1,0,0,1,0,1.0,1.0,0.2,1.2,4,3,16,0.76,0.00,0.76,0.76,0.76,0.75,0.15,0.90,0.75,0.90,Matches,N/A,N/A,N/A,N/A,N/A,N/A,N/A,N/A,N/A,N/A,N/A,N/A,N/A,N/A,N/A,N/A,N/A,N/A,N/A,N/A,N/A,N/A,N/A,N/A,N/A,N/A,N/A,N/A,N/A,N/A,N/A,N/A,N/A,N/A,N/A,N/A,N/A,5,2,40.0,3.78,1.51,0.20,0.50,10.6,0.20,0.0,0.0,361,44,21,91.3,3,5,60.0,1,2,50.0,0.1,-0.2,3,1,1,0,42,0,0,0,3,0,0,0,0,0,1,6,4.54,4,0,1,1,0,0,0.00,0,0,0,0,0,0,5,3,3,2,0,4,66.7,2,1,1,6,1,0,78,3,14,4,57.1,3,42.9,44,5,13,5,47,7,3.5,N/A,0,16,7,4,1.25,7,2,+5,+3.78,+3.59,3.5,2.0,+1.5,+1.12,+0.74,0,2,0,0,10,2,16.7
Mathias Jensen,Brentford,dk DEN,MF,28,1996,24,8,862.0,9.6,0,2,2,0,0,0,2,0,0.2,0.2,1.7,1.9,6,61,27,0.00,0.21,0.21,0.00,0.21,0.03,0.17,0.20,0.03,0.20,Matches,N/A,N/A,N/A,N/A,N/A,N/A,N/A,N/A,N/A,N/A,N/A,N/A,N/A,N/A,N/A,N/A,N/A,N/A,N/A,N/A,N/A,N/A,N/A,N/A,N/A,N/A,N/A,N/A,N/A,N/A,N/A,N/A,N/A,N/A,N/A,N/A,N/A,6,1,16.7,0.63,0.10,0.00,0.00,23.1,0.04,-0.2,-0.2,6736,2465,170,88.1,133,172,77.3,49,90,54.4,1.7,+0.3,16,42,19,3,404,78,2,5,33,44,11,0,0,4,7,41,4.28,29,11,1,0,0,5,0.52,2,2,1,0,0,0,14,10,6,6,2,8,50.0,8,11,8,22,13,2,573,27,9,9,52.9,6,35.3,300,0,9,7,350,36,25.2,73,2,16,17,0,1.71,20,17,+3,+0.31,+0.10,17.3,16.0,+1.3,+0.14,+0.06,0,7,0,0,48,8,61.5
Gabriel Jesus,Arsenal,br BRA,FW,27,1997,17,6,608.0,6.8,3,0,3,3,0,0,4,0,3.0,3.0,0.7,3.7,15,19,57,0.44,0.00,0.44,0.44,0.44,0.44,0.10,0.54,0.44,0.54,Matches,N/A,N/A,N/A,N/A,N/A,N/A,N/A,N/A,N/A,N/A,N/A,N/A,N/A,N/A,N/A,N/A,N/A,N/A,N/A,N/A,N/A,N/A,N/A,N/A,N/A,N/A,N/A,N/A,N/A,N/A,N/A,N/A,N/A,N/A,N/A,N/A,N/A,20,7,35.0,2.96,1.04,0.15,0.43,11.1,0.15,0.0,0.0,2030,378,103,80.5,41,47,87.2,4,6,66.7,0.5,-0.7,8,10,9,1,197,3,1,0,7,3,0,0,0,3,12,18,2.66,10,0,1,1,1,4,0.59,1,0,0,3,0,0,10,6,4,3,3,4,44.4,5,9,4,14,8,0,299,9,48,9,40.9,10,45.5,179,11,13,13,217,36,17.8,81,2,11,11,1,1.94,15,5,+10,+1.48,+0.68,11.4,5.7,+5.7,+0.85,+0.21,0,14,0,0,28,9,33.3
Raúl Jiménez,Fulham,mx MEX,FW,33,1991,38,30,2494.0,27.7,12,3,15,9,3,3,4,0,12.0,9.6,3.3,12.9,35,62,125,0.43,0.11,0.54,0.32,0.43,0.43,0.12,0.55,0.35,0.47,Matches,N/A,N/A,N/A,N/A,N/A,N/A,N/A,N/A,N/A,N/A,N/A,N/A,N/A,N/A,N/A,N/A,N/A,N/A,N/A,N/A,N/A,N/A,N/A,N/A,N/A,N/A,N/A,N/A,N/A,N/A,N/A,N/A,N/A,N/A,N/A,N/A,N/A,93,30,32.3,3.36,1.08,0.10,0.30,14.5,0.10,0.0,-0.6,6916,1618,265,81.3,138,188,73.4,33,55,60.0,2.1,-0.3,24,41,14,3,635,7,3,5,23,4,0,0,0,1,28,66,2.38,48,1,2,5,1,7,0.25,4,0,0,1,1,1,35,24,9,17,9,8,36.4,14,16,10,45,23,3,999,35,165,21,42.0,26,52.0,549,17,74,45,734,66,72.9,78,9,8,18,0,1.42,31,37,-6,-0.22,-0.80,34.4,33.0,+1.4,+0.05,+0.01,0,39,1,0,80,91,47.9
João Pedro,Brighton,br BRA,"FW,MF",22,2001,27,23,1948.0,21.6,10,6,16,5,5,5,4,1,8.9,5.0,5.0,10.0,66,78,128,0.46,0.28,0.74,0.23,0.51,0.41,0.23,0.64,0.23,0.46,Matches,N/A,N/A,N/A,N/A,N/A,N/A,N/A,N/A,N/A,N/A,N/A,N/A,N/A,N/A,N/A,N/A,N/A,N/A,N/A,N/A,N/A,N/A,N/A,N/A,N/A,N/A,N/A,N/A,N/A,N/A,N/A,N/A,N/A,N/A,N/A,N/A,N/A,42,15,35.7,1.94,0.69,0.12,0.33,17.2,0.12,+1.1,0.0,6847,1766,300,78.7,133,177,75.1,29,44,65.9,3.1,+1.0,30,42,36,5,631,26,10,3,22,9,0,0,0,4,20,72,3.32,56,0,3,10,1,9,0.42,6,0,0,0,3,0,16,12,6,6,4,4,36.4,7,12,9,25,12,0,940,12,122,29,33.7,47,54.7,616,30,72,38,732,72,57.0,81,12,4,23,0,1.48,33,27,+6,+0.28,+0.22,36.3,25.7,+10.6,+0.49,+0.88,0,26,3,1,59,41,48.8
Joelinton,Newcastle Utd,br BRA,"MF,FW",27,1996,29,29,2393.0,26.6,4,3,7,4,0,0,10,0,3.9,3.9,2.5,6.4,40,116,110,0.15,0.11,0.26,0.15,0.26,0.15,0.09,0.24,0.15,0.24,Matches,N/A,N/A,N/A,N/A,N/A,N/A,N/A,N/A,N/A,N/A,N/A,N/A,N/A,N/A,N/A,N/A,N/A,N/A,N/A,N/A,N/A,N/A,N/A,N/A,N/A,N/A,N/A,N/A,N/A,N/A,N/A,N/A,N/A,N/A,N/A,N/A,N/A,45,13,28.9,1.69,0.49,0.09,0.31,14.0,0.09,+0.1,+0.1,12199,3384,529,87.7,277,320,86.6,33,55,60.0,2.3,+0.5,23,80,17,2,1014,26,7,2,16,14,0,0,0,3,23,61,2.29,46,2,1,1,6,9,0.34,7,0,0,1,0,1,57,35,23,23,11,25,56.8,19,30,23,80,47,2,1360,67,83,15,32.6,28,60.9,729,9,39,53,934,83,70.0,83,18,0,N/A,0,1.83,51,32,+19,+0.71,+0.54,46.4,31.5,+14.9,+0.56,+0.27,0,58,0,0,149,59,56.2
Ben Johnson,Ipswich Town,eng ENG,"DF,FW",24,2000,23,14,1354.0,15.0,1,2,3,1,0,0,5,1,1.1,1.1,1.3,2.3,16,27,33,0.07,0.13,0.20,0.07,0.20,0.07,0.09,0.16,0.07,0.16,Matches,N/A,N/A,N/A,N/A,N/A,N/A,N/A,N/A,N/A,N/A,N/A,N/A,N/A,N/A,N/A,N/A,N/A,N/A,N/A,N/A,N/A,N/A,N/A,N/A,N/A,N/A,N/A,N/A,N/A,N/A,N/A,N/A,N/A,N/A,N/A,N/A,N/A,7,3,42.9,0.47,0.20,0.14,0.33,12.6,0.15,-0.1,-0.1,4835,2045,170,86.3,101,135,74.8,24,49,49.0,0.9,+0.7,12,22,3,2,333,82,2,4,37,58,11,1,0,1,23,24,1.60,12,9,0,2,0,5,0.33,4,0,0,1,0,0,38,22,23,12,3,20,48.8,21,17,13,51,54,1,626,60,12,8,33.3,14,58.3,259,3,23,17,292,59,39.6,85,10,9,19,9,0.74,17,36,-19,-1.26,-0.09,12.8,36.7,-23.9,-1.59,-0.96,1,27,0,0,57,19,51.4
Brennan Johnson,Tottenham,wls WAL,FW,23,2001,33,24,2177.0,24.2,11,3,14,11,0,0,5,0,10.4,10.4,2.3,12.7,60,71,197,0.45,0.12,0.58,0.45,0.58,0.43,0.09,0.52,0.43,0.52,Matches,N/A,N/A,N/A,N/A,N/A,N/A,N/A,N/A,N/A,N/A,N/A,N/A,N/A,N/A,N/A,N/A,N/A,N/A,N/A,N/A,N/A,N/A,N/A,N/A,N/A,N/A,N/A,N/A,N/A,N/A,N/A,N/A,N/A,N/A,N/A,N/A,N/A,54,20,37.0,2.23,0.83,0.20,0.55,11.4,0.19,+0.6,+0.6,5932,1611,274,80.4,144,191,75.4,11,34,32.4,2.0,+0.7,19,25,35,6,624,12,0,1,53,12,0,0,0,2,41,46,1.90,30,0,6,5,1,7,0.29,5,0,1,0,1,0,39,26,9,20,10,16,47.1,18,22,4,43,14,0,853,18,125,19,43.2,22,50.0,544,35,26,17,626,66,63.7,79,14,9,31,2,1.03,40,38,+2,+0.08,+0.30,39.5,38.8,+0.7,+0.03,+0.40,0,27,2,0,63,7,25.9
Sam Johnstone,Wolves,eng ENG,GK,31,1993,7,7,630.0,7.0,0,0,0,0,0,0,0,0,0.0,0.0,0.0,0.0,0,0,0,0.00,0.00,0.00,0.00,0.00,0.00,0.00,0.00,0.00,0.00,Matches,17,2.43,39,23,61.5,0,1,6,0,0.0,2,0,0,0.0,0,5,1,13.0,0.29,-3.0,-0.43,52,129,40.3,252,28,45.6,36.6,25,56.0,43.2,104,8,7.7,11,1.57,13.4,0,0,N/A,0.00,0.00,N/A,N/A,N/A,N/A,0.0,0.0,5548,4270,31,96.9,80,82,97.6,72,160,45.0,0.0,0.0,1,6,0,0,230,47,0,0,0,0,0,0,0,1,2,2,0.29,2,0,0,0,0,0,0.00,0,0,0,0,0,0,0,0,0,0,0,0,0.0,1,0,0,0,7,0,306,229,0,0,N/A,0,N/A,196,0,0,0,179,90,18.4,90,7,0,N/A,16,0.14,9,17,-8,-1.14,-0.92,6.9,13.1,-6.2,-0.89,-0.62,0,0,0,0,9,4,100.0
Curtis Jones,Liverpool,eng ENG,"MF,DF",23,2001,33,19,1712.0,19.0,3,3,6,3,0,0,3,1,4.3,4.3,1.1,5.4,30,117,79,0.16,0.16,0.32,0.16,0.32,0.23,0.06,0.29,0.23,0.29,Matches,N/A,N/A,N/A,N/A,N/A,N/A,N/A,N/A,N/A,N/A,N/A,N/A,N/A,N/A,N/A,N/A,N/A,N/A,N/A,N/A,N/A,N/A,N/A,N/A,N/A,N/A,N/A,N/A,N/A,N/A,N/A,N/A,N/A,N/A,N/A,N/A,N/A,34,13,38.2,1.79,0.68,0.09,0.23,17.1,0.13,-1.3,-1.3,15072,3158,584,96.5,373,404,92.3,40,53,75.5,1.6,+1.9,22,84,19,1,1037,58,2,2,8,28,0,0,0,2,10,52,2.74,45,1,0,2,0,8,0.42,5,1,0,1,1,0,39,22,6,23,10,17,63.0,10,13,7,46,10,3,1288,41,58,12,54.5,8,36.4,789,8,26,36,967,52,50.1,76,6,14,19,1,2.09,38,27,+11,+0.58,-1.21,34.6,23.4,+11.1,+0.59,-1.12,1,18,1,0,97,14,51.9
Jorginho,Arsenal,it ITA,MF,32,1991,15,9,704.0,7.8,0,0,0,0,0,0,5,0,0.1,0.1,0.4,0.5,12,48,6,0.00,0.00,0.00,0.00,0.00,0.01,0.05,0.06,0.01,0.06,Matches,N/A,N/A,N/A,N/A,N/A,N/A,N/A,N/A,N/A,N/A,N/A,N/A,N/A,N/A,N/A,N/A,N/A,N/A,N/A,N/A,N/A,N/A,N/A,N/A,N/A,N/A,N/A,N/A,N/A,N/A,N/A,N/A,N/A,N/A,N/A,N/A,N/A,2,0,0.0,0.26,0.00,0.00,N/A,23.2,0.03,-0.1,-0.1,6468,1609,215,91.5,168,190,88.4,21,36,58.3,0.6,-0.4,3,44,10,0,466,8,4,1,1,0,0,0,0,0,5,12,1.54,10,0,0,2,0,0,0.00,0,0,0,0,0,0,12,4,1,7,4,8,40.0,12,3,7,19,2,2,522,9,3,1,25.0,2,50.0,302,0,12,9,389,47,20.6,72,3,6,9,19,2.00,14,7,+7,+0.89,-0.03,13.5,6.0,+7.5,+0.97,+0.37,0,15,0,0,55,1,14.3
Diogo Jota,Liverpool,pt POR,FW,27,1996,26,14,1196.0,13.3,6,3,9,6,0,0,2,0,7.9,7.9,1.8,9.8,37,34,88,0.45,0.23,0.68,0.45,0.68,0.60,0.14,0.74,0.60,0.74,Matches,N/A,N/A,N/A,N/A,N/A,N/A,N/A,N/A,N/A,N/A,N/A,N/A,N/A,N/A,N/A,N/A,N/A,N/A,N/A,N/A,N/A,N/A,N/A,N/A,N/A,N/A,N/A,N/A,N/A,N/A,N/A,N/A,N/A,N/A,N/A,N/A,N/A,51,13,25.5,3.84,0.98,0.12,0.46,12.4,0.16,-1.9,-1.9,3313,829,113,76.9,79,104,76.0,13,23,56.5,1.1,+1.2,11,29,3,1,305,3,1,2,8,1,0,0,0,2,15,37,2.79,24,0,6,1,1,9,0.68,5,0,2,1,1,0,14,8,2,8,4,7,36.8,12,9,8,22,6,0,485,6,97,11,33.3,20,60.6,263,21,40,22,333,46,35.0,67,2,12,22,3,2.12,29,12,+17,+1.28,+0.15,28.9,12.0,+16.9,+1.28,+0.20,0,23,1,0,41,22,40.7
James Justin,Leicester City,eng ENG,DF,26,1998,36,34,2912.0,32.4,2,2,4,2,0,0,6,0,1.5,1.5,0.8,2.3,39,91,96,0.06,0.06,0.12,0.06,0.12,0.05,0.03,0.07,0.05,0.07,Matches,N/A,N/A,N/A,N/A,N/A,N/A,N/A,N/A,N/A,N/A,N/A,N/A,N/A,N/A,N/A,N/A,N/A,N/A,N/A,N/A,N/A,N/A,N/A,N/A,N/A,N/A,N/A,N/A,N/A,N/A,N/A,N/A,N/A,N/A,N/A,N/A,N/A,25,6,24.0,0.77,0.19,0.08,0.33,16.2,0.06,+0.5,+0.5,18606,5922,625,87.0,497,586,84.8,48,136,35.3,0.8,+1.2,14,76,23,8,1268,270,1,2,57,248,0,0,0,3,40,33,1.02,21,2,1,5,0,2,0.06,2,0,0,0,0,0,58,37,29,23,6,32,58.2,23,31,46,104,141,3,1948,151,38,9,30.0,13,43.3,866,4,31,15,1077,81,85.1,84,23,2,27,1,0.67,31,68,-37,-1.14,+0.63,28.3,62.4,-34.1,-1.05,-0.15,0,29,0,0,88,69,55.6
Filip Jørgensen,Chelsea,dk DEN,GK,22,2002,6,6,540.0,6.0,0,0,0,0,0,0,0,0,0.0,0.0,0.0,0.0,0,0,0,0.00,0.00,0.00,0.00,0.00,0.00,0.00,0.00,0.00,0.00,Matches,9,1.50,28,19,71.4,3,0,3,1,16.7,1,0,0,0.0,0,1,0,9.3,0.30,+0.3,+0.04,7,33,21.2,171,19,18.1,24.1,18,11.1,17.5,53,2,3.8,2,0.33,13.2,0,0,N/A,0.00,0.00,N/A,N/A,N/A,N/A,0.0,0.0,2843,1649,64,100.0,79,81,97.5,11,40,27.5,0.0,0.0,0,1,0,0,169,20,0,0,0,0,0,0,0,0,0,1,0.17,1,0,0,0,0,0,0.00,0,0,0,0,0,0,0,0,0,0,0,0,N/A,0,0,0,0,0,3,202,174,0,0,N/A,0,N/A,145,0,0,0,139,90,15.8,90,6,0,N/A,31,1.50,12,9,+3,+0.50,-0.06,14.0,8.8,+5.2,+0.86,+0.39,0,1,0,1,5,0,N/A
Ferdi Kadioglu,Brighton,tr TUR,"DF,MF",24,1999,6,5,385.0,4.3,1,0,1,1,0,0,1,0,0.4,0.4,0.2,0.6,1,15,27,0.23,0.00,0.23,0.23,0.23,0.10,0.04,0.14,0.10,0.14,Matches,N/A,N/A,N/A,N/A,N/A,N/A,N/A,N/A,N/A,N/A,N/A,N/A,N/A,N/A,N/A,N/A,N/A,N/A,N/A,N/A,N/A,N/A,N/A,N/A,N/A,N/A,N/A,N/A,N/A,N/A,N/A,N/A,N/A,N/A,N/A,N/A,N/A,4,1,25.0,0.94,0.23,0.25,1.00,15.1,0.11,+0.6,+0.6,2372,698,73,89.0,61,74,82.4,9,14,64.3,0.3,-0.2,5,10,9,4,157,17,1,0,9,15,0,0,0,1,1,13,3.03,11,0,0,1,1,2,0.47,2,0,0,0,0,0,10,6,4,5,1,6,40.0,9,0,8,18,17,0,231,13,9,3,42.9,3,42.9,124,0,6,2,144,64,11.3,72,1,1,23,1,1.33,5,8,-3,-0.70,-1.00,5.2,9.3,-4.1,-0.96,-1.20,0,5,0,0,14,3,75.0
Daichi Kamada,Crystal Palace,jp JPN,MF,27,1996,34,15,1564.0,17.4,0,0,0,0,0,0,4,1,1.1,1.1,1.9,3.0,25,89,56,0.00,0.00,0.00,0.00,0.00,0.06,0.11,0.17,0.06,0.17,Matches,N/A,N/A,N/A,N/A,N/A,N/A,N/A,N/A,N/A,N/A,N/A,N/A,N/A,N/A,N/A,N/A,N/A,N/A,N/A,N/A,N/A,N/A,N/A,N/A,N/A,N/A,N/A,N/A,N/A,N/A,N/A,N/A,N/A,N/A,N/A,N/A,N/A,20,4,20.0,1.15,0.23,0.00,0.00,20.3,0.05,-1.1,-1.1,9772,2644,317,88.1,233,280,83.2,38,62,61.3,1.6,-1.9,20,48,14,3,720,31,4,5,31,2,11,1,0,1,18,52,2.99,37,6,1,2,3,3,0.17,2,1,0,0,0,0,47,29,19,24,4,14,34.1,27,17,18,65,14,0,937,19,32,7,36.8,9,47.4,485,6,16,20,600,46,45.7,81,7,19,18,1,1.38,25,26,-1,-0.06,-0.11,27.7,24.7,+3.1,+0.18,-0.22,0,28,0,0,89,4,23.5
Boubacar Kamara,Aston Villa,fr FRA,MF,24,1999,26,20,1726.0,19.2,1,0,1,1,0,0,2,0,0.8,0.8,0.9,1.7,19,85,7,0.05,0.00,0.05,0.05,0.05,0.04,0.05,0.09,0.04,0.09,Matches,N/A,N/A,N/A,N/A,N/A,N/A,N/A,N/A,N/A,N/A,N/A,N/A,N/A,N/A,N/A,N/A,N/A,N/A,N/A,N/A,N/A,N/A,N/A,N/A,N/A,N/A,N/A,N/A,N/A,N/A,N/A,N/A,N/A,N/A,N/A,N/A,N/A,10,3,30.0,0.52,0.16,0.10,0.33,19.6,0.08,+0.2,+0.2,13054,4037,421,92.7,357,390,91.5,34,62,54.8,0.8,-0.9,11,91,10,0,904,27,5,0,1,0,0,0,0,0,8,27,1.41,20,1,1,1,2,2,0.10,2,0,0,0,0,0,50,21,28,18,4,29,51.8,27,12,19,69,51,3,1113,95,12,9,33.3,9,33.3,591,2,12,17,754,66,50.5,81,12,6,16,1,1.69,28,22,+6,+0.31,+0.26,25.3,22.9,+2.5,+0.13,-0.06,0,30,0,0,87,21,44.7
Michael Kayode,Brentford,it ITA,DF,20,2004,12,6,528.0,5.9,0,1,1,0,0,0,2,0,0.2,0.2,1.2,1.5,12,12,24,0.00,0.17,0.17,0.00,0.17,0.04,0.21,0.25,0.04,0.25,Matches,N/A,N/A,N/A,N/A,N/A,N/A,N/A,N/A,N/A,N/A,N/A,N/A,N/A,N/A,N/A,N/A,N/A,N/A,N/A,N/A,N/A,N/A,N/A,N/A,N/A,N/A,N/A,N/A,N/A,N/A,N/A,N/A,N/A,N/A,N/A,N/A,N/A,2,0,0.0,0.34,0.00,0.00,N/A,16.8,0.10,-0.2,-0.2,3294,961,88,87.1,78,99,78.8,18,37,48.6,0.7,-0.2,8,12,3,2,183,58,0,0,10,58,0,0,0,0,3,19,3.24,9,7,1,1,0,3,0.51,3,0,0,0,0,0,17,11,12,5,0,9,69.2,4,3,7,24,19,0,313,23,13,9,50.0,8,44.4,144,3,13,3,143,44,15.4,78,1,6,11,1,1.83,15,5,+10,+1.70,+1.74,11.6,6.5,+5.1,+0.88,+0.92,0,8,0,0,34,9,69.2
Michael Keane,Everton,eng ENG,DF,31,1993,14,11,1049.0,11.7,3,0,3,3,0,0,5,0,0.6,0.6,0.1,0.7,1,14,3,0.26,0.00,0.26,0.26,0.26,0.05,0.01,0.06,0.05,0.06,Matches,N/A,N/A,N/A,N/A,N/A,N/A,N/A,N/A,N/A,N/A,N/A,N/A,N/A,N/A,N/A,N/A,N/A,N/A,N/A,N/A,N/A,N/A,N/A,N/A,N/A,N/A,N/A,N/A,N/A,N/A,N/A,N/A,N/A,N/A,N/A,N/A,N/A,10,4,40.0,0.86,0.34,0.30,0.75,13.2,0.06,+2.4,+2.4,7049,2396,96,88.9,146,160,91.3,67,89,75.3,0.0,-0.1,2,21,0,0,365,8,0,12,1,0,0,0,0,4,7,6,0.51,6,0,0,0,0,0,0.00,0,0,0,0,0,0,12,9,8,2,2,8,53.3,7,4,16,28,65,2,513,106,17,0,0.0,1,100.0,229,0,2,2,286,75,30.7,90,11,3,20,22,1.29,12,20,-8,-0.69,-0.91,12.3,19.1,-6.8,-0.58,-0.67,0,9,0,0,26,26,56.5
Caoimhín Kelleher,Liverpool,ie IRL,GK,25,1998,10,10,900.0,10.0,0,0,0,0,0,0,0,0,0.0,0.0,0.0,0.0,0,0,0,0.00,0.00,0.00,0.00,0.00,0.00,0.00,0.00,0.00,0.00,Matches,12,1.20,37,24,67.6,7,2,1,4,40.0,0,1,0,100.0,0,1,0,11.6,0.30,-0.4,-0.04,29,115,25.2,364,49,28.6,29.0,18,61.1,42.8,113,6,5.3,9,0.90,14.0,0,0,N/A,0.00,0.00,N/A,N/A,N/A,N/A,0.0,0.0,6252,3968,99,100.0,147,147,100.0,43,135,31.9,0.0,0.0,0,6,0,0,344,38,0,0,0,0,0,0,0,0,1,3,0.30,3,0,0,0,0,1,0.10,1,0,0,0,0,0,0,0,0,0,0,0,N/A,0,0,0,0,1,2,398,286,0,1,100.0,0,0.0,290,0,1,0,275,90,26.3,90,10,0,N/A,27,2.30,22,12,+10,+1.00,-0.25,19.8,11.1,+8.7,+0.87,-0.37,0,0,0,0,18,1,100.0
Lloyd Kelly,Newcastle Utd,eng ENG,DF,25,1998,10,4,303.0,3.4,0,1,1,0,0,0,2,0,0.4,0.4,0.5,0.9,0,9,5,0.00,0.30,0.30,0.00,0.30,0.12,0.14,0.26,0.12,0.26,Matches,N/A,N/A,N/A,N/A,N/A,N/A,N/A,N/A,N/A,N/A,N/A,N/A,N/A,N/A,N/A,N/A,N/A,N/A,N/A,N/A,N/A,N/A,N/A,N/A,N/A,N/A,N/A,N/A,N/A,N/A,N/A,N/A,N/A,N/A,N/A,N/A,N/A,3,0,0.0,0.89,0.00,0.00,N/A,7.3,0.14,-0.4,-0.4,2636,867,57,87.7,78,87,89.7,10,24,41.7,0.1,+0.5,2,6,1,1,159,22,0,0,1,15,0,0,0,0,5,2,0.59,2,0,0,0,0,1,0.30,1,0,0,0,0,0,5,4,4,1,0,1,100.0,0,2,1,6,17,0,215,26,4,2,66.7,1,33.3,120,0,3,2,129,30,8.9,68,1,6,6,14,1.60,1,6,-5,-1.49,-2.24,4.1,5.8,-1.7,-0.51,-1.09,0,5,0,0,19,6,75.0
Milos Kerkez,Bournemouth,hu HUN,DF,20,2003,38,38,3336.0,37.1,2,5,7,2,0,0,4,0,0.6,0.5,3.9,4.4,106,159,197,0.05,0.13,0.19,0.05,0.19,0.02,0.10,0.12,0.01,0.12,Matches,N/A,N/A,N/A,N/A,N/A,N/A,N/A,N/A,N/A,N/A,N/A,N/A,N/A,N/A,N/A,N/A,N/A,N/A,N/A,N/A,N/A,N/A,N/A,N/A,N/A,N/A,N/A,N/A,N/A,N/A,N/A,N/A,N/A,N/A,N/A,N/A,N/A,19,5,26.3,0.51,0.13,0.11,0.40,20.2,0.03,+1.4,+1.5,20911,6878,747,89.8,481,617,78.0,84,218,38.5,2.6,+1.1,35,87,41,27,1466,305,2,3,142,279,5,1,0,5,55,83,2.24,67,4,2,5,3,9,0.24,7,0,1,0,0,1,52,26,25,20,7,24,63.2,14,27,45,97,106,4,2158,112,69,22,45.8,16,33.3,1094,16,49,22,1196,88,97.5,88,32,0,N/A,0,1.47,52,45,+7,+0.19,-5.17,59.3,48.0,+11.3,+0.30,-4.23,0,30,0,0,169,28,36.4
Bilal El Khannouss,Leicester City,ma MAR,"MF,FW",20,2004,32,27,2182.0,24.2,2,3,5,2,0,0,4,0,1.3,1.3,4.6,5.8,73,128,89,0.08,0.12,0.21,0.08,0.21,0.05,0.19,0.24,0.05,0.24,Matches,N/A,N/A,N/A,N/A,N/A,N/A,N/A,N/A,N/A,N/A,N/A,N/A,N/A,N/A,N/A,N/A,N/A,N/A,N/A,N/A,N/A,N/A,N/A,N/A,N/A,N/A,N/A,N/A,N/A,N/A,N/A,N/A,N/A,N/A,N/A,N/A,N/A,30,7,23.3,1.24,0.29,0.07,0.29,22.0,0.04,+0.7,+0.7,14413,4123,372,85.7,306,381,80.3,101,170,59.4,3.1,-1.6,42,89,31,6,928,130,11,8,89,14,19,10,1,5,26,78,3.22,54,9,8,3,0,7,0.29,5,1,0,1,0,0,50,30,16,29,5,17,53.1,15,18,6,56,10,3,1268,18,35,34,56.7,23,38.3,732,12,38,38,851,68,63.8,78,8,5,16,3,0.63,17,54,-37,-1.53,-0.80,20.0,47.6,-27.6,-1.14,-0.30,0,30,0,0,92,19,44.2
Abdukodir Khusanov,Manchester City,uz UZB,DF,20,2004,6,6,503.0,5.6,0,0,0,0,0,0,1,0,0.0,0.0,0.1,0.1,1,25,2,0.00,0.00,0.00,0.00,0.00,0.00,0.02,0.02,0.00,0.02,Matches,N/A,N/A,N/A,N/A,N/A,N/A,N/A,N/A,N/A,N/A,N/A,N/A,N/A,N/A,N/A,N/A,N/A,N/A,N/A,N/A,N/A,N/A,N/A,N/A,N/A,N/A,N/A,N/A,N/A,N/A,N/A,N/A,N/A,N/A,N/A,N/A,N/A,1,0,0.0,0.18,0.00,0.00,N/A,23.9,0.02,0.0,0.0,6126,1976,160,94.7,191,197,97.0,6,23,26.1,0.1,-0.1,2,23,0,0,385,10,0,1,1,3,0,0,0,0,3,5,0.89,5,0,0,0,0,0,0.00,0,0,0,0,0,0,5,4,4,1,0,2,66.7,1,1,3,8,29,1,445,45,1,0,0.0,2,100.0,274,0,2,1,332,84,14.7,84,5,0,N/A,5,1.67,8,6,+2,+0.36,-0.44,9.0,7.0,+2.1,+0.37,-0.19,0,3,0,0,27,6,60.0
Max Kilman,West Ham,eng ENG,DF,27,1997,38,38,3348.0,37.2,0,1,1,0,0,0,5,0,1.6,1.6,1.2,2.8,31,113,6,0.00,0.03,0.03,0.00,0.03,0.04,0.03,0.08,0.04,0.08,Matches,N/A,N/A,N/A,N/A,N/A,N/A,N/A,N/A,N/A,N/A,N/A,N/A,N/A,N/A,N/A,N/A,N/A,N/A,N/A,N/A,N/A,N/A,N/A,N/A,N/A,N/A,N/A,N/A,N/A,N/A,N/A,N/A,N/A,N/A,N/A,N/A,N/A,13,2,15.4,0.35,0.05,0.00,0.00,8.9,0.13,-1.6,-1.6,32592,10820,546,91.9,990,1065,93.0,150,265,56.6,1.2,-0.2,16,109,4,0,1916,37,0,12,4,1,0,0,0,5,9,32,0.86,28,0,2,0,2,5,0.13,3,0,1,0,0,1,39,24,16,20,3,23,85.2,4,18,38,77,212,6,2374,464,32,16,72.7,2,9.1,1270,2,17,4,1581,88,97.9,88,37,0,N/A,0,1.13,45,62,-17,-0.46,-1.71,45.8,58.9,-13.1,-0.35,-0.80,0,23,0,0,146,113,67.3
Joshua King,Fulham,eng ENG,MF,17,2007,8,1,130.0,1.4,0,0,0,0,0,0,0,0,0.3,0.3,0.4,0.7,3,9,16,0.00,0.00,0.00,0.00,0.00,0.22,0.30,0.51,0.22,0.51,Matches,N/A,N/A,N/A,N/A,N/A,N/A,N/A,N/A,N/A,N/A,N/A,N/A,N/A,N/A,N/A,N/A,N/A,N/A,N/A,N/A,N/A,N/A,N/A,N/A,N/A,N/A,N/A,N/A,N/A,N/A,N/A,N/A,N/A,N/A,N/A,N/A,N/A,3,0,0.0,2.08,0.00,0.00,N/A,9.0,0.11,-0.3,-0.3,928,172,29,90.6,21,24,87.5,3,4,75.0,0.7,-0.4,3,5,2,0,63,1,0,1,2,0,0,0,0,0,3,8,5.54,6,0,1,0,0,2,1.38,2,0,0,0,0,0,7,5,3,4,0,0,0.0,3,3,1,8,1,0,87,2,10,4,50.0,4,50.0,44,0,1,6,60,16,3.8,61,0,7,10,15,1.38,3,0,+3,+2.08,+2.16,1.8,0.7,+1.0,+0.72,+0.69,0,3,0,0,5,1,33.3
Antonín Kinský,Tottenham,cz CZE,GK,21,2003,6,6,540.0,6.0,0,0,0,0,0,0,0,0,0.0,0.0,0.1,0.1,1,1,0,0.00,0.00,0.00,0.00,0.00,0.00,0.01,0.01,0.00,0.01,Matches,11,1.83,32,23,65.6,1,0,5,1,16.7,0,0,0,N/A,0,1,2,10.5,0.33,+1.5,+0.25,17,58,29.3,186,37,26.9,30.7,30,26.7,29.1,112,10,8.9,9,1.50,12.1,0,0,N/A,0.00,0.00,N/A,N/A,N/A,N/A,0.0,0.0,3990,2480,27,100.0,98,101,97.0,38,83,45.8,0.0,-0.1,1,2,0,0,177,39,0,0,0,0,0,0,0,1,1,1,0.17,1,0,0,0,0,0,0.00,0,0,0,0,0,0,3,1,3,0,0,1,100.0,0,0,0,3,9,1,237,205,0,0,N/A,0,N/A,144,0,0,0,126,90,15.8,90,6,0,N/A,12,0.50,6,11,-5,-0.83,-0.96,5.0,11.6,-6.6,-1.09,-1.16,0,0,0,0,6,2,100.0
Jakub Kiwior,Arsenal,pl POL,DF,24,2000,17,10,1122.0,12.5,1,0,1,1,0,0,1,0,0.2,0.2,0.3,0.5,5,48,1,0.08,0.00,0.08,0.08,0.08,0.01,0.03,0.04,0.01,0.04,Matches,N/A,N/A,N/A,N/A,N/A,N/A,N/A,N/A,N/A,N/A,N/A,N/A,N/A,N/A,N/A,N/A,N/A,N/A,N/A,N/A,N/A,N/A,N/A,N/A,N/A,N/A,N/A,N/A,N/A,N/A,N/A,N/A,N/A,N/A,N/A,N/A,N/A,3,1,33.3,0.24,0.08,0.33,1.00,18.5,0.06,+0.8,+0.8,11598,3392,278,94.6,358,376,95.2,30,53,56.6,0.3,-0.3,5,65,3,0,704,31,3,1,2,4,0,0,0,1,1,8,0.64,7,0,1,0,0,0,0.00,0,0,0,0,0,0,22,8,13,7,2,11,73.3,4,5,6,28,58,3,846,100,5,3,60.0,2,40.0,492,1,3,2,615,66,32.8,90,10,7,32,20,1.82,19,15,+4,+0.32,-0.89,20.7,13.8,+6.9,+0.55,-0.18,0,10,0,0,31,11,45.8
Justin Kluivert,Bournemouth,nl NED,MF,25,1999,34,29,2340.0,26.0,12,6,18,6,6,6,8,0,10.3,5.6,4.8,10.5,81,105,173,0.46,0.23,0.69,0.23,0.46,0.40,0.19,0.58,0.22,0.40,Matches,N/A,N/A,N/A,N/A,N/A,N/A,N/A,N/A,N/A,N/A,N/A,N/A,N/A,N/A,N/A,N/A,N/A,N/A,N/A,N/A,N/A,N/A,N/A,N/A,N/A,N/A,N/A,N/A,N/A,N/A,N/A,N/A,N/A,N/A,N/A,N/A,N/A,57,23,40.4,2.19,0.88,0.11,0.26,20.0,0.10,+1.7,+0.4,8844,2330,322,84.3,189,248,76.2,45,87,51.7,3.7,+1.2,45,45,35,6,683,92,5,6,85,10,30,0,0,7,18,101,3.88,73,8,7,5,1,12,0.46,11,0,0,0,1,0,23,11,4,11,8,4,18.2,18,24,14,37,24,1,1086,24,134,36,41.4,40,46.0,646,38,55,27,710,69,68.4,74,5,5,40,0,1.50,38,29,+9,+0.35,+0.10,43.0,32.5,+10.5,+0.41,-0.01,0,47,1,0,78,8,22.2
Ibrahima Konaté,Liverpool,fr FRA,DF,25,1999,31,30,2560.0,28.4,1,2,3,1,0,0,5,0,1.7,1.7,1.0,2.7,25,115,3,0.04,0.07,0.11,0.04,0.11,0.06,0.03,0.10,0.06,0.10,Matches,N/A,N/A,N/A,N/A,N/A,N/A,N/A,N/A,N/A,N/A,N/A,N/A,N/A,N/A,N/A,N/A,N/A,N/A,N/A,N/A,N/A,N/A,N/A,N/A,N/A,N/A,N/A,N/A,N/A,N/A,N/A,N/A,N/A,N/A,N/A,N/A,N/A,19,3,15.8,0.67,0.11,0.05,0.33,10.5,0.09,-0.7,-0.7,31820,10824,592,93.8,1023,1077,95.0,94,171,55.0,0.9,+1.0,10,143,9,0,1856,46,1,5,0,5,0,0,0,3,9,31,1.09,26,0,0,0,1,7,0.25,6,0,0,0,0,1,40,26,25,13,2,25,71.4,10,14,17,57,133,3,2185,223,23,3,50.0,2,33.3,1290,0,8,2,1576,83,74.9,84,24,1,45,1,2.26,59,28,+31,+1.09,-0.38,58.6,26.9,+31.7,+1.11,-0.14,0,27,0,0,98,74,71.8
Ezri Konsa,Aston Villa,eng ENG,DF,26,1997,34,33,2936.0,32.6,2,0,2,2,0,0,1,0,1.3,1.3,0.4,1.7,24,90,11,0.06,0.00,0.06,0.06,0.06,0.04,0.01,0.05,0.04,0.05,Matches,N/A,N/A,N/A,N/A,N/A,N/A,N/A,N/A,N/A,N/A,N/A,N/A,N/A,N/A,N/A,N/A,N/A,N/A,N/A,N/A,N/A,N/A,N/A,N/A,N/A,N/A,N/A,N/A,N/A,N/A,N/A,N/A,N/A,N/A,N/A,N/A,N/A,11,5,45.5,0.34,0.15,0.18,0.40,8.8,0.12,+0.7,+0.7,26299,8781,669,96.7,807,844,95.6,62,95,65.3,0.6,-0.4,6,106,2,0,1538,134,6,0,5,34,0,0,0,1,21,24,0.74,19,2,1,0,0,3,0.09,3,0,0,0,0,0,34,18,20,10,4,20,80.0,5,9,24,58,114,4,1915,250,22,8,44.4,7,38.9,1132,2,17,10,1338,86,85.8,88,32,1,45,1,1.76,48,45,+3,+0.09,-0.65,46.5,43.4,+3.1,+0.10,-0.43,0,9,0,0,97,31,57.4
Mateo Kovačić,Manchester City,hr CRO,MF,30,1994,31,25,2198.0,24.4,6,2,8,6,0,0,5,1,1.9,1.9,3.6,5.5,56,164,16,0.25,0.08,0.33,0.25,0.33,0.08,0.15,0.23,0.08,0.23,Matches,N/A,N/A,N/A,N/A,N/A,N/A,N/A,N/A,N/A,N/A,N/A,N/A,N/A,N/A,N/A,N/A,N/A,N/A,N/A,N/A,N/A,N/A,N/A,N/A,N/A,N/A,N/A,N/A,N/A,N/A,N/A,N/A,N/A,N/A,N/A,N/A,N/A,45,12,26.7,1.84,0.49,0.13,0.50,22.9,0.04,+4.1,+4.1,27279,7278,919,95.0,735,770,95.5,69,105,65.7,3.2,-1.6,33,206,30,0,1845,33,15,8,0,0,0,0,0,4,14,73,2.99,59,0,4,4,1,8,0.33,6,0,1,1,0,0,69,38,23,38,8,31,47.7,34,20,24,93,21,1,2123,53,17,22,53.7,11,26.8,1445,3,19,29,1729,71,64.3,82,12,6,26,2,1.94,50,28,+22,+0.90,+0.46,45.2,31.1,+14.2,+0.58,+0.12,0,24,0,0,114,10,52.6
Emil Krafth,Newcastle Utd,se SWE,DF,29,1994,12,2,342.0,3.8,0,0,0,0,0,0,2,0,0.0,0.0,0.1,0.1,5,8,3,0.00,0.00,0.00,0.00,0.00,0.01,0.02,0.03,0.01,0.03,Matches,N/A,N/A,N/A,N/A,N/A,N/A,N/A,N/A,N/A,N/A,N/A,N/A,N/A,N/A,N/A,N/A,N/A,N/A,N/A,N/A,N/A,N/A,N/A,N/A,N/A,N/A,N/A,N/A,N/A,N/A,N/A,N/A,N/A,N/A,N/A,N/A,N/A,1,0,0.0,0.26,0.00,0.00,N/A,14.6,0.03,0.0,0.0,2017,786,60,81.1,53,62,85.5,7,12,58.3,0.0,-0.1,1,6,1,0,138,20,0,0,2,16,0,0,0,0,4,3,0.79,2,0,0,0,0,0,0.00,0,0,0,0,0,0,4,2,2,1,1,2,66.7,1,1,2,6,16,0,199,34,4,0,0.0,1,100.0,82,0,2,2,98,29,10.0,90,2,10,16,14,1.92,5,2,+3,+0.79,+0.26,4.9,6.5,-1.5,-0.40,-0.98,0,5,0,0,19,8,50.0
Mohammed Kudus,West Ham,gh GHA,"FW,MF",23,2000,32,31,2590.0,28.8,5,3,8,5,0,0,2,1,6.9,6.9,3.1,10.0,98,79,216,0.17,0.10,0.28,0.17,0.28,0.24,0.11,0.35,0.24,0.35,Matches,N/A,N/A,N/A,N/A,N/A,N/A,N/A,N/A,N/A,N/A,N/A,N/A,N/A,N/A,N/A,N/A,N/A,N/A,N/A,N/A,N/A,N/A,N/A,N/A,N/A,N/A,N/A,N/A,N/A,N/A,N/A,N/A,N/A,N/A,N/A,N/A,N/A,75,21,28.0,2.61,0.73,0.07,0.24,16.0,0.09,-1.9,-1.9,11695,1800,381,90.5,256,288,88.9,58,85,68.2,2.7,-0.1,31,46,29,15,837,16,2,13,81,3,0,0,0,2,29,107,3.72,74,1,16,2,2,10,0.35,6,0,1,3,0,0,38,23,9,18,11,10,37.0,17,23,4,42,8,2,1274,13,127,92,44.2,98,47.1,842,42,77,93,989,81,75.7,83,14,1,19,0,1.13,33,46,-13,-0.45,-0.13,34.1,42.9,-8.9,-0.31,+0.11,0,39,0,0,138,11,21.6
Dejan Kulusevski,Tottenham,se SWE,"MF,FW",24,2000,32,27,2389.0,26.5,7,4,11,7,0,0,3,0,4.2,4.2,6.2,10.4,120,124,210,0.26,0.15,0.41,0.26,0.41,0.16,0.23,0.39,0.16,0.39,Matches,N/A,N/A,N/A,N/A,N/A,N/A,N/A,N/A,N/A,N/A,N/A,N/A,N/A,N/A,N/A,N/A,N/A,N/A,N/A,N/A,N/A,N/A,N/A,N/A,N/A,N/A,N/A,N/A,N/A,N/A,N/A,N/A,N/A,N/A,N/A,N/A,N/A,47,17,36.2,1.77,0.64,0.15,0.41,14.7,0.09,+2.8,+2.8,9216,2920,394,86.2,203,260,78.1,32,79,40.5,3.9,-2.2,65,62,52,6,800,84,11,1,89,6,26,0,0,9,42,128,4.82,95,12,15,3,0,9,0.34,7,1,1,0,0,0,45,23,17,13,15,19,37.3,32,29,13,58,10,1,1276,24,158,38,32.5,71,60.7,823,40,77,74,895,75,69.9,84,22,5,24,0,1.06,50,41,+9,+0.34,+1.21,44.9,43.1,+1.8,+0.07,+0.62,0,48,0,0,121,10,40.0
Maxence Lacroix,Crystal Palace,fr FRA,DF,24,2000,35,35,3116.0,34.6,1,1,2,1,0,0,5,0,3.4,3.4,1.0,4.4,8,65,7,0.03,0.03,0.06,0.03,0.06,0.10,0.03,0.13,0.10,0.13,Matches,N/A,N/A,N/A,N/A,N/A,N/A,N/A,N/A,N/A,N/A,N/A,N/A,N/A,N/A,N/A,N/A,N/A,N/A,N/A,N/A,N/A,N/A,N/A,N/A,N/A,N/A,N/A,N/A,N/A,N/A,N/A,N/A,N/A,N/A,N/A,N/A,N/A,30,5,16.7,0.87,0.14,0.03,0.20,10.8,0.11,-2.4,-2.4,24841,9717,316,85.4,748,826,90.6,136,249,54.6,1.0,0.0,8,71,4,2,1433,44,3,7,7,2,0,0,0,0,12,28,0.81,23,1,0,0,0,4,0.12,2,1,0,1,0,0,68,41,52,15,1,32,68.1,15,26,54,122,207,2,1934,362,45,8,57.1,4,28.6,1030,0,21,6,1136,89,91.1,89,32,0,N/A,0,1.49,49,45,+4,+0.12,+1.30,57.1,43.3,+13.8,+0.40,+1.13,0,34,0,1,130,60,54.5
Adam Lallana,Southampton,eng ENG,MF,36,1988,14,5,361.0,4.0,0,2,2,0,0,0,4,0,0.2,0.2,0.9,1.1,6,24,10,0.00,0.50,0.50,0.00,0.50,0.04,0.23,0.27,0.04,0.27,Matches,N/A,N/A,N/A,N/A,N/A,N/A,N/A,N/A,N/A,N/A,N/A,N/A,N/A,N/A,N/A,N/A,N/A,N/A,N/A,N/A,N/A,N/A,N/A,N/A,N/A,N/A,N/A,N/A,N/A,N/A,N/A,N/A,N/A,N/A,N/A,N/A,N/A,3,0,0.0,0.75,0.00,0.00,N/A,18.1,0.06,-0.2,-0.2,2891,980,147,89.1,61,67,91.0,4,9,44.4,0.5,+1.1,4,21,9,3,255,4,1,0,4,0,0,0,0,1,3,9,2.24,8,0,0,1,0,2,0.50,2,0,0,0,0,0,8,5,4,4,0,2,16.7,10,3,5,13,5,0,318,19,6,5,41.7,5,41.7,178,0,10,6,245,26,10.6,51,0,9,12,6,0.50,3,8,-5,-1.25,+0.37,4.2,7.9,-3.8,-0.94,+0.48,0,8,0,0,19,2,50.0
Tariq Lamptey,Brighton,gh GHA,DF,23,2000,15,10,860.0,9.6,2,2,4,2,0,0,0,0,0.4,0.4,0.8,1.2,32,14,45,0.21,0.21,0.42,0.21,0.42,0.04,0.08,0.12,0.04,0.12,Matches,N/A,N/A,N/A,N/A,N/A,N/A,N/A,N/A,N/A,N/A,N/A,N/A,N/A,N/A,N/A,N/A,N/A,N/A,N/A,N/A,N/A,N/A,N/A,N/A,N/A,N/A,N/A,N/A,N/A,N/A,N/A,N/A,N/A,N/A,N/A,N/A,N/A,6,2,33.3,0.63,0.21,0.33,1.00,18.5,0.06,+1.6,+1.6,5168,1326,185,93.0,128,162,79.0,19,40,47.5,0.8,+1.2,5,12,6,5,346,66,0,1,28,60,1,0,0,1,6,17,1.78,14,1,0,1,1,3,0.31,2,0,0,0,0,1,17,11,8,9,0,9,36.0,16,8,7,24,23,1,535,29,11,10,32.3,18,58.1,292,3,11,5,302,57,25.1,76,5,5,19,10,1.40,14,21,-7,-0.73,-1.22,13.3,14.8,-1.4,-0.15,-0.35,0,15,0,1,39,1,6.7
Roméo Lavia,Chelsea,be BEL,MF,20,2004,16,11,797.0,8.9,0,1,1,0,0,0,4,0,0.3,0.3,0.7,1.0,3,31,7,0.00,0.11,0.11,0.00,0.11,0.03,0.08,0.11,0.03,0.11,Matches,N/A,N/A,N/A,N/A,N/A,N/A,N/A,N/A,N/A,N/A,N/A,N/A,N/A,N/A,N/A,N/A,N/A,N/A,N/A,N/A,N/A,N/A,N/A,N/A,N/A,N/A,N/A,N/A,N/A,N/A,N/A,N/A,N/A,N/A,N/A,N/A,N/A,2,0,0.0,0.23,0.00,0.00,N/A,18.8,0.13,-0.3,-0.3,6552,1692,179,91.8,184,194,94.8,21,25,84.0,0.4,+0.3,7,49,3,0,419,3,3,3,0,0,0,0,0,2,1,14,1.58,13,0,0,0,1,2,0.23,2,0,0,0,0,0,22,13,5,13,4,10,47.6,11,6,16,38,10,1,493,17,1,10,62.5,6,37.5,295,0,3,7,359,50,23.3,66,0,5,14,4,1.88,11,11,0,0.00,-0.72,11.7,14.7,-2.9,-0.33,-1.13,0,16,0,1,40,12,66.7
Mario Lemina,Wolves,ga GAB,"MF,DF",30,1993,17,15,1364.0,15.2,1,3,4,1,0,0,4,0,1.4,1.4,1.1,2.5,8,48,21,0.07,0.20,0.26,0.07,0.26,0.09,0.07,0.17,0.09,0.17,Matches,N/A,N/A,N/A,N/A,N/A,N/A,N/A,N/A,N/A,N/A,N/A,N/A,N/A,N/A,N/A,N/A,N/A,N/A,N/A,N/A,N/A,N/A,N/A,N/A,N/A,N/A,N/A,N/A,N/A,N/A,N/A,N/A,N/A,N/A,N/A,N/A,N/A,18,5,27.8,1.19,0.33,0.06,0.20,21.9,0.08,-0.4,-0.4,9479,2966,176,85.0,249,284,87.7,58,95,61.1,1.2,+1.9,10,43,13,4,582,26,6,4,10,9,0,0,0,5,7,26,1.71,21,0,2,0,1,5,0.33,5,0,0,0,0,0,51,31,27,19,5,20,69.0,9,5,27,78,50,3,809,92,18,10,62.5,4,25.0,382,2,21,11,482,80,39.9,87,13,2,30,0,0.53,22,39,-17,-1.12,-1.21,15.3,27.2,-11.9,-0.78,-0.67,0,17,0,1,73,25,61.0
Bernd Leno,Fulham,de GER,GK,32,1992,38,38,3420.0,38.0,0,1,1,0,0,0,5,0,0.0,0.0,0.1,0.1,0,0,0,0.00,0.03,0.03,0.00,0.03,0.00,0.00,0.00,0.00,0.00,Matches,54,1.42,159,106,67.9,15,9,14,5,13.2,3,1,0,25.0,0,6,2,48.9,0.29,-3.1,-0.08,141,367,38.4,1231,167,22.7,28.9,172,51.2,41.9,507,23,4.5,33,0.87,13.3,0,0,N/A,0.00,0.00,N/A,N/A,N/A,N/A,0.0,0.0,28206,16978,227,99.6,683,691,98.8,227,471,48.2,0.1,+0.9,2,16,2,0,1160,243,0,0,0,0,0,0,0,1,1,6,0.16,6,0,0,0,0,2,0.05,2,0,0,0,0,0,2,2,2,0,0,2,100.0,0,1,0,2,11,5,1479,1190,0,0,N/A,0,N/A,955,0,0,0,862,90,100.0,90,38,0,N/A,0,1.42,54,54,0,0.00,N/A,49.0,47.2,+1.8,+0.05,N/A,0,0,0,0,50,9,90.0
Jefferson Lerma,Crystal Palace,co COL,"MF,DF",29,1994,33,26,2274.0,25.3,0,1,1,0,0,0,9,0,1.1,1.1,1.6,2.7,13,97,26,0.00,0.04,0.04,0.00,0.04,0.04,0.06,0.11,0.04,0.11,Matches,N/A,N/A,N/A,N/A,N/A,N/A,N/A,N/A,N/A,N/A,N/A,N/A,N/A,N/A,N/A,N/A,N/A,N/A,N/A,N/A,N/A,N/A,N/A,N/A,N/A,N/A,N/A,N/A,N/A,N/A,N/A,N/A,N/A,N/A,N/A,N/A,N/A,26,8,30.8,1.03,0.32,0.00,0.00,19.8,0.04,-1.1,-1.1,14709,5135,395,86.4,349,426,81.9,79,178,44.4,1.7,-0.6,10,87,18,2,1052,61,9,8,12,46,0,0,0,8,22,47,1.86,37,5,1,0,1,3,0.12,3,0,0,0,0,0,35,17,15,16,4,19,52.8,17,20,42,77,80,1,1406,124,29,7,53.8,4,30.8,649,0,15,18,803,69,66.5,79,18,7,31,1,1.42,35,36,-1,-0.04,-0.12,39.8,32.4,+7.4,+0.29,-0.01,0,35,0,0,154,41,51.3
Rico Lewis,Manchester City,eng ENG,"DF,MF",19,2004,28,21,1893.0,21.0,1,2,3,1,0,0,5,1,1.4,1.4,0.3,1.7,39,107,78,0.05,0.10,0.14,0.05,0.14,0.07,0.02,0.08,0.07,0.08,Matches,N/A,N/A,N/A,N/A,N/A,N/A,N/A,N/A,N/A,N/A,N/A,N/A,N/A,N/A,N/A,N/A,N/A,N/A,N/A,N/A,N/A,N/A,N/A,N/A,N/A,N/A,N/A,N/A,N/A,N/A,N/A,N/A,N/A,N/A,N/A,N/A,N/A,10,2,20.0,0.48,0.10,0.10,0.50,15.8,0.14,-0.4,-0.4,17279,3228,721,94.6,438,466,94.0,28,44,63.6,1.0,+1.7,7,92,14,0,1185,127,3,0,6,102,0,0,0,0,22,31,1.47,30,0,0,1,0,3,0.14,3,0,0,0,0,0,30,19,13,12,5,13,61.9,8,21,13,43,45,1,1477,53,46,9,42.9,11,52.4,865,8,20,19,1061,68,55.4,85,14,7,16,8,1.82,41,27,+14,+0.67,-0.16,37.0,27.2,+9.8,+0.46,-0.16,1,12,0,0,95,6,30.0
Keane Lewis-Potter,Brentford,eng ENG,"DF,FW",23,2001,38,36,3093.0,34.4,1,3,4,1,0,0,7,0,3.1,3.1,3.2,6.3,98,98,156,0.03,0.09,0.12,0.03,0.12,0.09,0.09,0.18,0.09,0.18,Matches,N/A,N/A,N/A,N/A,N/A,N/A,N/A,N/A,N/A,N/A,N/A,N/A,N/A,N/A,N/A,N/A,N/A,N/A,N/A,N/A,N/A,N/A,N/A,N/A,N/A,N/A,N/A,N/A,N/A,N/A,N/A,N/A,N/A,N/A,N/A,N/A,N/A,28,14,50.0,0.81,0.41,0.04,0.07,20.2,0.11,-2.1,-2.1,16310,5025,532,90.0,335,426,78.6,88,181,48.6,4.9,-0.2,26,69,47,18,1112,153,5,9,78,139,2,0,0,8,29,71,2.07,56,0,5,6,1,8,0.23,6,0,0,0,2,0,49,27,26,16,7,31,62.0,19,18,21,70,76,3,1613,102,74,41,40.6,50,49.5,868,35,51,20,966,81,90.4,85,26,2,17,0,1.47,58,49,+9,+0.26,+0.26,53.3,50.0,+3.3,+0.10,+0.02,0,18,1,0,146,27,43.5
Myles Lewis-Skelly,Arsenal,eng ENG,DF,17,2006,23,15,1369.0,15.2,1,0,1,1,0,0,3,2,0.2,0.2,0.4,0.6,37,71,37,0.07,0.00,0.07,0.07,0.07,0.01,0.03,0.04,0.01,0.04,Matches,N/A,N/A,N/A,N/A,N/A,N/A,N/A,N/A,N/A,N/A,N/A,N/A,N/A,N/A,N/A,N/A,N/A,N/A,N/A,N/A,N/A,N/A,N/A,N/A,N/A,N/A,N/A,N/A,N/A,N/A,N/A,N/A,N/A,N/A,N/A,N/A,N/A,3,1,33.3,0.20,0.07,0.33,1.00,14.7,0.05,+0.8,+0.8,10525,2307,394,96.1,291,317,91.8,14,24,58.3,0.5,-0.4,8,66,10,2,660,111,3,2,10,94,0,0,0,5,2,29,1.91,21,0,1,6,0,0,0.00,0,0,0,0,0,0,22,14,10,9,3,10,90.9,1,3,7,29,27,0,905,28,17,12,42.9,9,32.1,526,7,13,9,616,60,40.0,80,7,8,20,9,1.96,26,16,+10,+0.66,-0.44,21.8,15.9,+6.0,+0.39,-0.47,0,11,0,1,53,11,52.4
Matthijs de Ligt,Manchester Utd,nl NED,DF,24,1999,29,25,2123.0,23.6,2,0,2,2,0,0,3,0,2.5,2.5,0.3,2.8,7,55,6,0.08,0.00,0.08,0.08,0.08,0.10,0.01,0.12,0.10,0.12,Matches,N/A,N/A,N/A,N/A,N/A,N/A,N/A,N/A,N/A,N/A,N/A,N/A,N/A,N/A,N/A,N/A,N/A,N/A,N/A,N/A,N/A,N/A,N/A,N/A,N/A,N/A,N/A,N/A,N/A,N/A,N/A,N/A,N/A,N/A,N/A,N/A,N/A,18,9,50.0,0.76,0.38,0.11,0.22,7.9,0.14,-0.5,-0.5,21810,5955,454,94.2,728,771,94.4,53,108,49.1,0.3,-0.3,6,63,2,1,1350,27,0,9,6,1,0,0,0,3,11,14,0.59,12,0,0,0,0,1,0.04,1,0,0,0,0,0,30,22,17,12,1,23,71.9,9,8,33,63,96,0,1608,184,29,2,50.0,2,50.0,1078,0,5,3,1158,73,62.1,82,16,4,19,1,1.28,32,36,-4,-0.17,+0.25,30.2,37.4,-7.2,-0.30,-0.72,0,16,0,2,68,58,66.7
Victor Lindelöf,Manchester Utd,se SWE,DF,30,1994,16,6,704.0,7.8,0,0,0,0,0,0,1,0,0.0,0.0,0.1,0.1,5,26,4,0.00,0.00,0.00,0.00,0.00,0.00,0.01,0.01,0.00,0.01,Matches,N/A,N/A,N/A,N/A,N/A,N/A,N/A,N/A,N/A,N/A,N/A,N/A,N/A,N/A,N/A,N/A,N/A,N/A,N/A,N/A,N/A,N/A,N/A,N/A,N/A,N/A,N/A,N/A,N/A,N/A,N/A,N/A,N/A,N/A,N/A,N/A,N/A,0,0,N/A,0.00,0.00,N/A,N/A,N/A,N/A,0.0,0.0,6074,1912,154,94.5,184,191,96.3,20,26,76.9,0.1,-0.1,3,17,2,1,376,10,1,0,1,5,0,0,0,0,1,4,0.51,4,0,0,0,0,0,0.00,0,0,0,0,0,0,7,2,5,1,1,3,75.0,1,2,8,15,36,2,452,60,3,0,N/A,0,N/A,263,0,1,1,313,44,20.6,88,5,10,18,7,1.25,10,9,+1,+0.13,+0.49,11.7,8.5,+3.2,+0.41,+0.55,0,8,0,0,29,17,53.1
Jesper Lindstrøm,Everton,dk DEN,FW,24,2000,25,15,1239.0,13.8,0,1,1,0,0,0,2,0,2.1,2.1,2.0,4.1,30,25,81,0.00,0.07,0.07,0.00,0.07,0.15,0.15,0.30,0.15,0.30,Matches,N/A,N/A,N/A,N/A,N/A,N/A,N/A,N/A,N/A,N/A,N/A,N/A,N/A,N/A,N/A,N/A,N/A,N/A,N/A,N/A,N/A,N/A,N/A,N/A,N/A,N/A,N/A,N/A,N/A,N/A,N/A,N/A,N/A,N/A,N/A,N/A,N/A,28,10,35.7,2.03,0.73,0.00,0.00,21.0,0.08,-2.1,-2.1,4593,1335,194,86.2,65,99,65.7,29,65,44.6,2.0,-1.0,19,18,12,7,383,42,1,0,71,6,12,8,2,3,18,46,3.35,30,7,2,3,1,1,0.07,1,0,0,0,0,0,45,25,24,19,2,19,34.5,36,12,12,57,17,0,625,22,40,8,18.6,31,72.1,302,7,31,24,347,50,36.2,67,1,10,23,3,1.20,15,14,+1,+0.07,+0.20,17.4,13.2,+4.2,+0.31,+0.67,0,15,0,0,70,6,33.3
Valentino Livramento,Newcastle Utd,eng ENG,DF,21,2002,37,32,2840.0,31.6,0,1,1,0,0,0,1,0,0.3,0.3,2.6,2.9,83,158,119,0.00,0.03,0.03,0.00,0.03,0.01,0.08,0.09,0.01,0.09,Matches,N/A,N/A,N/A,N/A,N/A,N/A,N/A,N/A,N/A,N/A,N/A,N/A,N/A,N/A,N/A,N/A,N/A,N/A,N/A,N/A,N/A,N/A,N/A,N/A,N/A,N/A,N/A,N/A,N/A,N/A,N/A,N/A,N/A,N/A,N/A,N/A,N/A,6,2,33.3,0.19,0.06,0.00,0.00,19.7,0.05,-0.3,-0.3,20773,6686,811,90.6,507,583,87.0,54,91,59.3,2.7,-1.6,25,108,28,6,1387,251,1,1,52,233,0,0,0,5,27,45,1.43,43,0,0,1,0,2,0.06,2,0,0,0,0,0,54,36,35,15,4,32,54.2,27,26,23,77,108,1,1964,119,41,25,44.6,23,41.1,1023,13,32,39,1144,77,83.0,85,25,5,26,0,1.70,58,40,+18,+0.57,+0.10,52.1,37.3,+14.8,+0.47,-0.07,0,6,0,0,189,27,43.5
Sean Longstaff,Newcastle Utd,eng ENG,MF,26,1997,25,8,798.0,8.9,0,0,0,0,0,0,2,0,0.6,0.6,0.2,0.8,4,40,22,0.00,0.00,0.00,0.00,0.00,0.07,0.02,0.09,0.07,0.09,Matches,N/A,N/A,N/A,N/A,N/A,N/A,N/A,N/A,N/A,N/A,N/A,N/A,N/A,N/A,N/A,N/A,N/A,N/A,N/A,N/A,N/A,N/A,N/A,N/A,N/A,N/A,N/A,N/A,N/A,N/A,N/A,N/A,N/A,N/A,N/A,N/A,N/A,6,1,16.7,0.68,0.11,0.00,0.00,13.5,0.10,-0.6,-0.6,4407,1175,161,87.0,111,120,92.5,15,22,68.2,0.2,-0.2,4,26,1,0,344,4,2,3,5,0,0,0,1,1,12,14,1.58,12,0,1,0,0,2,0.23,1,0,0,1,0,0,27,16,10,9,8,18,66.7,9,12,7,34,8,0,434,24,21,2,28.6,4,57.1,248,2,9,7,308,32,23.3,72,3,17,13,13,1.88,9,11,-2,-0.23,-1.02,8.8,11.6,-2.8,-0.31,-1.03,0,9,0,0,31,7,50.0
Saša Lukić,Fulham,rs SRB,MF,27,1996,30,28,2344.0,26.0,0,2,2,0,0,0,12,0,1.2,1.2,2.7,3.9,39,98,33,0.00,0.08,0.08,0.00,0.08,0.04,0.11,0.15,0.04,0.15,Matches,N/A,N/A,N/A,N/A,N/A,N/A,N/A,N/A,N/A,N/A,N/A,N/A,N/A,N/A,N/A,N/A,N/A,N/A,N/A,N/A,N/A,N/A,N/A,N/A,N/A,N/A,N/A,N/A,N/A,N/A,N/A,N/A,N/A,N/A,N/A,N/A,N/A,18,2,11.1,0.69,0.08,0.00,0.00,20.2,0.06,-1.2,-1.2,18730,4635,519,91.9,477,521,91.6,91,129,70.5,1.4,-0.7,26,104,17,7,1171,87,1,4,62,1,12,24,0,2,23,55,2.11,36,12,0,1,1,4,0.15,3,0,0,1,0,0,68,39,22,40,6,23,41.8,32,13,28,96,35,1,1493,57,21,8,47.1,5,29.4,825,4,23,8,963,78,68.5,82,10,2,31,0,1.37,37,37,0,0.00,0.00,32.5,32.5,0.0,0.00,-0.15,0,66,0,1,109,19,43.2
Joe Lumley,Southampton,eng ENG,GK,29,1995,3,3,270.0,3.0,0,0,0,0,0,0,0,0,0.0,0.0,0.0,0.0,0,0,0,0.00,0.00,0.00,0.00,0.00,0.00,0.00,0.00,0.00,0.00,Matches,7,2.33,20,13,65.0,0,1,2,0,0.0,0,0,0,N/A,0,1,0,7.7,0.39,+0.7,+0.22,15,50,30.0,135,14,34.1,30.0,15,26.7,24.0,56,2,3.6,7,2.33,18.0,0,0,N/A,0.00,0.00,N/A,N/A,N/A,N/A,0.0,0.0,2342,1476,42,95.5,42,46,91.3,21,59,35.6,0.0,0.0,0,2,0,0,128,22,0,0,0,0,0,0,0,1,0,0,0.00,0,0,0,0,0,0,0.00,0,0,0,0,0,0,0,0,0,0,0,0,N/A,0,0,0,0,3,3,164,116,0,0,N/A,0,N/A,103,0,0,0,108,90,7.9,90,3,0,N/A,5,0.33,2,7,-5,-1.67,-0.10,2.8,9.1,-6.3,-2.09,-0.77,0,0,0,0,2,2,66.7
Massimo Luongo,Ipswich Town,au AUS,MF,31,1992,11,2,201.0,2.2,0,0,0,0,0,0,0,0,0.0,0.0,0.0,0.0,0,6,1,0.00,0.00,0.00,0.00,0.00,0.00,0.00,0.00,0.00,0.00,Matches,N/A,N/A,N/A,N/A,N/A,N/A,N/A,N/A,N/A,N/A,N/A,N/A,N/A,N/A,N/A,N/A,N/A,N/A,N/A,N/A,N/A,N/A,N/A,N/A,N/A,N/A,N/A,N/A,N/A,N/A,N/A,N/A,N/A,N/A,N/A,N/A,N/A,0,0,N/A,0.00,0.00,N/A,N/A,N/A,N/A,0.0,0.0,722,183,30,88.2,15,20,75.0,3,8,37.5,0.0,0.0,0,1,0,0,64,1,0,1,1,0,0,0,0,1,1,0,0.00,0,0,0,0,0,0,0.00,0,0,0,0,0,0,9,6,6,2,1,5,62.5,3,2,2,11,2,0,87,9,2,0,N/A,0,N/A,46,0,2,3,50,18,5.9,68,0,9,7,11,0.55,1,6,-5,-2.24,-1.09,1.0,6.7,-5.7,-2.52,-1.61,0,1,0,0,10,2,100.0
Ian Maatsen,Aston Villa,nl NED,DF,22,2002,29,10,1139.0,12.7,1,2,3,1,0,0,2,0,0.9,0.9,2.7,3.6,31,50,104,0.08,0.16,0.24,0.08,0.24,0.07,0.22,0.28,0.07,0.28,Matches,N/A,N/A,N/A,N/A,N/A,N/A,N/A,N/A,N/A,N/A,N/A,N/A,N/A,N/A,N/A,N/A,N/A,N/A,N/A,N/A,N/A,N/A,N/A,N/A,N/A,N/A,N/A,N/A,N/A,N/A,N/A,N/A,N/A,N/A,N/A,N/A,N/A,19,5,26.3,1.50,0.40,0.05,0.20,22.1,0.05,+0.1,+0.1,9635,2492,307,88.7,263,309,85.1,26,52,50.0,2.4,-0.7,19,22,19,3,646,101,1,2,51,80,2,0,0,0,25,52,4.11,38,3,5,0,1,7,0.55,6,0,1,0,0,0,29,17,17,9,3,17,70.8,7,13,15,44,39,3,917,56,47,13,44.8,16,55.2,505,13,22,25,564,39,33.3,78,6,19,19,8,1.76,24,16,+8,+0.63,+0.67,24.0,17.2,+6.8,+0.53,+0.57,0,11,0,1,67,10,62.5
Alexis Mac Allister,Liverpool,ar ARG,MF,25,1998,35,30,2599.0,28.9,5,5,10,5,0,0,6,0,2.8,2.8,4.7,7.5,36,177,80,0.17,0.17,0.35,0.17,0.35,0.10,0.16,0.26,0.10,0.26,Matches,N/A,N/A,N/A,N/A,N/A,N/A,N/A,N/A,N/A,N/A,N/A,N/A,N/A,N/A,N/A,N/A,N/A,N/A,N/A,N/A,N/A,N/A,N/A,N/A,N/A,N/A,N/A,N/A,N/A,N/A,N/A,N/A,N/A,N/A,N/A,N/A,N/A,38,13,34.2,1.32,0.45,0.13,0.38,18.1,0.07,+2.2,+2.2,20344,5748,658,90.3,493,558,88.4,89,160,55.6,5.6,+0.3,45,122,35,2,1403,116,6,3,86,9,26,36,0,5,31,120,4.15,83,24,2,2,3,15,0.52,10,3,0,2,0,0,95,58,28,51,16,55,52.9,49,55,22,117,29,1,1860,56,60,16,38.1,21,50.0,915,5,31,22,1228,74,76.0,82,17,5,26,0,2.34,69,24,+45,+1.56,+1.56,64.2,24.3,+39.9,+1.38,+0.98,0,62,0,0,148,19,35.8
James Maddison,Tottenham,eng ENG,MF,27,1996,31,21,1809.0,20.1,9,7,16,9,0,0,6,0,5.8,5.8,4.2,10.0,45,164,95,0.45,0.35,0.80,0.45,0.80,0.29,0.21,0.50,0.29,0.50,Matches,N/A,N/A,N/A,N/A,N/A,N/A,N/A,N/A,N/A,N/A,N/A,N/A,N/A,N/A,N/A,N/A,N/A,N/A,N/A,N/A,N/A,N/A,N/A,N/A,N/A,N/A,N/A,N/A,N/A,N/A,N/A,N/A,N/A,N/A,N/A,N/A,N/A,39,17,43.6,1.94,0.85,0.23,0.53,16.7,0.15,+3.2,+3.2,16664,5028,481,90.9,424,492,86.2,75,162,46.3,5.9,+2.8,41,123,32,5,1118,132,12,5,98,5,37,8,0,6,15,95,4.73,66,13,7,6,0,18,0.90,12,2,3,1,0,0,31,19,8,16,7,9,31.0,20,11,12,43,19,1,1464,26,77,33,42.9,34,44.2,1026,20,23,25,1125,58,52.9,75,1,10,24,1,1.10,37,32,+5,+0.25,+0.58,31.5,33.0,-1.5,-0.08,+0.09,0,32,0,0,76,5,41.7
Noni Madueke,Chelsea,eng ENG,FW,22,2002,32,27,2033.0,22.6,7,3,10,7,0,0,3,0,9.6,9.6,4.2,13.9,154,69,226,0.31,0.13,0.44,0.31,0.44,0.43,0.19,0.61,0.43,0.61,Matches,N/A,N/A,N/A,N/A,N/A,N/A,N/A,N/A,N/A,N/A,N/A,N/A,N/A,N/A,N/A,N/A,N/A,N/A,N/A,N/A,N/A,N/A,N/A,N/A,N/A,N/A,N/A,N/A,N/A,N/A,N/A,N/A,N/A,N/A,N/A,N/A,N/A,80,30,37.5,3.54,1.33,0.09,0.23,14.4,0.12,-2.6,-2.6,7705,1853,325,86.2,164,215,76.3,22,41,53.7,3.2,-1.2,32,16,35,8,660,20,1,4,63,18,0,0,0,5,15,79,3.50,57,0,10,4,1,8,0.35,5,0,0,1,1,1,25,18,8,12,5,14,36.8,24,17,10,35,11,0,980,22,184,45,44.1,46,45.1,641,93,52,25,756,64,59.4,73,6,5,14,1,1.97,38,28,+10,+0.44,-0.27,43.1,28.9,+14.3,+0.63,+0.23,0,22,0,0,84,11,36.7
Gabriel Magalhães,Arsenal,br BRA,DF,26,1997,28,28,2363.0,26.3,3,1,4,3,0,0,4,0,2.6,2.6,0.9,3.5,10,126,11,0.11,0.04,0.15,0.11,0.15,0.10,0.03,0.13,0.10,0.13,Matches,N/A,N/A,N/A,N/A,N/A,N/A,N/A,N/A,N/A,N/A,N/A,N/A,N/A,N/A,N/A,N/A,N/A,N/A,N/A,N/A,N/A,N/A,N/A,N/A,N/A,N/A,N/A,N/A,N/A,N/A,N/A,N/A,N/A,N/A,N/A,N/A,N/A,22,5,22.7,0.84,0.19,0.14,0.60,9.5,0.12,+0.4,+0.4,25788,7938,598,96.9,782,830,94.2,83,154,53.9,1.2,+0.1,13,145,8,0,1560,80,1,8,9,3,0,0,0,1,8,35,1.33,31,0,0,1,0,6,0.23,4,0,0,1,1,0,25,15,12,8,5,12,75.0,4,13,16,41,93,2,1873,189,40,4,80.0,1,20.0,1116,0,9,2,1366,84,69.1,84,25,0,N/A,0,2.04,50,22,+28,+1.07,+0.47,40.3,23.1,+17.2,+0.66,-0.05,0,19,1,0,63,53,58.9
Edmond-Paris Maghoma,Brentford,eng ENG,"MF,FW",23,2001,8,0,119.0,1.3,0,0,0,0,0,0,0,0,0.1,0.1,0.1,0.2,4,13,4,0.00,0.00,0.00,0.00,0.00,0.09,0.08,0.17,0.09,0.17,Matches,N/A,N/A,N/A,N/A,N/A,N/A,N/A,N/A,N/A,N/A,N/A,N/A,N/A,N/A,N/A,N/A,N/A,N/A,N/A,N/A,N/A,N/A,N/A,N/A,N/A,N/A,N/A,N/A,N/A,N/A,N/A,N/A,N/A,N/A,N/A,N/A,N/A,1,0,0.0,0.76,0.00,0.00,N/A,23.8,0.12,-0.1,-0.1,1259,343,38,95.0,29,31,93.5,6,7,85.7,0.0,-0.1,1,2,0,0,83,1,0,0,3,0,0,0,0,0,2,4,3.03,4,0,0,0,0,1,0.76,1,0,0,0,0,0,2,1,0,2,0,1,33.3,2,0,1,3,2,0,101,2,4,3,75.0,1,25.0,68,1,2,0,75,15,3.5,N/A,0,8,15,15,1.25,3,1,+2,+1.51,+1.32,2.2,1.8,+0.4,+0.28,+0.19,0,2,0,0,7,1,25.0
Harry Maguire,Manchester Utd,eng ENG,DF,31,1993,27,19,1758.0,19.5,1,0,1,1,0,0,7,0,1.8,1.8,0.6,2.4,7,51,7,0.05,0.00,0.05,0.05,0.05,0.09,0.03,0.12,0.09,0.12,Matches,N/A,N/A,N/A,N/A,N/A,N/A,N/A,N/A,N/A,N/A,N/A,N/A,N/A,N/A,N/A,N/A,N/A,N/A,N/A,N/A,N/A,N/A,N/A,N/A,N/A,N/A,N/A,N/A,N/A,N/A,N/A,N/A,N/A,N/A,N/A,N/A,N/A,15,6,40.0,0.77,0.31,0.07,0.17,8.2,0.12,-0.8,-0.8,17965,6236,354,90.3,517,568,91.0,80,139,57.6,0.3,-0.6,9,48,4,0,1083,41,0,9,4,1,0,0,0,4,5,20,1.02,14,1,0,0,0,0,0.00,0,0,0,0,0,0,30,15,23,6,1,17,73.9,6,3,40,70,78,1,1328,147,44,2,40.0,3,60.0,782,3,10,2,856,65,51.4,82,13,8,26,3,1.07,20,27,-7,-0.36,-0.20,26.4,26.6,-0.2,-0.01,+0.05,0,18,0,0,68,64,71.9
Kobbie Mainoo,Manchester Utd,eng ENG,MF,19,2005,25,19,1651.0,18.3,0,0,0,0,0,0,5,0,0.7,0.7,1.6,2.3,22,65,47,0.00,0.00,0.00,0.00,0.00,0.04,0.09,0.12,0.04,0.12,Matches,N/A,N/A,N/A,N/A,N/A,N/A,N/A,N/A,N/A,N/A,N/A,N/A,N/A,N/A,N/A,N/A,N/A,N/A,N/A,N/A,N/A,N/A,N/A,N/A,N/A,N/A,N/A,N/A,N/A,N/A,N/A,N/A,N/A,N/A,N/A,N/A,N/A,15,2,13.3,0.82,0.11,0.00,0.00,20.5,0.05,-0.7,-0.7,9649,2346,452,92.2,192,219,87.7,31,45,68.9,1.8,-1.6,14,50,12,1,808,23,2,4,7,6,0,0,0,5,17,34,1.85,29,0,4,1,0,3,0.16,3,0,0,0,0,0,46,29,18,14,14,24,60.0,16,14,19,65,14,1,1061,25,36,23,46.0,25,50.0,652,10,36,36,760,66,48.3,76,8,6,35,1,1.00,19,27,-8,-0.44,-0.33,27.7,25.4,+2.3,+0.12,+0.30,0,27,0,0,88,19,38.0
Tyrell Malacia,Manchester Utd,nl NED,DF,24,1999,3,2,100.0,1.1,0,0,0,0,0,0,1,0,0.0,0.0,0.0,0.0,3,3,6,0.00,0.00,0.00,0.00,0.00,0.00,0.03,0.03,0.00,0.03,Matches,N/A,N/A,N/A,N/A,N/A,N/A,N/A,N/A,N/A,N/A,N/A,N/A,N/A,N/A,N/A,N/A,N/A,N/A,N/A,N/A,N/A,N/A,N/A,N/A,N/A,N/A,N/A,N/A,N/A,N/A,N/A,N/A,N/A,N/A,N/A,N/A,N/A,0,0,N/A,0.00,0.00,N/A,N/A,N/A,N/A,0.0,0.0,642,260,31,93.9,13,14,92.9,2,2,100.0,0.0,0.0,1,7,1,0,49,6,0,0,1,6,0,0,0,0,2,2,1.80,1,0,0,1,0,0,0.00,0,0,0,0,0,0,2,1,2,0,0,1,50.0,1,0,1,3,1,1,62,2,0,1,100.0,0,0.0,37,0,1,2,43,33,2.9,45,0,1,10,8,1.00,0,1,-1,-0.90,-0.66,1.0,0.9,+0.1,+0.08,+0.11,0,3,0,0,3,0,N/A
Donyell Malen,Aston Villa,nl NED,FW,25,1999,14,2,305.0,3.4,3,0,3,3,0,0,0,0,2.2,2.2,0.2,2.4,12,6,30,0.89,0.00,0.89,0.89,0.89,0.64,0.05,0.69,0.64,0.69,Matches,N/A,N/A,N/A,N/A,N/A,N/A,N/A,N/A,N/A,N/A,N/A,N/A,N/A,N/A,N/A,N/A,N/A,N/A,N/A,N/A,N/A,N/A,N/A,N/A,N/A,N/A,N/A,N/A,N/A,N/A,N/A,N/A,N/A,N/A,N/A,N/A,N/A,15,9,60.0,4.43,2.66,0.20,0.33,15.2,0.14,+0.8,+0.8,712,144,33,82.5,14,19,73.7,3,7,42.9,0.2,-0.2,3,2,2,0,71,5,0,2,8,1,0,0,0,1,3,6,1.76,5,0,1,0,0,0,0.00,0,0,0,0,0,0,7,4,3,3,1,1,25.0,3,2,0,7,1,0,129,2,25,4,36.4,5,45.5,79,7,8,7,87,22,8.9,62,0,12,15,3,1.93,7,6,+1,+0.30,+0.12,7.0,4.7,+2.3,+0.67,+0.57,0,1,0,0,9,4,50.0
Orel Mangala,Everton,be BEL,MF,26,1998,19,14,1261.0,14.0,1,0,1,1,0,0,2,0,1.1,1.1,0.6,1.8,6,34,19,0.07,0.00,0.07,0.07,0.07,0.08,0.05,0.13,0.08,0.13,Matches,N/A,N/A,N/A,N/A,N/A,N/A,N/A,N/A,N/A,N/A,N/A,N/A,N/A,N/A,N/A,N/A,N/A,N/A,N/A,N/A,N/A,N/A,N/A,N/A,N/A,N/A,N/A,N/A,N/A,N/A,N/A,N/A,N/A,N/A,N/A,N/A,N/A,16,6,37.5,1.14,0.43,0.06,0.17,22.1,0.07,-0.1,-0.1,6998,1567,219,90.5,187,197,94.9,23,30,76.7,0.6,-0.6,8,50,8,1,485,4,0,1,6,0,0,0,0,1,10,24,1.72,17,1,2,1,0,1,0.07,0,0,0,0,1,0,16,8,3,11,2,5,62.5,3,5,21,37,24,1,621,22,13,14,58.3,9,37.5,298,3,12,12,406,66,36.9,84,10,5,18,0,1.21,13,10,+3,+0.21,+0.42,14.2,16.8,-2.6,-0.19,-0.11,0,24,0,0,49,6,42.9
Ryan Manning,Southampton,ie IRL,"DF,MF",28,1996,24,18,1462.0,16.2,0,1,1,0,0,0,2,0,0.3,0.3,3.2,3.6,14,35,74,0.00,0.06,0.06,0.00,0.06,0.02,0.20,0.22,0.02,0.22,Matches,N/A,N/A,N/A,N/A,N/A,N/A,N/A,N/A,N/A,N/A,N/A,N/A,N/A,N/A,N/A,N/A,N/A,N/A,N/A,N/A,N/A,N/A,N/A,N/A,N/A,N/A,N/A,N/A,N/A,N/A,N/A,N/A,N/A,N/A,N/A,N/A,N/A,8,1,12.5,0.49,0.06,0.00,0.00,22.0,0.04,-0.3,-0.3,10360,3336,317,92.2,233,288,80.9,55,125,44.0,2.8,-2.2,34,33,12,8,634,162,1,3,84,92,24,5,0,7,21,50,3.08,25,22,0,1,1,3,0.18,0,2,0,0,1,0,28,17,16,10,2,14,53.8,12,9,17,45,47,0,968,72,22,11,30.6,16,44.4,483,4,17,5,573,61,42.7,77,5,6,14,7,0.29,12,35,-23,-1.42,+0.28,14.0,35.3,-21.3,-1.31,+0.10,0,19,0,0,65,15,71.4
Solly March,Brighton,eng ENG,"FW,MF",30,1994,8,1,168.0,1.9,0,0,0,0,0,0,2,0,0.1,0.1,0.3,0.4,5,2,20,0.00,0.00,0.00,0.00,0.00,0.05,0.15,0.19,0.05,0.19,Matches,N/A,N/A,N/A,N/A,N/A,N/A,N/A,N/A,N/A,N/A,N/A,N/A,N/A,N/A,N/A,N/A,N/A,N/A,N/A,N/A,N/A,N/A,N/A,N/A,N/A,N/A,N/A,N/A,N/A,N/A,N/A,N/A,N/A,N/A,N/A,N/A,N/A,2,0,0.0,1.07,0.00,0.00,N/A,22.5,0.04,-0.1,-0.1,990,222,35,87.5,16,28,57.1,7,18,38.9,0.3,-0.3,3,2,4,4,81,14,0,1,20,6,3,2,1,0,7,7,3.77,6,1,0,0,0,2,1.08,2,0,0,0,0,0,6,3,2,2,2,5,62.5,3,3,2,8,2,1,118,3,7,1,25.0,3,75.0,57,3,3,1,67,21,4.9,62,0,7,15,5,1.75,4,3,+1,+0.54,+0.37,3.4,2.8,+0.6,+0.34,+0.25,0,2,0,0,7,1,33.3
Omar Marmoush,Manchester City,eg EGY,"FW,MF",25,1999,16,14,1175.0,13.1,7,0,7,7,0,0,0,0,5.5,5.5,2.8,8.3,29,37,78,0.54,0.00,0.54,0.54,0.54,0.42,0.21,0.64,0.42,0.64,Matches,N/A,N/A,N/A,N/A,N/A,N/A,N/A,N/A,N/A,N/A,N/A,N/A,N/A,N/A,N/A,N/A,N/A,N/A,N/A,N/A,N/A,N/A,N/A,N/A,N/A,N/A,N/A,N/A,N/A,N/A,N/A,N/A,N/A,N/A,N/A,N/A,N/A,49,17,34.7,3.75,1.30,0.14,0.41,18.6,0.11,+1.5,+1.5,3443,849,164,85.0,69,88,78.4,9,16,56.3,2.1,-2.8,15,10,29,4,291,24,2,0,28,1,8,3,0,3,3,39,2.99,22,3,2,7,0,2,0.15,1,0,0,0,1,0,13,8,2,9,2,8,50.0,8,14,6,19,3,0,504,6,68,20,43.5,21,45.7,320,15,45,19,361,73,34.4,82,4,2,15,0,2.06,26,12,+14,+1.07,+0.51,23.9,14.1,+9.8,+0.75,+0.33,0,15,1,0,37,5,31.3
Gabriel Martinelli,Arsenal,br BRA,"FW,MF",23,2001,33,25,2290.0,25.4,8,4,12,8,0,0,1,0,7.4,7.4,5.0,12.4,124,52,289,0.31,0.16,0.47,0.31,0.47,0.29,0.19,0.49,0.29,0.49,Matches,N/A,N/A,N/A,N/A,N/A,N/A,N/A,N/A,N/A,N/A,N/A,N/A,N/A,N/A,N/A,N/A,N/A,N/A,N/A,N/A,N/A,N/A,N/A,N/A,N/A,N/A,N/A,N/A,N/A,N/A,N/A,N/A,N/A,N/A,N/A,N/A,N/A,55,24,43.6,2.16,0.94,0.15,0.33,12.9,0.14,+0.6,+0.6,7113,1534,324,84.2,135,193,69.9,26,52,50.0,4.7,-1.0,40,11,37,15,679,15,5,2,92,12,3,0,0,5,37,74,2.91,55,1,8,3,0,7,0.27,4,0,1,1,1,0,23,15,9,6,8,7,30.4,16,15,5,28,19,0,994,17,182,33,30.3,60,55.0,670,64,50,38,752,69,67.0,81,10,8,33,2,1.94,45,25,+20,+0.79,-0.41,38.5,25.9,+12.6,+0.49,-0.54,0,16,0,0,78,17,30.4
Emiliano Martínez,Aston Villa,ar ARG,GK,31,1992,37,37,3194.0,35.5,0,0,0,0,0,0,5,1,0.0,0.0,0.5,0.5,0,4,0,0.00,0.00,0.00,0.00,0.00,0.00,0.02,0.02,0.00,0.02,Matches,45,1.27,142,96,69.0,18,9,10,8,21.6,1,1,0,50.0,1,2,0,45.8,0.32,+0.8,+0.02,162,420,38.6,1208,132,26.3,30.4,172,59.3,46.3,498,56,11.2,35,0.99,13.7,0,0,N/A,0.00,0.00,N/A,N/A,N/A,N/A,0.0,0.0,28659,17513,194,98.0,629,640,98.3,268,542,49.4,0.1,-0.5,2,27,0,0,1117,263,0,2,0,0,0,0,0,7,0,6,0.17,5,1,0,0,0,1,0.03,1,0,0,0,0,0,3,3,3,0,0,2,100.0,0,1,0,3,17,6,1449,1095,0,1,100.0,0,0.0,889,0,1,0,784,86,93.4,86,34,0,N/A,0,1.70,56,45,+11,+0.31,+1.90,53.5,44.7,+8.9,+0.25,+1.42,0,2,0,0,34,10,90.9
Lisandro Martínez,Manchester Utd,ar ARG,DF,26,1998,20,20,1751.0,19.5,2,1,3,2,0,0,7,0,1.3,1.3,1.1,2.4,23,117,7,0.10,0.05,0.15,0.10,0.15,0.07,0.06,0.13,0.07,0.13,Matches,N/A,N/A,N/A,N/A,N/A,N/A,N/A,N/A,N/A,N/A,N/A,N/A,N/A,N/A,N/A,N/A,N/A,N/A,N/A,N/A,N/A,N/A,N/A,N/A,N/A,N/A,N/A,N/A,N/A,N/A,N/A,N/A,N/A,N/A,N/A,N/A,N/A,17,6,35.3,0.87,0.31,0.12,0.33,15.9,0.08,+0.7,+0.7,20292,7055,522,94.2,601,646,93.0,64,116,55.2,1.3,-0.1,9,91,18,2,1285,54,5,3,9,16,0,0,0,3,7,26,1.34,23,0,0,0,1,2,0.10,2,0,0,0,0,0,40,24,25,12,3,21,58.3,15,14,32,72,57,1,1524,156,18,6,85.7,1,14.3,1017,2,1,3,1069,88,51.2,88,17,0,N/A,2,1.35,25,27,-2,-0.10,+0.33,29.7,29.7,-0.1,0.00,+0.06,0,22,0,0,81,16,55.2
Pape Matar Sarr,Tottenham,sn SEN,MF,21,2002,36,22,1913.0,21.3,3,2,5,3,0,0,6,0,3.7,3.7,1.6,5.3,33,88,53,0.14,0.09,0.24,0.14,0.24,0.17,0.08,0.25,0.17,0.25,Matches,N/A,N/A,N/A,N/A,N/A,N/A,N/A,N/A,N/A,N/A,N/A,N/A,N/A,N/A,N/A,N/A,N/A,N/A,N/A,N/A,N/A,N/A,N/A,N/A,N/A,N/A,N/A,N/A,N/A,N/A,N/A,N/A,N/A,N/A,N/A,N/A,N/A,34,13,38.2,1.60,0.61,0.09,0.23,20.9,0.11,-0.7,-0.7,13609,3128,462,90.8,347,386,89.9,45,62,72.6,0.8,+0.4,15,85,12,2,999,26,1,3,14,12,0,0,0,4,20,45,2.12,35,2,2,0,2,7,0.33,5,0,1,1,0,0,49,36,19,23,7,12,48.0,13,16,30,79,25,1,1253,47,28,11,36.7,16,53.3,772,5,29,22,872,53,55.9,70,6,14,27,2,0.97,34,38,-4,-0.19,-0.37,31.0,36.7,-5.7,-0.27,-0.34,0,34,0,1,115,34,43.0
Jean-Philippe Mateta,Crystal Palace,fr FRA,FW,27,1997,37,33,2648.0,29.4,14,2,16,12,2,2,2,0,13.5,11.9,3.2,15.1,45,52,122,0.48,0.07,0.54,0.41,0.48,0.46,0.11,0.57,0.41,0.51,Matches,N/A,N/A,N/A,N/A,N/A,N/A,N/A,N/A,N/A,N/A,N/A,N/A,N/A,N/A,N/A,N/A,N/A,N/A,N/A,N/A,N/A,N/A,N/A,N/A,N/A,N/A,N/A,N/A,N/A,N/A,N/A,N/A,N/A,N/A,N/A,N/A,N/A,68,29,42.6,2.31,0.99,0.18,0.41,15.6,0.18,+0.5,+0.1,3849,1016,176,75.9,83,130,63.8,7,23,30.4,2.3,-1.2,29,34,16,2,438,8,7,0,26,0,0,0,0,1,17,65,2.21,44,0,5,5,0,10,0.34,5,0,3,2,0,0,18,12,5,11,2,3,18.8,13,15,2,20,23,0,739,26,94,20,43.5,22,47.8,400,10,72,45,539,72,77.4,78,17,4,19,0,1.35,43,37,+6,+0.20,+0.90,47.3,36.6,+10.7,+0.37,+0.30,0,27,0,0,68,63,37.1
Stephy Mavididi,Leicester City,eng ENG,FW,26,1998,30,16,1615.0,17.9,4,1,5,4,0,0,2,0,1.8,1.8,2.6,4.4,91,57,138,0.22,0.06,0.28,0.22,0.28,0.10,0.15,0.25,0.10,0.25,Matches,N/A,N/A,N/A,N/A,N/A,N/A,N/A,N/A,N/A,N/A,N/A,N/A,N/A,N/A,N/A,N/A,N/A,N/A,N/A,N/A,N/A,N/A,N/A,N/A,N/A,N/A,N/A,N/A,N/A,N/A,N/A,N/A,N/A,N/A,N/A,N/A,N/A,26,7,26.9,1.45,0.39,0.15,0.57,16.1,0.07,+2.2,+2.2,6191,1429,286,91.1,124,184,67.4,18,43,41.9,3.3,-1.6,22,32,26,7,588,20,6,0,69,11,4,2,0,5,24,50,2.78,39,2,4,2,1,7,0.39,6,0,1,0,0,0,34,19,16,10,8,14,33.3,28,24,11,45,15,0,863,23,61,35,36.8,47,49.5,583,27,39,35,623,54,47.2,81,3,14,23,3,0.50,18,38,-20,-1.11,+0.23,17.9,36.1,-18.1,-1.01,+0.04,0,18,0,0,83,9,37.5
Konstantinos Mavropanos,West Ham,gr GRE,DF,26,1997,33,21,2045.0,22.7,0,0,0,0,0,0,6,1,1.5,1.5,0.5,2.0,17,61,2,0.00,0.00,0.00,0.00,0.00,0.07,0.02,0.09,0.07,0.09,Matches,N/A,N/A,N/A,N/A,N/A,N/A,N/A,N/A,N/A,N/A,N/A,N/A,N/A,N/A,N/A,N/A,N/A,N/A,N/A,N/A,N/A,N/A,N/A,N/A,N/A,N/A,N/A,N/A,N/A,N/A,N/A,N/A,N/A,N/A,N/A,N/A,N/A,18,5,27.8,0.79,0.22,0.00,0.00,14.8,0.09,-1.5,-1.5,21548,7277,341,91.4,643,693,92.8,102,176,58.0,0.4,-0.5,5,64,4,1,1203,58,1,24,2,15,0,0,0,4,10,16,0.70,12,0,1,0,1,0,0.00,0,0,0,0,0,0,35,24,24,10,1,16,59.3,11,7,40,75,126,1,1532,244,24,9,52.9,5,29.4,864,1,12,0,1008,62,59.8,85,17,12,22,3,1.15,22,38,-16,-0.70,-0.70,25.9,36.7,-10.9,-0.48,-0.36,1,17,0,0,77,57,69.5
Noussair Mazraoui,Manchester Utd,ma MAR,DF,26,1997,37,34,2838.0,31.5,0,1,1,0,0,0,3,0,0.7,0.7,1.5,2.2,42,115,58,0.00,0.03,0.03,0.00,0.03,0.02,0.05,0.07,0.02,0.07,Matches,N/A,N/A,N/A,N/A,N/A,N/A,N/A,N/A,N/A,N/A,N/A,N/A,N/A,N/A,N/A,N/A,N/A,N/A,N/A,N/A,N/A,N/A,N/A,N/A,N/A,N/A,N/A,N/A,N/A,N/A,N/A,N/A,N/A,N/A,N/A,N/A,N/A,13,3,23.1,0.41,0.10,0.00,0.00,20.6,0.05,-0.7,-0.7,23059,8056,834,91.3,574,644,89.1,73,130,56.2,1.9,-0.5,20,125,20,5,1578,202,7,6,23,168,0,0,0,1,35,56,1.78,46,2,1,3,2,1,0.03,1,0,0,0,0,0,115,68,58,42,15,59,62.8,35,27,34,149,95,1,2139,167,30,26,54.2,18,37.5,1172,3,25,17,1289,77,83.0,81,20,3,24,0,1.14,23,43,-20,-0.63,-2.18,38.6,45.5,-6.9,-0.22,-1.08,0,38,0,1,149,50,62.5
Bryan Mbeumo,Brentford,cm CMR,FW,24,1999,38,38,3414.0,37.9,20,7,27,15,5,6,3,0,12.3,7.5,8.3,15.9,130,141,351,0.53,0.18,0.71,0.40,0.58,0.32,0.22,0.54,0.20,0.42,Matches,N/A,N/A,N/A,N/A,N/A,N/A,N/A,N/A,N/A,N/A,N/A,N/A,N/A,N/A,N/A,N/A,N/A,N/A,N/A,N/A,N/A,N/A,N/A,N/A,N/A,N/A,N/A,N/A,N/A,N/A,N/A,N/A,N/A,N/A,N/A,N/A,N/A,79,34,43.0,2.08,0.90,0.19,0.44,17.9,0.10,+7.7,+7.5,13902,4325,476,79.1,313,441,71.0,68,183,37.2,9.3,-1.3,70,63,59,19,1162,149,13,9,202,17,70,2,0,8,50,144,3.80,98,23,11,4,0,20,0.53,11,3,2,3,1,0,49,31,18,15,16,21,60.0,14,23,14,63,55,1,1781,62,168,52,46.8,47,42.3,1077,75,106,47,1204,90,99.8,90,35,0,N/A,0,1.47,66,55,+11,+0.29,+30.29,58.5,54.6,+3.9,+0.10,+4.39,0,25,0,0,156,34,31.5
James Mcatee,Manchester City,eng ENG,"MF,FW",21,2002,15,3,349.0,3.9,3,0,3,3,0,0,1,0,2.8,2.8,0.5,3.3,7,7,32,0.77,0.00,0.77,0.77,0.77,0.72,0.13,0.85,0.72,0.85,Matches,N/A,N/A,N/A,N/A,N/A,N/A,N/A,N/A,N/A,N/A,N/A,N/A,N/A,N/A,N/A,N/A,N/A,N/A,N/A,N/A,N/A,N/A,N/A,N/A,N/A,N/A,N/A,N/A,N/A,N/A,N/A,N/A,N/A,N/A,N/A,N/A,N/A,12,4,33.3,3.09,1.03,0.25,0.75,14.3,0.23,+0.2,+0.2,1491,254,57,87.7,40,45,88.9,3,9,33.3,0.8,-0.5,3,7,2,0,122,3,1,0,8,0,1,0,0,0,4,4,1.03,3,0,1,0,0,1,0.26,0,0,1,0,0,0,5,2,0,4,1,1,14.3,6,8,2,7,1,0,168,2,21,2,28.6,5,71.4,96,1,5,1,122,23,10.2,66,0,12,13,20,2.33,9,6,+3,+0.77,+0.04,7.5,5.2,+2.3,+0.59,+0.06,0,6,0,0,8,2,40.0
Kasey McAteer,Leicester City,ie IRL,FW,22,2001,18,9,852.0,9.5,1,1,2,1,0,0,3,0,1.0,1.0,0.7,1.7,19,14,71,0.11,0.11,0.21,0.11,0.21,0.11,0.08,0.18,0.11,0.18,Matches,N/A,N/A,N/A,N/A,N/A,N/A,N/A,N/A,N/A,N/A,N/A,N/A,N/A,N/A,N/A,N/A,N/A,N/A,N/A,N/A,N/A,N/A,N/A,N/A,N/A,N/A,N/A,N/A,N/A,N/A,N/A,N/A,N/A,N/A,N/A,N/A,N/A,13,7,53.8,1.37,0.74,0.08,0.14,16.4,0.08,0.0,0.0,2556,613,118,84.3,54,72,75.0,6,12,50.0,0.6,+0.3,9,13,6,2,241,7,0,0,21,7,0,0,0,4,13,20,2.11,18,0,0,2,0,2,0.21,1,0,0,0,1,0,23,16,11,9,3,14,48.3,15,16,5,28,15,0,379,21,30,6,24.0,15,60.0,224,9,20,16,243,47,24.9,78,1,9,16,2,0.78,10,16,-6,-0.63,+0.80,10.0,19.6,-9.5,-1.01,+0.04,0,18,0,0,45,13,43.3
Alex McCarthy,Southampton,eng ENG,GK,34,1989,5,5,450.0,5.0,0,0,0,0,0,0,0,0,0.0,0.0,0.0,0.0,0,0,0,0.00,0.00,0.00,0.00,0.00,0.00,0.00,0.00,0.00,0.00,Matches,13,2.60,37,24,70.3,0,0,5,0,0.0,2,0,0,0.0,0,1,0,12.6,0.29,-0.4,-0.07,24,52,46.2,132,29,33.3,29.5,23,34.8,30.7,74,8,10.8,0,0.00,6.5,0,0,N/A,0.00,0.00,N/A,N/A,N/A,N/A,0.0,0.0,2823,1985,41,95.3,45,49,91.8,30,61,49.2,0.0,0.0,0,5,0,0,126,29,0,1,0,0,0,0,0,1,1,0,0.00,0,0,0,0,0,0,0.00,0,0,0,0,0,0,0,0,0,0,0,0,N/A,0,0,0,0,1,4,173,141,0,0,N/A,0,N/A,100,0,0,0,88,90,13.2,90,5,0,N/A,33,0.00,3,13,-10,-2.00,-0.48,4.8,10.8,-6.1,-1.21,+0.18,0,0,0,0,4,2,100.0
John McGinn,Aston Villa,sct SCO,"MF,FW",29,1994,34,27,2223.0,24.7,1,4,5,1,0,0,7,0,3.1,2.8,3.5,6.3,32,103,87,0.04,0.16,0.20,0.04,0.20,0.13,0.14,0.27,0.11,0.26,Matches,N/A,N/A,N/A,N/A,N/A,N/A,N/A,N/A,N/A,N/A,N/A,N/A,N/A,N/A,N/A,N/A,N/A,N/A,N/A,N/A,N/A,N/A,N/A,N/A,N/A,N/A,N/A,N/A,N/A,N/A,N/A,N/A,N/A,N/A,N/A,N/A,N/A,31,5,16.1,1.26,0.20,0.03,0.20,17.0,0.09,-2.1,-1.8,11807,3243,336,91.6,285,332,85.8,64,111,57.7,2.7,+0.5,31,70,29,8,792,61,9,2,60,4,11,5,0,1,17,76,3.08,56,9,1,5,1,8,0.32,6,2,0,0,0,0,33,24,10,14,9,13,41.9,18,20,14,47,18,3,1072,31,58,20,42.6,13,27.7,581,7,37,29,744,65,65.0,77,11,7,21,0,1.76,33,34,-1,-0.04,-0.64,35.8,34.8,+1.0,+0.04,-0.33,0,43,1,0,100,17,58.6
Dwight McNeil,Everton,eng ENG,"MF,FW",24,1999,21,15,1371.0,15.2,4,6,10,4,0,0,1,0,1.1,1.1,5.2,6.3,38,69,80,0.26,0.39,0.66,0.26,0.66,0.07,0.34,0.41,0.07,0.41,Matches,N/A,N/A,N/A,N/A,N/A,N/A,N/A,N/A,N/A,N/A,N/A,N/A,N/A,N/A,N/A,N/A,N/A,N/A,N/A,N/A,N/A,N/A,N/A,N/A,N/A,N/A,N/A,N/A,N/A,N/A,N/A,N/A,N/A,N/A,N/A,N/A,N/A,25,10,40.0,1.64,0.66,0.16,0.40,21.9,0.04,+2.9,+2.9,8501,2790,215,87.4,165,200,82.5,70,136,51.5,4.3,+0.8,37,40,36,10,516,99,8,5,105,5,32,5,4,4,16,72,4.73,39,22,6,2,1,10,0.66,5,2,2,0,0,1,13,8,6,5,2,9,42.9,12,7,6,19,2,1,748,6,25,24,53.3,20,44.4,443,5,26,33,510,65,40.1,85,10,6,15,0,1.29,20,24,-4,-0.26,-0.35,17.5,21.5,-4.0,-0.26,-0.24,0,6,0,0,76,3,15.0
Ben Mee,Brentford,eng ENG,DF,34,1989,7,2,183.0,2.0,0,0,0,0,0,0,2,0,0.0,0.0,0.0,0.0,3,11,2,0.00,0.00,0.00,0.00,0.00,0.00,0.00,0.00,0.00,0.00,Matches,N/A,N/A,N/A,N/A,N/A,N/A,N/A,N/A,N/A,N/A,N/A,N/A,N/A,N/A,N/A,N/A,N/A,N/A,N/A,N/A,N/A,N/A,N/A,N/A,N/A,N/A,N/A,N/A,N/A,N/A,N/A,N/A,N/A,N/A,N/A,N/A,N/A,0,0,N/A,0.00,0.00,N/A,N/A,N/A,N/A,0.0,0.0,1751,688,34,89.5,51,60,85.0,8,20,40.0,0.0,0.0,0,10,0,0,108,12,0,1,0,4,0,0,0,0,1,0,0.00,0,0,0,0,0,0,0.00,0,0,0,0,0,0,2,2,0,2,0,1,100.0,0,0,4,6,7,0,138,18,3,0,N/A,0,N/A,78,1,0,0,86,26,5.4,84,1,5,3,28,1.86,1,4,-3,-1.48,-1.81,2.9,2.7,+0.2,+0.10,0.00,0,5,0,0,11,5,50.0
Mikel Merino,Arsenal,es ESP,"MF,FW",28,1996,28,17,1586.0,17.6,7,2,9,7,0,0,4,1,5.9,5.9,2.0,7.9,11,69,94,0.40,0.11,0.51,0.40,0.51,0.34,0.11,0.45,0.34,0.45,Matches,N/A,N/A,N/A,N/A,N/A,N/A,N/A,N/A,N/A,N/A,N/A,N/A,N/A,N/A,N/A,N/A,N/A,N/A,N/A,N/A,N/A,N/A,N/A,N/A,N/A,N/A,N/A,N/A,N/A,N/A,N/A,N/A,N/A,N/A,N/A,N/A,N/A,38,13,34.2,2.16,0.74,0.18,0.54,10.7,0.16,+1.1,+1.1,6182,1776,285,86.9,128,165,77.6,17,31,54.8,1.2,0.0,17,40,24,4,567,5,5,1,13,1,0,0,0,5,12,43,2.44,35,0,0,2,0,4,0.23,3,0,0,1,0,0,46,28,7,26,13,20,55.6,16,13,15,61,26,2,783,37,79,9,39.1,10,43.5,388,4,24,27,504,57,46.4,83,11,11,16,0,1.79,28,17,+11,+0.62,-0.55,28.9,15.5,+13.4,+0.76,+0.17,1,41,0,0,86,59,51.8
Nikola Milenković,Nott'ham Forest,rs SRB,DF,26,1997,37,37,3330.0,37.0,5,2,7,5,0,0,4,0,4.0,4.0,1.1,5.1,3,51,6,0.14,0.05,0.19,0.14,0.19,0.11,0.03,0.14,0.11,0.14,Matches,N/A,N/A,N/A,N/A,N/A,N/A,N/A,N/A,N/A,N/A,N/A,N/A,N/A,N/A,N/A,N/A,N/A,N/A,N/A,N/A,N/A,N/A,N/A,N/A,N/A,N/A,N/A,N/A,N/A,N/A,N/A,N/A,N/A,N/A,N/A,N/A,N/A,29,8,27.6,0.78,0.22,0.17,0.63,11.6,0.14,+1.0,+1.0,17093,6325,258,88.1,475,538,88.3,103,167,61.7,0.5,+0.9,9,53,2,0,994,32,0,3,0,0,0,0,0,7,3,21,0.57,16,0,0,0,1,3,0.08,3,0,0,0,0,0,51,29,36,13,2,27,79.4,7,17,27,78,209,1,1412,257,64,1,100.0,0,0.0,547,2,4,2,727,90,97.4,90,37,0,N/A,0,1.73,57,45,+12,+0.32,+0.32,44.2,47.7,-3.5,-0.09,-0.19,0,20,0,0,85,101,72.1
Lewis Miley,Newcastle Utd,eng ENG,MF,18,2006,14,1,313.0,3.5,1,0,1,1,0,0,0,0,0.5,0.5,0.0,0.6,2,17,8,0.29,0.00,0.29,0.29,0.29,0.16,0.01,0.16,0.16,0.16,Matches,N/A,N/A,N/A,N/A,N/A,N/A,N/A,N/A,N/A,N/A,N/A,N/A,N/A,N/A,N/A,N/A,N/A,N/A,N/A,N/A,N/A,N/A,N/A,N/A,N/A,N/A,N/A,N/A,N/A,N/A,N/A,N/A,N/A,N/A,N/A,N/A,N/A,3,2,66.7,0.86,0.58,0.33,0.50,14.6,0.18,+0.5,+0.5,2439,402,94,89.5,59,61,96.7,7,10,70.0,0.3,0.0,1,11,4,0,189,1,1,0,0,0,0,0,0,1,4,4,1.15,3,0,0,0,1,0,0.00,0,0,0,0,0,0,14,11,5,7,2,7,50.0,7,4,2,16,5,2,235,5,6,1,33.3,1,33.3,112,0,8,1,163,22,9.2,90,1,13,17,12,2.14,6,4,+2,+0.58,+0.02,4.9,5.2,-0.3,-0.09,-0.63,0,3,0,0,16,6,46.2
James Milner,Brighton,eng ENG,MF,38,1986,4,3,170.0,1.9,0,0,0,0,0,0,1,0,0.2,0.2,0.2,0.4,1,10,10,0.00,0.00,0.00,0.00,0.00,0.09,0.12,0.21,0.09,0.21,Matches,N/A,N/A,N/A,N/A,N/A,N/A,N/A,N/A,N/A,N/A,N/A,N/A,N/A,N/A,N/A,N/A,N/A,N/A,N/A,N/A,N/A,N/A,N/A,N/A,N/A,N/A,N/A,N/A,N/A,N/A,N/A,N/A,N/A,N/A,N/A,N/A,N/A,2,0,0.0,1.06,0.00,0.00,N/A,16.0,0.08,-0.2,-0.2,899,347,26,92.9,23,30,76.7,4,11,36.4,0.2,-0.2,4,3,1,1,63,11,2,0,8,0,2,3,0,0,1,8,4.24,5,2,0,1,0,0,0.00,0,0,0,0,0,0,5,2,1,3,1,3,100.0,0,2,2,7,2,1,93,3,4,1,100.0,0,0.0,47,0,0,0,59,43,5.0,56,0,1,1,0,2.50,4,1,+3,+1.59,+1.48,2.8,2.0,+0.8,+0.42,+0.33,0,3,0,0,2,0,0.0
Tyrone Mings,Aston Villa,eng ENG,DF,31,1993,14,12,1120.0,12.4,0,0,0,0,0,0,1,0,0.8,0.8,0.2,1.0,7,40,1,0.00,0.00,0.00,0.00,0.00,0.07,0.02,0.08,0.07,0.08,Matches,N/A,N/A,N/A,N/A,N/A,N/A,N/A,N/A,N/A,N/A,N/A,N/A,N/A,N/A,N/A,N/A,N/A,N/A,N/A,N/A,N/A,N/A,N/A,N/A,N/A,N/A,N/A,N/A,N/A,N/A,N/A,N/A,N/A,N/A,N/A,N/A,N/A,9,1,11.1,0.72,0.08,0.00,0.00,11.8,0.09,-0.8,-0.8,10642,3364,234,91.4,323,342,94.4,34,64,53.1,0.2,-0.2,3,48,5,0,630,46,0,3,1,0,0,0,0,0,7,18,1.45,15,0,0,1,1,2,0.16,1,0,0,1,0,0,7,6,6,1,0,2,100.0,0,2,7,14,61,1,794,146,17,2,66.7,1,33.3,484,1,3,1,532,80,32.7,81,9,2,73,13,2.29,26,11,+15,+1.21,+1.52,23.5,13.1,+10.5,+0.84,+1.02,0,4,0,0,38,27,55.1
Yankuba Minteh,Brighton,gm GAM,"FW,MF",20,2004,32,20,1838.0,20.4,6,4,10,6,0,0,6,0,4.1,4.1,5.0,9.1,90,48,201,0.29,0.20,0.49,0.29,0.49,0.20,0.24,0.44,0.20,0.44,Matches,N/A,N/A,N/A,N/A,N/A,N/A,N/A,N/A,N/A,N/A,N/A,N/A,N/A,N/A,N/A,N/A,N/A,N/A,N/A,N/A,N/A,N/A,N/A,N/A,N/A,N/A,N/A,N/A,N/A,N/A,N/A,N/A,N/A,N/A,N/A,N/A,N/A,34,16,47.1,1.66,0.78,0.18,0.38,13.8,0.12,+1.9,+1.9,5531,1843,200,77.8,107,172,62.2,31,67,46.3,5.0,-1.0,29,14,36,9,510,45,4,4,91,20,7,6,0,2,36,64,3.14,37,8,13,2,1,13,0.64,6,0,6,1,0,0,48,35,25,13,10,17,37.8,28,22,11,59,31,0,836,30,146,46,46.9,43,43.9,481,67,53,28,511,57,53.7,78,3,12,24,1,1.59,37,33,+4,+0.20,+0.03,34.5,27.6,+6.9,+0.34,+0.49,0,21,0,0,85,17,33.3
Tyrick Mitchell,Crystal Palace,eng ENG,DF,24,1999,37,37,3092.0,34.4,0,5,5,0,0,0,2,0,1.3,1.3,6.4,7.7,63,70,171,0.00,0.15,0.15,0.00,0.15,0.04,0.19,0.22,0.04,0.22,Matches,N/A,N/A,N/A,N/A,N/A,N/A,N/A,N/A,N/A,N/A,N/A,N/A,N/A,N/A,N/A,N/A,N/A,N/A,N/A,N/A,N/A,N/A,N/A,N/A,N/A,N/A,N/A,N/A,N/A,N/A,N/A,N/A,N/A,N/A,N/A,N/A,N/A,12,3,25.0,0.35,0.09,0.00,0.00,12.8,0.11,-1.3,-1.3,15688,5986,509,84.8,383,512,74.8,61,147,41.5,3.7,-1.4,41,51,33,16,1122,228,0,2,105,220,0,0,0,5,61,72,2.10,65,1,0,2,1,7,0.20,6,0,0,0,1,0,91,55,57,27,7,25,54.3,21,56,19,110,108,2,1754,114,43,16,42.1,17,44.7,820,9,38,30,902,84,90.4,84,25,0,N/A,1,1.35,43,46,-3,-0.09,-0.91,53.3,45.3,+8.0,+0.23,-0.68,0,23,1,0,168,20,48.8
Kaoru Mitoma,Brighton,jp JPN,"FW,MF",27,1997,36,28,2603.0,28.9,10,4,14,10,0,0,1,0,9.2,9.2,4.6,13.8,146,89,291,0.35,0.14,0.48,0.35,0.48,0.32,0.16,0.48,0.32,0.48,Matches,N/A,N/A,N/A,N/A,N/A,N/A,N/A,N/A,N/A,N/A,N/A,N/A,N/A,N/A,N/A,N/A,N/A,N/A,N/A,N/A,N/A,N/A,N/A,N/A,N/A,N/A,N/A,N/A,N/A,N/A,N/A,N/A,N/A,N/A,N/A,N/A,N/A,57,27,47.4,1.97,0.93,0.18,0.37,13.9,0.16,+0.8,+0.8,9777,2226,505,87.2,189,265,71.3,23,52,44.2,4.0,-0.6,37,36,36,8,965,19,9,1,75,19,0,0,0,4,39,87,3.01,73,0,6,4,1,10,0.35,9,0,0,0,1,0,45,27,15,14,16,19,38.8,30,45,14,59,10,0,1375,17,164,52,39.7,74,56.5,830,56,53,23,966,72,76.1,85,14,8,29,0,1.64,53,40,+13,+0.45,+1.11,44.1,37.1,+6.9,+0.24,+0.55,0,40,0,0,99,26,49.1
Jeremy Monga,Leicester City,N/A,"FW,MF",15,2009,7,0,112.0,1.2,0,0,0,0,0,0,0,0,0.2,0.2,0.0,0.2,6,3,10,0.00,0.00,0.00,0.00,0.00,0.13,0.01,0.14,0.13,0.14,Matches,N/A,N/A,N/A,N/A,N/A,N/A,N/A,N/A,N/A,N/A,N/A,N/A,N/A,N/A,N/A,N/A,N/A,N/A,N/A,N/A,N/A,N/A,N/A,N/A,N/A,N/A,N/A,N/A,N/A,N/A,N/A,N/A,N/A,N/A,N/A,N/A,N/A,3,1,33.3,2.41,0.80,0.00,0.00,19.8,0.05,-0.2,-0.2,215,53,13,86.7,5,6,83.3,0,3,0.0,0.0,0.0,1,2,1,0,28,1,0,0,4,0,0,0,0,0,5,2,1.61,2,0,0,0,0,0,0.00,0,0,0,0,0,0,2,1,0,1,1,1,100.0,0,1,0,2,1,0,51,1,5,2,28.6,3,42.9,37,3,5,2,32,16,3.3,N/A,0,7,16,0,1.00,2,3,-1,-0.80,+0.45,0.9,1.6,-0.6,-0.52,+0.53,0,0,0,0,10,0,0.0
Mikey Moore,Tottenham,eng ENG,FW,16,2007,10,3,366.0,4.1,0,1,1,0,0,0,0,0,0.2,0.2,0.3,0.5,12,9,40,0.00,0.25,0.25,0.00,0.25,0.05,0.08,0.13,0.05,0.13,Matches,N/A,N/A,N/A,N/A,N/A,N/A,N/A,N/A,N/A,N/A,N/A,N/A,N/A,N/A,N/A,N/A,N/A,N/A,N/A,N/A,N/A,N/A,N/A,N/A,N/A,N/A,N/A,N/A,N/A,N/A,N/A,N/A,N/A,N/A,N/A,N/A,N/A,3,0,0.0,0.74,0.00,0.00,N/A,19.5,0.07,-0.2,-0.2,853,226,42,93.3,18,30,60.0,2,7,28.6,0.6,+0.7,3,2,5,1,88,8,0,0,16,2,3,0,0,0,5,12,2.95,7,2,0,2,0,2,0.49,1,0,0,1,0,0,2,1,2,0,0,0,0.0,4,2,1,3,4,0,142,4,13,2,11.8,13,76.5,106,5,10,7,107,37,10.7,64,0,7,25,8,1.00,4,5,-1,-0.25,-0.25,4.7,6.7,-2.1,-0.51,-0.44,0,3,0,0,11,1,14.3
Morato,Nott'ham Forest,br BRA,DF,23,2001,26,6,907.0,10.1,0,0,0,0,0,0,5,0,0.2,0.2,0.0,0.2,1,19,1,0.00,0.00,0.00,0.00,0.00,0.02,0.00,0.02,0.02,0.02,Matches,N/A,N/A,N/A,N/A,N/A,N/A,N/A,N/A,N/A,N/A,N/A,N/A,N/A,N/A,N/A,N/A,N/A,N/A,N/A,N/A,N/A,N/A,N/A,N/A,N/A,N/A,N/A,N/A,N/A,N/A,N/A,N/A,N/A,N/A,N/A,N/A,N/A,2,1,50.0,0.20,0.10,0.00,0.00,8.6,0.09,-0.2,-0.2,3987,1931,107,87.0,108,129,83.7,15,35,42.9,0.0,0.0,0,19,0,0,290,17,1,0,0,3,0,0,0,2,11,3,0.30,3,0,0,0,0,0,0.00,0,0,0,0,0,0,22,14,18,3,1,13,61.9,8,9,10,32,78,2,457,90,2,2,100.0,0,0.0,164,0,6,3,206,35,26.5,84,4,20,20,8,2.15,19,14,+5,+0.50,+0.25,13.4,14.0,-0.6,-0.06,+0.05,0,11,0,0,36,6,30.0
Álex Moreno,Nott'ham Forest,es ESP,"DF,MF",31,1993,15,11,955.0,10.6,0,1,1,0,0,0,2,0,0.2,0.2,1.3,1.4,26,34,34,0.00,0.09,0.09,0.00,0.09,0.02,0.12,0.13,0.02,0.13,Matches,N/A,N/A,N/A,N/A,N/A,N/A,N/A,N/A,N/A,N/A,N/A,N/A,N/A,N/A,N/A,N/A,N/A,N/A,N/A,N/A,N/A,N/A,N/A,N/A,N/A,N/A,N/A,N/A,N/A,N/A,N/A,N/A,N/A,N/A,N/A,N/A,N/A,6,0,0.0,0.57,0.00,0.00,N/A,23.7,0.03,-0.2,-0.2,4574,1911,184,87.6,95,148,64.2,14,40,35.0,1.1,-0.3,8,25,9,2,338,86,3,1,19,85,0,0,0,4,10,16,1.51,15,1,0,0,0,2,0.19,2,0,0,0,0,0,25,18,20,5,0,15,38.5,24,6,15,40,43,0,559,60,8,8,38.1,8,38.1,229,4,13,6,258,64,27.9,79,3,4,23,12,1.40,11,16,-5,-0.47,-1.09,10.8,13.6,-2.9,-0.27,-0.25,0,12,0,0,50,3,21.4
Sam Morsy,Ipswich Town,eg EGY,MF,32,1991,33,31,2751.0,30.6,1,1,2,1,0,0,10,0,0.4,0.4,1.2,1.6,22,120,13,0.03,0.03,0.07,0.03,0.07,0.01,0.04,0.05,0.01,0.05,Matches,N/A,N/A,N/A,N/A,N/A,N/A,N/A,N/A,N/A,N/A,N/A,N/A,N/A,N/A,N/A,N/A,N/A,N/A,N/A,N/A,N/A,N/A,N/A,N/A,N/A,N/A,N/A,N/A,N/A,N/A,N/A,N/A,N/A,N/A,N/A,N/A,N/A,13,3,23.1,0.43,0.10,0.08,0.33,27.2,0.03,+0.6,+0.6,20142,5579,637,92.9,502,546,91.9,79,139,56.8,1.5,-0.2,24,149,17,4,1388,50,2,5,15,0,0,0,0,7,22,51,1.67,46,4,0,1,0,2,0.07,2,0,0,0,0,0,68,41,40,24,4,27,43.5,35,21,29,97,47,5,1683,97,6,17,58.6,9,31.0,852,3,17,13,1137,83,80.4,88,23,2,16,2,0.64,28,67,-39,-1.28,-0.33,28.3,56.5,-28.2,-0.92,+0.44,0,48,0,1,157,18,42.9
Yerson Mosquera,Wolves,co COL,DF,23,2001,5,5,441.0,4.9,0,0,0,0,0,0,2,0,0.3,0.3,0.1,0.4,0,7,0,0.00,0.00,0.00,0.00,0.00,0.07,0.02,0.09,0.07,0.09,Matches,N/A,N/A,N/A,N/A,N/A,N/A,N/A,N/A,N/A,N/A,N/A,N/A,N/A,N/A,N/A,N/A,N/A,N/A,N/A,N/A,N/A,N/A,N/A,N/A,N/A,N/A,N/A,N/A,N/A,N/A,N/A,N/A,N/A,N/A,N/A,N/A,N/A,2,0,0.0,0.41,0.00,0.00,N/A,12.4,0.17,-0.3,-0.3,3996,1184,66,90.4,115,123,93.5,22,35,62.9,0.0,-0.1,2,16,1,1,230,9,0,1,2,0,0,0,0,1,3,5,1.02,5,0,0,0,0,0,0.00,0,0,0,0,0,0,11,7,9,2,0,9,64.3,5,3,10,21,14,0,294,43,7,0,N/A,0,N/A,168,0,4,1,182,88,12.9,88,4,0,N/A,0,0.20,5,12,-7,-1.43,-1.19,4.9,6.0,-1.1,-0.22,+0.18,0,6,0,0,24,11,64.7
Mason Mount,Manchester Utd,eng ENG,MF,25,1999,17,8,622.0,6.9,1,0,1,1,0,0,3,0,3.2,3.2,0.6,3.8,15,33,41,0.14,0.00,0.14,0.14,0.14,0.47,0.08,0.55,0.47,0.55,Matches,N/A,N/A,N/A,N/A,N/A,N/A,N/A,N/A,N/A,N/A,N/A,N/A,N/A,N/A,N/A,N/A,N/A,N/A,N/A,N/A,N/A,N/A,N/A,N/A,N/A,N/A,N/A,N/A,N/A,N/A,N/A,N/A,N/A,N/A,N/A,N/A,N/A,20,9,45.0,2.89,1.30,0.05,0.11,15.0,0.17,-2.2,-2.2,3015,709,120,87.0,58,71,81.7,13,18,72.2,0.6,-0.6,8,19,8,2,238,15,2,2,13,3,3,1,0,0,8,22,3.18,15,3,0,1,0,0,0.00,0,0,0,0,0,0,15,5,5,8,2,9,75.0,3,10,4,19,4,0,339,11,31,1,10.0,8,80.0,215,2,16,9,249,37,18.2,53,0,9,22,3,0.88,2,11,-9,-1.30,-1.27,9.8,8.1,+1.7,+0.25,+0.34,0,16,0,0,18,4,33.3
Mykhailo Mudryk,Chelsea,ua UKR,FW,23,2001,7,1,151.0,1.7,0,0,0,0,0,0,0,0,0.3,0.3,1.0,1.2,7,5,12,0.00,0.00,0.00,0.00,0.00,0.15,0.58,0.73,0.15,0.73,Matches,N/A,N/A,N/A,N/A,N/A,N/A,N/A,N/A,N/A,N/A,N/A,N/A,N/A,N/A,N/A,N/A,N/A,N/A,N/A,N/A,N/A,N/A,N/A,N/A,N/A,N/A,N/A,N/A,N/A,N/A,N/A,N/A,N/A,N/A,N/A,N/A,N/A,1,1,100.0,0.60,0.60,0.00,0.00,11.6,0.25,-0.3,-0.3,431,165,17,70.8,10,15,66.7,1,2,50.0,0.5,-1.0,2,2,2,1,40,2,1,0,7,0,0,0,0,0,1,6,3.60,4,1,0,1,0,0,0.00,0,0,0,0,0,0,2,2,2,0,0,0,N/A,0,2,0,2,1,0,62,3,6,3,37.5,5,62.5,39,0,3,7,42,22,4.4,45,0,6,18,5,1.86,4,2,+2,+1.19,+0.67,3.0,3.7,-0.7,-0.41,-0.99,0,2,0,0,9,2,33.3
Marshall Munetsi,Wolves,zw ZIM,"MF,FW",28,1996,14,12,1078.0,12.0,2,1,3,2,0,0,0,0,3.3,3.3,1.8,5.1,9,10,35,0.17,0.08,0.25,0.17,0.25,0.28,0.15,0.42,0.28,0.42,Matches,N/A,N/A,N/A,N/A,N/A,N/A,N/A,N/A,N/A,N/A,N/A,N/A,N/A,N/A,N/A,N/A,N/A,N/A,N/A,N/A,N/A,N/A,N/A,N/A,N/A,N/A,N/A,N/A,N/A,N/A,N/A,N/A,N/A,N/A,N/A,N/A,N/A,22,7,31.8,1.84,0.58,0.09,0.29,15.0,0.15,-1.3,-1.3,1898,390,95,77.9,43,57,75.4,3,6,50.0,1.1,-0.8,9,7,3,2,205,7,1,0,10,1,0,0,0,0,5,21,1.75,16,0,0,2,1,1,0.08,1,0,0,0,0,0,24,10,7,11,6,13,56.5,10,13,6,30,18,0,364,21,36,3,27.3,7,63.6,148,4,32,12,182,77,31.5,84,9,2,35,0,1.64,18,11,+7,+0.58,+1.43,16.1,14.6,+1.5,+0.13,+0.74,0,19,0,0,35,29,55.8
Rodrigo Muniz,Fulham,br BRA,FW,23,2001,31,8,964.0,10.7,8,1,9,8,0,0,1,0,5.8,5.8,0.7,6.5,6,27,31,0.75,0.09,0.84,0.75,0.84,0.54,0.07,0.61,0.54,0.61,Matches,N/A,N/A,N/A,N/A,N/A,N/A,N/A,N/A,N/A,N/A,N/A,N/A,N/A,N/A,N/A,N/A,N/A,N/A,N/A,N/A,N/A,N/A,N/A,N/A,N/A,N/A,N/A,N/A,N/A,N/A,N/A,N/A,N/A,N/A,N/A,N/A,N/A,39,19,48.7,3.64,1.77,0.21,0.42,12.0,0.15,+2.2,+2.2,1540,528,46,67.6,31,45,68.9,11,13,84.6,0.2,+0.3,7,13,3,0,135,6,3,2,1,0,0,0,0,1,4,17,1.59,10,0,2,2,1,2,0.19,1,0,1,0,0,0,10,5,3,5,2,4,100.0,0,7,5,15,14,0,311,14,55,6,33.3,9,50.0,157,3,47,24,237,31,28.2,72,0,23,17,1,1.55,25,17,+8,+0.75,+1.04,16.9,15.2,+1.6,+0.15,+0.15,0,11,0,0,14,67,51.5
Daniel Muñoz,Crystal Palace,co COL,DF,28,1996,37,37,3228.0,35.9,4,5,9,4,0,0,10,0,4.9,4.9,5.5,10.5,62,97,206,0.11,0.14,0.25,0.11,0.25,0.14,0.15,0.29,0.14,0.29,Matches,N/A,N/A,N/A,N/A,N/A,N/A,N/A,N/A,N/A,N/A,N/A,N/A,N/A,N/A,N/A,N/A,N/A,N/A,N/A,N/A,N/A,N/A,N/A,N/A,N/A,N/A,N/A,N/A,N/A,N/A,N/A,N/A,N/A,N/A,N/A,N/A,N/A,37,14,37.8,1.03,0.39,0.11,0.29,12.7,0.13,-0.9,-0.9,17091,5219,645,85.7,414,538,77.0,48,108,44.4,3.6,-0.5,46,59,35,15,1182,304,2,2,74,275,0,0,0,6,39,85,2.37,69,2,2,1,5,11,0.31,9,0,1,1,0,0,123,80,57,41,25,55,56.7,42,34,44,167,108,1,2010,119,107,21,37.5,33,58.9,806,18,55,20,956,87,94.4,87,33,0,N/A,0,1.43,48,46,+2,+0.06,+0.99,57.1,45.5,+11.6,+0.32,+0.46,0,56,0,0,171,58,42.6
Arijanet Muric,Ipswich Town,xk KVX,GK,25,1998,18,18,1620.0,18.0,0,0,0,0,0,0,1,0,0.0,0.0,0.0,0.0,0,1,0,0.00,0.00,0.00,0.00,0.00,0.00,0.00,0.00,0.00,0.00,Matches,33,1.83,100,67,70.0,2,6,10,1,5.6,3,0,0,0.0,0,2,0,31.4,0.29,-1.6,-0.09,76,229,33.2,534,94,29.6,30.3,94,75.5,54.6,249,39,15.7,20,1.11,12.2,0,0,N/A,0.00,0.00,N/A,N/A,N/A,N/A,0.0,0.0,11705,8247,122,100.0,215,221,97.3,115,283,40.6,0.0,0.0,0,14,0,0,485,143,0,3,0,0,0,0,0,5,0,1,0.06,0,1,0,0,0,0,0.00,0,0,0,0,0,0,0,0,0,0,0,0,0.0,2,0,0,0,10,5,689,559,0,0,N/A,0,N/A,405,0,3,1,321,90,47.4,90,18,0,N/A,8,0.67,17,33,-16,-0.89,+0.61,17.5,35.2,-17.7,-0.98,+0.05,0,0,0,0,26,11,91.7
Murillo,Nott'ham Forest,br BRA,DF,22,2002,36,36,3188.0,35.4,2,0,2,2,0,0,6,0,1.4,1.4,1.2,2.6,22,115,5,0.06,0.00,0.06,0.06,0.06,0.04,0.03,0.07,0.04,0.07,Matches,N/A,N/A,N/A,N/A,N/A,N/A,N/A,N/A,N/A,N/A,N/A,N/A,N/A,N/A,N/A,N/A,N/A,N/A,N/A,N/A,N/A,N/A,N/A,N/A,N/A,N/A,N/A,N/A,N/A,N/A,N/A,N/A,N/A,N/A,N/A,N/A,N/A,25,6,24.0,0.71,0.17,0.08,0.33,21.9,0.06,+0.6,+0.6,22680,10645,420,90.1,535,609,87.8,161,327,49.2,1.1,-1.2,13,139,13,1,1271,166,8,22,14,3,0,0,0,13,6,44,1.24,30,7,0,1,2,2,0.06,1,1,0,0,0,0,53,36,38,12,3,27,58.7,19,24,36,89,249,3,1918,421,24,27,73.0,10,27.0,821,1,19,10,989,89,93.2,89,33,0,N/A,0,1.69,50,44,+6,+0.17,-2.16,41.2,46.3,-5.1,-0.14,-0.79,0,27,0,1,142,44,66.7
Jacob Murphy,Newcastle Utd,eng ENG,FW,29,1995,35,31,2360.0,26.2,8,12,20,8,0,0,4,0,5.7,5.7,8.9,14.6,79,83,231,0.31,0.46,0.76,0.31,0.76,0.22,0.34,0.56,0.22,0.56,Matches,N/A,N/A,N/A,N/A,N/A,N/A,N/A,N/A,N/A,N/A,N/A,N/A,N/A,N/A,N/A,N/A,N/A,N/A,N/A,N/A,N/A,N/A,N/A,N/A,N/A,N/A,N/A,N/A,N/A,N/A,N/A,N/A,N/A,N/A,N/A,N/A,N/A,43,15,34.9,1.64,0.57,0.19,0.53,18.2,0.13,+2.3,+2.3,10412,3438,411,84.9,218,320,68.1,43,109,39.4,6.2,+3.1,42,58,41,15,943,53,5,6,120,32,1,0,0,8,51,82,3.13,65,5,4,3,2,15,0.57,14,0,0,0,1,0,28,19,10,12,6,20,45.5,24,31,13,41,35,1,1271,27,92,35,50.7,31,44.9,733,27,32,37,911,67,69.0,72,6,4,30,2,1.69,54,31,+23,+0.88,+1.05,48.9,27.7,+21.2,+0.81,+1.06,0,11,1,0,98,5,23.8
Vitaliy Mykolenko,Everton,ua UKR,DF,25,1999,35,35,3082.0,34.2,1,2,3,1,0,0,4,0,0.5,0.5,2.6,3.1,33,110,99,0.03,0.06,0.09,0.03,0.09,0.01,0.08,0.09,0.01,0.09,Matches,N/A,N/A,N/A,N/A,N/A,N/A,N/A,N/A,N/A,N/A,N/A,N/A,N/A,N/A,N/A,N/A,N/A,N/A,N/A,N/A,N/A,N/A,N/A,N/A,N/A,N/A,N/A,N/A,N/A,N/A,N/A,N/A,N/A,N/A,N/A,N/A,N/A,14,1,7.1,0.41,0.03,0.07,1.00,20.6,0.04,+0.5,+0.5,16470,6579,510,89.3,369,500,73.8,87,193,45.1,2.2,-0.6,24,102,40,24,1060,259,2,3,101,246,0,0,0,3,23,43,1.26,40,0,1,0,0,4,0.12,3,0,0,1,0,0,63,38,39,14,10,29,51.8,27,15,44,107,145,2,1678,125,32,8,40.0,9,45.0,697,1,23,11,860,88,90.1,88,33,0,N/A,0,1.29,38,39,-1,-0.03,+0.24,37.6,40.0,-2.4,-0.07,+0.49,0,22,0,1,88,47,56.0
Iliman Ndiaye,Everton,sn SEN,FW,24,2000,33,29,2430.0,27.0,9,0,9,7,2,2,3,0,6.2,4.7,1.9,6.5,86,59,122,0.33,0.00,0.33,0.26,0.26,0.23,0.07,0.30,0.17,0.24,Matches,N/A,N/A,N/A,N/A,N/A,N/A,N/A,N/A,N/A,N/A,N/A,N/A,N/A,N/A,N/A,N/A,N/A,N/A,N/A,N/A,N/A,N/A,N/A,N/A,N/A,N/A,N/A,N/A,N/A,N/A,N/A,N/A,N/A,N/A,N/A,N/A,N/A,35,15,42.9,1.30,0.56,0.20,0.47,17.1,0.13,+2.8,+2.3,9038,1875,349,86.8,200,230,87.0,38,55,69.1,1.4,-1.9,18,42,14,5,709,25,2,2,38,5,4,0,2,2,22,65,2.41,49,0,9,6,0,8,0.30,5,0,2,0,1,0,53,28,20,16,17,22,44.9,27,25,20,73,24,1,1084,36,83,68,47.6,64,44.8,621,32,55,44,674,74,71.1,80,14,4,29,0,1.24,32,24,+8,+0.30,+1.21,28.2,29.2,-1.0,-0.04,+0.28,0,24,0,0,172,6,24.0
Wilfred Ndidi,Leicester City,ng NGA,MF,27,1996,28,28,2324.0,25.8,0,5,5,0,0,0,8,0,2.0,2.0,1.9,3.9,18,70,75,0.00,0.19,0.19,0.00,0.19,0.08,0.07,0.15,0.08,0.15,Matches,N/A,N/A,N/A,N/A,N/A,N/A,N/A,N/A,N/A,N/A,N/A,N/A,N/A,N/A,N/A,N/A,N/A,N/A,N/A,N/A,N/A,N/A,N/A,N/A,N/A,N/A,N/A,N/A,N/A,N/A,N/A,N/A,N/A,N/A,N/A,N/A,N/A,22,8,36.4,0.85,0.31,0.00,0.00,13.9,0.09,-2.0,-2.0,12034,3031,463,87.4,282,343,82.2,39,73,53.4,1.5,+3.1,17,68,11,3,1020,22,4,4,30,9,0,0,0,3,26,31,1.20,29,0,1,0,0,4,0.15,4,0,0,0,0,0,85,51,45,32,8,30,49.2,31,28,31,116,80,0,1400,119,61,13,39.4,18,54.5,670,2,37,33,834,83,68.0,83,15,0,N/A,0,0.79,24,48,-24,-0.93,+0.96,20.7,48.3,-27.7,-1.07,-0.12,0,39,0,0,127,61,50.8
Kosta Nedeljković,Aston Villa,rs SRB,DF,18,2005,5,0,126.0,1.4,0,0,0,0,0,0,0,0,0.0,0.0,0.0,0.0,1,6,0,0.00,0.00,0.00,0.00,0.00,0.00,0.00,0.00,0.00,0.00,Matches,N/A,N/A,N/A,N/A,N/A,N/A,N/A,N/A,N/A,N/A,N/A,N/A,N/A,N/A,N/A,N/A,N/A,N/A,N/A,N/A,N/A,N/A,N/A,N/A,N/A,N/A,N/A,N/A,N/A,N/A,N/A,N/A,N/A,N/A,N/A,N/A,N/A,0,0,N/A,0.00,0.00,N/A,N/A,N/A,N/A,0.0,0.0,853,185,22,95.7,21,25,84.0,4,5,80.0,0.0,0.0,0,5,0,0,41,12,0,0,1,11,0,0,0,0,0,0,0.00,0,0,0,0,0,0,0.00,0,0,0,0,0,0,7,5,1,3,3,2,66.7,1,1,0,7,3,0,66,4,0,1,50.0,1,50.0,27,0,1,0,32,25,3.7,N/A,0,5,25,11,1.20,0,4,-4,-2.86,-3.16,1.9,2.1,-0.2,-0.13,-0.30,0,0,0,0,4,0,0.0
Reiss Nelson,Fulham,eng ENG,FW,24,1999,11,5,487.0,5.4,1,1,2,1,0,0,1,0,1.1,1.1,1.0,2.1,45,35,63,0.18,0.18,0.37,0.18,0.37,0.20,0.18,0.39,0.20,0.39,Matches,N/A,N/A,N/A,N/A,N/A,N/A,N/A,N/A,N/A,N/A,N/A,N/A,N/A,N/A,N/A,N/A,N/A,N/A,N/A,N/A,N/A,N/A,N/A,N/A,N/A,N/A,N/A,N/A,N/A,N/A,N/A,N/A,N/A,N/A,N/A,N/A,N/A,12,6,50.0,2.22,1.11,0.08,0.17,15.4,0.09,-0.1,-0.1,3429,761,136,92.5,77,91,84.6,12,19,63.2,1.0,0.0,13,7,15,3,261,6,2,2,23,1,3,1,0,1,2,31,5.73,21,2,3,0,1,1,0.18,1,0,0,0,0,0,8,6,3,3,2,5,38.5,8,11,5,13,2,0,347,5,35,13,37.1,13,37.1,259,21,14,8,274,44,14.2,73,0,6,21,0,1.64,5,9,-4,-0.74,-0.86,7.6,6.2,+1.4,+0.26,+0.25,0,6,0,0,29,0,0.0
Neto,Bournemouth,br BRA,GK,35,1989,2,2,180.0,2.0,0,0,0,0,0,0,0,0,0.0,0.0,0.0,0.0,0,0,0,0.00,0.00,0.00,0.00,0.00,0.00,0.00,0.00,0.00,0.00,Matches,2,1.00,13,11,84.6,0,2,0,0,0.0,0,0,0,N/A,0,0,0,4.3,0.35,+2.3,+1.17,9,27,33.3,46,7,43.5,36.8,15,46.7,38.9,30,2,6.7,3,1.50,12.6,0,0,N/A,0.00,0.00,N/A,N/A,N/A,N/A,0.0,0.0,1183,896,7,100.0,21,21,100.0,12,33,36.4,0.0,0.0,0,2,0,0,42,19,0,0,0,0,0,0,0,1,0,0,0.00,0,0,0,0,0,0,0.00,0,0,0,0,0,0,0,0,0,0,0,0,N/A,0,0,0,0,1,1,70,60,0,0,N/A,0,N/A,35,0,0,0,28,90,5.3,90,2,0,N/A,0,1.00,2,2,0,0.00,-0.33,3.5,2.9,+0.5,+0.25,-0.16,0,0,0,0,3,0,N/A
Pedro Neto,Chelsea,pt POR,FW,24,2000,35,24,2269.0,25.2,4,6,10,4,0,0,8,0,3.5,3.5,6.7,10.2,126,60,253,0.16,0.24,0.40,0.16,0.40,0.14,0.27,0.40,0.14,0.40,Matches,N/A,N/A,N/A,N/A,N/A,N/A,N/A,N/A,N/A,N/A,N/A,N/A,N/A,N/A,N/A,N/A,N/A,N/A,N/A,N/A,N/A,N/A,N/A,N/A,N/A,N/A,N/A,N/A,N/A,N/A,N/A,N/A,N/A,N/A,N/A,N/A,N/A,59,17,28.8,2.34,0.67,0.07,0.24,18.2,0.06,+0.5,+0.5,11347,2418,347,93.0,267,326,81.9,60,127,47.2,4.8,-0.7,46,30,37,23,807,86,0,5,149,13,16,15,5,2,26,90,3.57,64,9,6,4,0,9,0.36,5,1,2,1,0,0,23,9,9,9,5,9,42.9,12,12,9,32,6,0,1153,13,116,34,32.7,46,44.2,746,45,45,30,838,65,66.3,82,15,11,27,1,1.71,40,25,+15,+0.59,+0.13,39.2,28.2,+10.9,+0.43,-0.32,0,21,0,0,81,11,26.8
Eddie Nketiah,Crystal Palace,eng ENG,"FW,MF",25,1999,29,9,1034.0,11.5,3,1,4,3,0,0,6,1,5.8,5.8,1.7,7.4,41,19,79,0.26,0.09,0.35,0.26,0.35,0.50,0.15,0.65,0.50,0.65,Matches,N/A,N/A,N/A,N/A,N/A,N/A,N/A,N/A,N/A,N/A,N/A,N/A,N/A,N/A,N/A,N/A,N/A,N/A,N/A,N/A,N/A,N/A,N/A,N/A,N/A,N/A,N/A,N/A,N/A,N/A,N/A,N/A,N/A,N/A,N/A,N/A,N/A,43,16,37.2,3.74,1.39,0.07,0.19,13.8,0.13,-2.8,-2.8,2722,563,95,79.2,60,75,80.0,14,20,70.0,0.9,-0.7,13,11,5,0,229,12,2,0,5,1,0,0,0,0,12,31,2.69,20,0,3,5,0,3,0.26,2,0,0,0,1,0,15,8,7,4,4,7,53.8,6,9,3,18,12,0,412,11,67,11,35.5,16,51.6,246,14,34,17,294,36,30.2,77,2,20,17,2,1.52,15,17,-2,-0.17,-0.25,19.5,13.8,+5.6,+0.49,+0.28,1,31,1,0,26,21,35.6
Christopher Nkunku,Chelsea,fr FRA,FW,26,1997,27,9,921.0,10.2,3,2,5,3,0,0,2,0,4.8,4.8,2.1,6.9,17,25,68,0.29,0.20,0.49,0.29,0.49,0.47,0.21,0.68,0.47,0.67,Matches,N/A,N/A,N/A,N/A,N/A,N/A,N/A,N/A,N/A,N/A,N/A,N/A,N/A,N/A,N/A,N/A,N/A,N/A,N/A,N/A,N/A,N/A,N/A,N/A,N/A,N/A,N/A,N/A,N/A,N/A,N/A,N/A,N/A,N/A,N/A,N/A,N/A,25,11,44.0,2.44,1.07,0.12,0.27,12.6,0.19,-1.8,-1.8,3928,760,185,91.6,95,103,92.2,6,6,100.0,1.0,-0.1,14,26,7,0,327,7,2,1,4,0,0,0,0,0,3,34,3.32,21,0,5,1,2,4,0.39,1,0,1,1,1,0,12,8,3,4,5,6,75.0,2,7,7,19,10,0,448,10,52,10,37.0,14,51.9,280,13,18,17,356,34,26.9,74,2,18,14,6,1.67,16,16,0,0.00,-0.76,21.2,16.0,+5.3,+0.51,-0.03,0,16,0,0,29,16,42.1
Matheus Nunes,Manchester City,pt POR,"DF,MF",25,1998,26,19,1674.0,18.6,1,6,7,1,0,0,4,0,1.2,1.2,4.4,5.6,63,79,175,0.05,0.32,0.38,0.05,0.38,0.07,0.23,0.30,0.07,0.30,Matches,N/A,N/A,N/A,N/A,N/A,N/A,N/A,N/A,N/A,N/A,N/A,N/A,N/A,N/A,N/A,N/A,N/A,N/A,N/A,N/A,N/A,N/A,N/A,N/A,N/A,N/A,N/A,N/A,N/A,N/A,N/A,N/A,N/A,N/A,N/A,N/A,N/A,9,4,44.4,0.48,0.22,0.11,0.25,19.0,0.14,-0.2,-0.2,16409,2994,598,91.9,398,458,86.9,53,81,65.4,3.3,+1.6,23,53,26,7,1103,130,3,8,45,109,5,0,0,1,24,46,2.47,35,2,3,3,0,8,0.43,5,0,1,2,0,0,35,22,15,14,6,16,42.1,22,13,15,50,38,2,1416,47,62,19,46.3,14,34.1,866,24,32,13,1013,64,48.9,86,16,7,5,9,2.08,33,19,+14,+0.75,+0.03,31.9,24.4,+7.5,+0.41,-0.26,0,30,0,1,70,14,42.4
Darwin Núñez,Liverpool,uy URU,FW,25,1999,30,8,1133.0,12.6,5,2,7,5,0,0,8,0,5.8,5.8,1.3,7.1,23,27,78,0.40,0.16,0.56,0.40,0.56,0.46,0.10,0.57,0.46,0.57,Matches,N/A,N/A,N/A,N/A,N/A,N/A,N/A,N/A,N/A,N/A,N/A,N/A,N/A,N/A,N/A,N/A,N/A,N/A,N/A,N/A,N/A,N/A,N/A,N/A,N/A,N/A,N/A,N/A,N/A,N/A,N/A,N/A,N/A,N/A,N/A,N/A,N/A,34,13,38.2,2.70,1.03,0.15,0.38,14.3,0.17,-0.8,-0.8,2390,587,89,80.2,48,65,73.8,13,20,65.0,0.5,+0.7,11,9,3,1,225,4,1,6,3,2,0,0,0,1,13,31,2.46,21,0,4,2,3,4,0.32,3,0,0,0,1,0,21,18,11,4,6,7,38.9,11,6,4,25,12,0,366,10,74,8,34.8,14,60.9,201,12,24,21,248,38,33.1,78,2,22,23,5,2.07,29,21,+8,+0.64,-0.82,27.2,16.6,+10.6,+0.84,-0.46,0,27,1,0,41,20,37.7
Ethan Nwaneri,Arsenal,eng ENG,"FW,MF",17,2007,26,11,895.0,9.9,4,2,6,4,0,0,1,0,1.2,1.2,1.2,2.4,46,33,113,0.40,0.20,0.60,0.40,0.60,0.12,0.12,0.24,0.12,0.24,Matches,N/A,N/A,N/A,N/A,N/A,N/A,N/A,N/A,N/A,N/A,N/A,N/A,N/A,N/A,N/A,N/A,N/A,N/A,N/A,N/A,N/A,N/A,N/A,N/A,N/A,N/A,N/A,N/A,N/A,N/A,N/A,N/A,N/A,N/A,N/A,N/A,N/A,24,9,37.5,2.41,0.91,0.17,0.44,18.5,0.05,+2.8,+2.8,4906,1216,216,92.3,93,121,76.9,19,37,51.4,1.8,+0.8,16,17,16,6,386,36,3,1,54,4,18,0,0,3,14,29,2.91,15,6,5,1,0,3,0.30,3,0,0,0,0,0,11,7,4,4,3,7,33.3,14,6,2,13,4,1,544,3,44,37,59.7,19,30.6,365,17,23,17,398,34,26.2,65,1,15,12,10,1.85,16,4,+12,+1.21,+0.39,14.5,5.4,+9.1,+0.91,+0.33,0,9,0,0,34,4,33.3
Christian Nørgaard,Brentford,dk DEN,MF,30,1994,34,34,2819.0,31.3,5,4,9,5,0,0,8,1,4.3,4.3,1.3,5.6,14,154,42,0.16,0.13,0.29,0.16,0.29,0.14,0.04,0.18,0.14,0.18,Matches,N/A,N/A,N/A,N/A,N/A,N/A,N/A,N/A,N/A,N/A,N/A,N/A,N/A,N/A,N/A,N/A,N/A,N/A,N/A,N/A,N/A,N/A,N/A,N/A,N/A,N/A,N/A,N/A,N/A,N/A,N/A,N/A,N/A,N/A,N/A,N/A,N/A,39,15,38.5,1.25,0.48,0.13,0.33,14.3,0.11,+0.7,+0.7,19339,6409,584,87.4,483,568,85.0,79,133,59.4,1.4,+2.7,18,137,27,4,1391,30,4,5,17,10,0,0,0,6,25,58,1.85,48,0,0,2,1,13,0.42,11,0,0,1,1,0,79,49,37,35,7,48,59.3,33,32,49,128,70,1,1802,176,57,7,50.0,5,35.7,826,4,34,20,1075,83,82.4,83,22,0,N/A,0,1.59,55,45,+10,+0.32,+0.47,50.3,43.7,+6.6,+0.21,+0.66,0,44,0,0,193,49,62.0
Jake O'Brien,Everton,ie IRL,DF,23,2001,20,17,1571.0,17.5,2,0,2,2,0,0,5,0,0.8,0.8,0.6,1.3,7,50,25,0.11,0.00,0.11,0.11,0.11,0.04,0.03,0.08,0.04,0.08,Matches,N/A,N/A,N/A,N/A,N/A,N/A,N/A,N/A,N/A,N/A,N/A,N/A,N/A,N/A,N/A,N/A,N/A,N/A,N/A,N/A,N/A,N/A,N/A,N/A,N/A,N/A,N/A,N/A,N/A,N/A,N/A,N/A,N/A,N/A,N/A,N/A,N/A,6,3,50.0,0.34,0.17,0.33,0.67,11.1,0.13,+1.2,+1.2,10580,3946,245,89.4,260,317,82.0,63,98,64.3,0.3,-0.6,6,41,8,5,602,121,0,1,18,100,0,0,0,2,12,16,0.92,14,0,2,0,0,0,0.00,0,0,0,0,0,0,26,17,21,5,0,17,68.0,8,13,4,30,93,0,900,93,22,4,40.0,5,50.0,391,2,5,5,481,79,45.9,90,16,3,15,17,1.40,24,17,+7,+0.40,+0.84,22.2,18.2,+4.0,+0.23,+0.64,0,13,0,0,52,41,57.7
Matt O'Riley,Brighton,dk DEN,MF,23,2000,21,11,938.0,10.4,2,2,4,1,1,1,1,0,2.8,2.0,2.4,4.4,22,38,52,0.19,0.19,0.38,0.10,0.29,0.27,0.23,0.50,0.20,0.42,Matches,N/A,N/A,N/A,N/A,N/A,N/A,N/A,N/A,N/A,N/A,N/A,N/A,N/A,N/A,N/A,N/A,N/A,N/A,N/A,N/A,N/A,N/A,N/A,N/A,N/A,N/A,N/A,N/A,N/A,N/A,N/A,N/A,N/A,N/A,N/A,N/A,N/A,21,6,28.6,2.01,0.58,0.05,0.17,17.6,0.10,-0.8,-1.0,5018,1362,161,88.5,108,133,81.2,30,63,47.6,2.0,-0.4,21,30,8,1,345,67,2,2,51,1,23,8,0,1,15,40,3.84,23,11,1,1,2,5,0.48,4,0,0,0,1,0,16,9,4,8,4,4,30.8,9,4,13,29,9,1,525,20,47,8,61.5,4,30.8,275,8,19,4,307,45,27.4,68,0,10,19,3,1.48,17,20,-3,-0.29,-0.65,17.2,14.3,+2.8,+0.27,+0.23,0,16,1,0,29,5,38.5
Dara O'Shea,Ipswich Town,ie IRL,DF,25,1999,35,35,3122.0,34.7,0,2,2,0,0,0,6,0,1.3,1.3,0.5,1.8,3,80,8,0.00,0.06,0.06,0.00,0.06,0.04,0.01,0.05,0.04,0.05,Matches,N/A,N/A,N/A,N/A,N/A,N/A,N/A,N/A,N/A,N/A,N/A,N/A,N/A,N/A,N/A,N/A,N/A,N/A,N/A,N/A,N/A,N/A,N/A,N/A,N/A,N/A,N/A,N/A,N/A,N/A,N/A,N/A,N/A,N/A,N/A,N/A,N/A,22,2,9.1,0.63,0.06,0.00,0.00,13.6,0.06,-1.3,-1.3,24503,10549,395,87.2,694,811,85.6,133,270,49.3,0.7,+1.5,3,89,4,1,1473,100,0,14,8,63,0,0,0,6,12,24,0.69,19,0,0,2,1,4,0.12,4,0,0,0,0,0,49,31,33,13,3,22,64.7,12,12,33,82,225,4,2022,393,51,1,50.0,1,50.0,897,0,12,4,1162,89,91.3,89,34,0,N/A,1,0.60,34,75,-41,-1.18,+0.33,32.6,65.3,-32.7,-0.94,+0.76,0,21,0,0,110,114,57.3
Chidozie Obi-Martin,Manchester Utd,dk DEN,FW,16,2007,7,1,165.0,1.8,0,0,0,0,0,0,1,0,0.7,0.7,0.0,0.7,2,1,12,0.00,0.00,0.00,0.00,0.00,0.36,0.00,0.36,0.36,0.36,Matches,N/A,N/A,N/A,N/A,N/A,N/A,N/A,N/A,N/A,N/A,N/A,N/A,N/A,N/A,N/A,N/A,N/A,N/A,N/A,N/A,N/A,N/A,N/A,N/A,N/A,N/A,N/A,N/A,N/A,N/A,N/A,N/A,N/A,N/A,N/A,N/A,N/A,5,1,20.0,2.73,0.55,0.00,0.00,10.7,0.13,-0.7,-0.7,259,49,10,90.9,7,9,77.8,1,2,50.0,0.0,0.0,0,1,0,0,22,2,0,0,0,0,0,0,0,0,0,2,1.09,0,0,1,0,0,0,0.00,0,0,0,0,0,0,2,1,0,0,2,2,100.0,0,0,0,2,1,0,47,3,9,1,33.3,2,66.7,22,1,5,1,29,24,4.8,90,1,6,13,4,1.14,8,5,+3,+1.64,+2.00,5.5,3.6,+1.9,+1.03,+1.11,0,3,0,0,9,2,33.3
Wilson Odobert,Tottenham,fr FRA,"FW,MF",19,2004,16,9,850.0,9.4,1,0,1,1,0,0,0,0,1.6,1.6,1.0,2.6,45,27,66,0.11,0.00,0.11,0.11,0.11,0.17,0.10,0.27,0.17,0.27,Matches,N/A,N/A,N/A,N/A,N/A,N/A,N/A,N/A,N/A,N/A,N/A,N/A,N/A,N/A,N/A,N/A,N/A,N/A,N/A,N/A,N/A,N/A,N/A,N/A,N/A,N/A,N/A,N/A,N/A,N/A,N/A,N/A,N/A,N/A,N/A,N/A,N/A,13,4,30.8,1.38,0.42,0.08,0.25,16.4,0.12,-0.6,-0.6,2878,567,139,92.7,54,73,74.0,8,12,66.7,0.8,-1.0,6,11,12,3,262,8,0,1,25,2,0,0,0,4,13,16,1.70,14,0,0,0,0,1,0.11,1,0,0,0,0,0,14,5,5,4,5,8,57.1,6,6,4,18,5,1,381,7,35,12,37.5,17,53.1,265,18,21,17,273,53,24.9,77,3,7,23,0,0.88,9,20,-11,-1.16,-1.51,10.8,16.3,-5.5,-0.58,-0.61,0,2,0,0,34,4,33.3
Chiedozie Ogbene,Ipswich Town,ie IRL,FW,27,1997,5,3,238.0,2.6,0,0,0,0,0,0,0,0,0.0,0.0,0.1,0.1,7,0,15,0.00,0.00,0.00,0.00,0.00,0.00,0.03,0.03,0.00,0.03,Matches,N/A,N/A,N/A,N/A,N/A,N/A,N/A,N/A,N/A,N/A,N/A,N/A,N/A,N/A,N/A,N/A,N/A,N/A,N/A,N/A,N/A,N/A,N/A,N/A,N/A,N/A,N/A,N/A,N/A,N/A,N/A,N/A,N/A,N/A,N/A,N/A,N/A,0,0,N/A,0.00,0.00,N/A,N/A,N/A,N/A,0.0,0.0,415,27,20,83.3,8,10,80.0,1,1,100.0,0.0,-0.1,2,0,0,0,43,0,0,0,4,0,0,0,0,0,5,3,1.13,2,0,0,1,0,0,0.00,0,0,0,0,0,0,7,3,1,2,4,2,50.0,2,1,1,8,3,0,70,3,6,1,14.3,3,42.9,41,2,4,2,43,48,7.0,63,0,2,25,2,0.60,4,3,+1,+0.38,+1.71,1.7,2.3,-0.6,-0.24,+0.82,0,2,0,0,6,1,14.3
Caleb Okoli,Leicester City,it ITA,DF,23,2001,19,12,1125.0,12.5,1,0,1,1,0,0,4,0,0.6,0.6,0.0,0.6,3,32,2,0.08,0.00,0.08,0.08,0.08,0.05,0.00,0.05,0.05,0.05,Matches,N/A,N/A,N/A,N/A,N/A,N/A,N/A,N/A,N/A,N/A,N/A,N/A,N/A,N/A,N/A,N/A,N/A,N/A,N/A,N/A,N/A,N/A,N/A,N/A,N/A,N/A,N/A,N/A,N/A,N/A,N/A,N/A,N/A,N/A,N/A,N/A,N/A,4,2,50.0,0.32,0.16,0.25,0.50,13.5,0.15,+0.4,+0.4,9749,3849,243,91.4,273,301,90.7,36,65,55.4,0.2,0.0,0,21,1,0,597,51,1,3,1,4,0,0,0,0,8,4,0.32,4,0,0,0,0,0,0.00,0,0,0,0,0,0,25,14,8,15,2,11,61.1,7,10,15,40,79,3,806,152,10,0,N/A,0,N/A,468,0,10,2,484,59,32.9,85,8,7,16,18,0.53,15,26,-11,-0.88,+0.53,11.8,27.0,-15.2,-1.21,-0.27,0,16,0,0,44,23,52.3
Robin Olsen,Aston Villa,se SWE,GK,34,1990,4,1,226.0,2.5,0,0,0,0,0,0,0,0,0.0,0.0,0.0,0.0,0,0,0,0.00,0.00,0.00,0.00,0.00,0.00,0.00,0.00,0.00,0.00,Matches,6,2.39,14,8,64.3,1,0,0,1,100.0,1,0,0,0.0,0,0,0,6.3,0.40,+0.3,+0.12,19,54,35.2,75,1,42.7,35.9,26,84.6,60.0,40,3,7.5,0,0.00,8.6,0,0,N/A,0.00,0.00,N/A,N/A,N/A,N/A,0.0,0.0,2083,1590,11,100.0,32,32,100.0,22,58,37.9,0.0,0.0,0,4,0,0,65,36,0,0,0,0,0,0,0,0,0,2,0.80,0,2,0,0,0,1,0.40,0,1,0,0,0,0,1,0,1,0,0,1,100.0,0,0,0,1,2,1,110,94,0,0,N/A,0,N/A,50,0,0,0,46,57,6.6,90,1,3,45,26,0.75,2,6,-4,-1.59,-1.90,2.5,5.5,-2.9,-1.17,-1.42,0,0,0,0,2,0,N/A
Amadou Onana,Aston Villa,be BEL,MF,22,2001,26,20,1617.0,18.0,3,0,3,3,0,0,4,0,2.1,2.1,0.7,2.8,29,75,16,0.17,0.00,0.17,0.17,0.17,0.12,0.04,0.16,0.12,0.16,Matches,N/A,N/A,N/A,N/A,N/A,N/A,N/A,N/A,N/A,N/A,N/A,N/A,N/A,N/A,N/A,N/A,N/A,N/A,N/A,N/A,N/A,N/A,N/A,N/A,N/A,N/A,N/A,N/A,N/A,N/A,N/A,N/A,N/A,N/A,N/A,N/A,N/A,17,6,35.3,0.95,0.33,0.18,0.50,14.7,0.12,+0.9,+0.9,11058,2897,365,92.9,290,325,89.2,34,48,70.8,0.8,-0.7,10,69,12,2,796,5,3,0,2,0,0,0,0,1,11,32,1.78,25,2,1,0,0,4,0.22,2,1,0,1,0,0,55,30,23,26,6,16,55.2,13,9,26,81,41,3,998,71,23,14,70.0,3,15.0,553,1,11,9,671,62,47.3,74,7,6,24,2,1.77,25,23,+2,+0.11,-0.14,24.1,23.4,+0.8,+0.04,-0.21,0,32,0,0,72,32,60.4
André Onana,Manchester Utd,cm CMR,GK,28,1996,34,34,3060.0,34.0,0,0,0,0,0,0,0,0,0.0,0.0,0.2,0.2,0,1,0,0.00,0.00,0.00,0.00,0.00,0.00,0.00,0.00,0.00,0.00,Matches,44,1.29,132,88,68.9,10,9,15,9,26.5,3,1,0,25.0,1,10,1,44.0,0.31,+1.0,+0.03,118,440,26.8,1152,136,29.7,30.3,149,65.8,47.2,399,22,5.5,23,0.68,11.8,0,0,N/A,0.00,0.00,N/A,N/A,N/A,N/A,0.0,0.0,22819,13922,220,99.1,524,529,99.1,199,544,36.6,0.2,-0.2,1,28,0,0,1066,235,1,2,0,0,0,0,0,5,0,4,0.12,3,1,0,0,0,0,0.00,0,0,0,0,0,0,2,2,2,0,0,2,50.0,2,0,0,2,11,4,1371,1046,0,1,100.0,0,0.0,961,0,1,0,832,90,89.5,90,34,0,N/A,0,1.15,38,44,-6,-0.18,+0.82,45.3,46.8,-1.5,-0.04,-0.11,0,0,0,0,34,6,100.0
Paul Onuachu,Southampton,ng NGA,FW,30,1994,25,11,1050.0,11.7,4,1,5,4,0,0,4,0,3.6,3.6,0.5,4.1,7,13,40,0.34,0.09,0.43,0.34,0.43,0.31,0.04,0.35,0.31,0.35,Matches,N/A,N/A,N/A,N/A,N/A,N/A,N/A,N/A,N/A,N/A,N/A,N/A,N/A,N/A,N/A,N/A,N/A,N/A,N/A,N/A,N/A,N/A,N/A,N/A,N/A,N/A,N/A,N/A,N/A,N/A,N/A,N/A,N/A,N/A,N/A,N/A,N/A,34,15,44.1,2.91,1.29,0.12,0.27,10.4,0.11,+0.4,+0.4,2292,365,84,62.7,45,70,64.3,12,19,63.2,0.3,+0.5,8,13,2,0,261,0,0,4,0,0,0,0,0,2,8,9,0.77,8,0,0,0,0,1,0.09,1,0,0,0,0,0,7,2,1,5,1,3,42.9,4,5,1,8,16,1,440,17,67,8,30.8,14,53.8,214,2,50,36,358,42,30.7,72,4,14,19,3,0.36,11,26,-15,-1.29,+0.42,10.5,23.5,-13.0,-1.12,+0.37,0,28,0,0,19,93,61.2
Stefan Ortega,Manchester City,de GER,GK,31,1992,13,12,1100.0,12.2,0,0,0,0,0,0,1,0,0.0,0.0,0.0,0.0,0,0,0,0.00,0.00,0.00,0.00,0.00,0.00,0.00,0.00,0.00,0.00,Matches,18,1.47,50,33,68.0,5,4,3,3,25.0,2,0,0,0.0,1,1,1,16.3,0.31,-0.7,-0.06,40,104,38.5,409,55,21.5,26.7,49,32.7,28.2,133,6,4.5,12,0.98,14.3,0,0,N/A,0.00,0.00,N/A,N/A,N/A,N/A,0.0,0.0,8327,5597,102,97.1,190,196,96.9,79,154,51.3,0.0,0.0,0,6,0,0,388,70,0,2,0,0,0,0,0,1,1,0,0.00,0,0,0,0,0,0,0.00,0,0,0,0,0,0,0,0,0,0,0,0,0.0,1,0,0,0,11,1,492,383,0,0,N/A,0,N/A,323,0,0,0,309,85,32.2,90,12,1,20,25,1.69,23,18,+5,+0.41,-0.48,19.1,19.0,+0.1,+0.01,-0.78,0,1,0,1,8,2,100.0
William Osula,Newcastle Utd,dk DEN,FW,20,2003,14,0,134.0,1.5,1,0,1,1,0,0,0,0,0.2,0.2,0.1,0.3,5,4,17,0.67,0.00,0.67,0.67,0.67,0.11,0.10,0.21,0.11,0.21,Matches,N/A,N/A,N/A,N/A,N/A,N/A,N/A,N/A,N/A,N/A,N/A,N/A,N/A,N/A,N/A,N/A,N/A,N/A,N/A,N/A,N/A,N/A,N/A,N/A,N/A,N/A,N/A,N/A,N/A,N/A,N/A,N/A,N/A,N/A,N/A,N/A,N/A,4,1,25.0,2.69,0.67,0.25,1.00,13.5,0.04,+0.8,+0.8,200,68,14,70.0,3,5,60.0,0,1,0.0,0.1,-0.1,2,2,1,0,27,2,0,0,4,0,0,0,0,0,0,4,2.69,3,0,0,0,1,0,0.00,0,0,0,0,0,0,2,0,1,0,1,0,0.0,2,0,4,6,2,0,56,1,8,3,50.0,3,50.0,37,2,7,6,42,10,3.9,N/A,0,14,10,24,1.29,1,3,-2,-1.34,-1.97,2.4,3.3,-0.9,-0.63,-1.16,0,4,0,0,2,6,75.0
Dango Ouattara,Bournemouth,bf BFA,FW,22,2002,32,21,2005.0,22.3,7,4,11,7,0,0,3,0,8.4,8.4,5.5,13.8,79,43,191,0.31,0.18,0.49,0.31,0.49,0.38,0.25,0.62,0.38,0.62,Matches,N/A,N/A,N/A,N/A,N/A,N/A,N/A,N/A,N/A,N/A,N/A,N/A,N/A,N/A,N/A,N/A,N/A,N/A,N/A,N/A,N/A,N/A,N/A,N/A,N/A,N/A,N/A,N/A,N/A,N/A,N/A,N/A,N/A,N/A,N/A,N/A,N/A,62,20,32.3,2.78,0.90,0.11,0.35,13.5,0.14,-1.4,-1.4,5725,1706,210,72.9,120,193,62.2,25,67,37.3,3.3,-1.5,35,21,26,11,579,30,5,5,88,26,1,0,0,3,22,72,3.23,57,0,3,1,1,6,0.27,4,0,1,1,0,0,35,26,14,11,10,17,41.5,24,26,11,46,51,0,959,62,128,39,47.6,34,41.5,492,38,63,32,577,63,58.6,81,7,11,27,0,1.56,36,23,+13,+0.58,+0.65,35.9,31.2,+4.7,+0.21,-0.48,0,16,0,0,92,45,41.7
Nico O’Reilly,Manchester City,eng ENG,DF,19,2005,9,6,528.0,5.9,2,0,2,2,0,0,0,0,1.3,1.3,0.4,1.6,16,17,26,0.34,0.00,0.34,0.34,0.34,0.22,0.06,0.28,0.22,0.28,Matches,N/A,N/A,N/A,N/A,N/A,N/A,N/A,N/A,N/A,N/A,N/A,N/A,N/A,N/A,N/A,N/A,N/A,N/A,N/A,N/A,N/A,N/A,N/A,N/A,N/A,N/A,N/A,N/A,N/A,N/A,N/A,N/A,N/A,N/A,N/A,N/A,N/A,8,3,37.5,1.36,0.51,0.25,0.67,15.4,0.16,+0.7,+0.7,4042,780,209,92.5,88,109,80.7,3,7,42.9,0.7,-0.4,4,28,1,1,311,41,1,0,8,36,0,0,0,1,3,12,2.05,9,1,1,1,0,2,0.34,2,0,0,0,0,0,9,4,3,3,3,4,50.0,4,4,4,13,12,0,419,14,18,9,60.0,6,40.0,249,0,14,15,298,59,15.4,82,4,3,13,21,2.56,12,3,+9,+1.53,+0.94,11.1,5.5,+5.7,+0.97,+0.51,0,6,0,0,31,6,40.0
Alex Palmer,Ipswich Town,eng ENG,GK,27,1996,13,13,1170.0,13.0,0,0,0,0,0,0,2,0,0.0,0.0,0.0,0.0,0,1,0,0.00,0.00,0.00,0.00,0.00,0.00,0.00,0.00,0.00,0.00,Matches,30,2.31,71,43,59.2,1,3,9,0,0.0,1,0,0,0.0,0,9,2,25.1,0.35,-2.9,-0.22,71,186,38.2,329,55,36.8,33.9,94,69.1,50.8,249,20,8.0,13,1.00,11.5,0,0,N/A,0.00,0.00,N/A,N/A,N/A,N/A,0.0,0.0,8545,6103,60,96.8,142,142,100.0,96,218,44.0,0.0,0.0,1,8,0,0,287,136,0,0,0,0,0,0,0,0,1,3,0.23,3,0,0,0,0,0,0.00,0,0,0,0,0,0,0,0,0,0,0,0,N/A,0,0,0,0,12,0,470,396,0,0,N/A,0,N/A,210,0,2,0,170,90,34.2,90,13,0,N/A,0,0.46,13,30,-17,-1.31,-0.15,11.3,23.7,-12.4,-0.95,+0.09,0,1,0,0,17,5,100.0
Cole Palmer,Chelsea,eng ENG,"MF,FW",22,2002,37,36,3191.0,35.5,15,8,23,11,4,5,7,0,17.3,13.3,10.9,24.2,120,214,187,0.42,0.23,0.65,0.31,0.54,0.49,0.31,0.79,0.38,0.68,Matches,N/A,N/A,N/A,N/A,N/A,N/A,N/A,N/A,N/A,N/A,N/A,N/A,N/A,N/A,N/A,N/A,N/A,N/A,N/A,N/A,N/A,N/A,N/A,N/A,N/A,N/A,N/A,N/A,N/A,N/A,N/A,N/A,N/A,N/A,N/A,N/A,N/A,121,44,36.4,3.41,1.24,0.09,0.25,20.4,0.11,-2.3,-2.3,21582,5611,470,86.1,470,555,84.7,173,289,59.9,9.1,-2.9,87,163,64,17,1273,198,22,14,144,17,49,5,0,9,48,202,5.70,134,21,16,8,2,15,0.42,11,0,2,1,1,0,34,20,12,10,12,12,44.4,15,15,11,45,20,1,1851,23,144,51,45.1,46,40.7,1173,41,71,37,1366,86,93.3,88,26,1,32,0,1.86,63,41,+22,+0.62,+1.01,64.8,44.1,+20.7,+0.58,+0.65,0,15,1,0,106,2,22.2
Emerson Palmieri,West Ham,it ITA,DF,29,1994,31,26,2113.0,23.5,2,1,3,2,0,0,5,0,2.0,2.0,1.5,3.4,47,66,83,0.09,0.04,0.13,0.09,0.13,0.08,0.06,0.15,0.08,0.15,Matches,N/A,N/A,N/A,N/A,N/A,N/A,N/A,N/A,N/A,N/A,N/A,N/A,N/A,N/A,N/A,N/A,N/A,N/A,N/A,N/A,N/A,N/A,N/A,N/A,N/A,N/A,N/A,N/A,N/A,N/A,N/A,N/A,N/A,N/A,N/A,N/A,N/A,16,7,43.8,0.68,0.30,0.13,0.29,19.0,0.12,0.0,0.0,12546,4549,515,89.7,283,348,81.3,43,102,42.2,2.2,-0.5,16,51,13,5,887,185,1,2,64,140,7,15,0,5,23,41,1.75,25,11,0,2,1,2,0.09,1,1,0,0,0,0,60,31,37,18,5,27,56.3,21,24,21,81,59,0,1325,82,28,10,33.3,17,56.7,555,9,24,7,747,68,61.8,77,7,5,24,4,1.16,32,41,-9,-0.38,+0.10,28.0,37.1,-9.1,-0.39,-0.14,0,25,0,0,84,18,47.4
Lucas Paquetá,West Ham,br BRA,"MF,FW",26,1997,33,27,2380.0,26.4,4,0,4,2,2,2,10,0,5.3,3.7,3.1,6.8,26,155,85,0.15,0.00,0.15,0.08,0.08,0.20,0.12,0.32,0.14,0.26,Matches,N/A,N/A,N/A,N/A,N/A,N/A,N/A,N/A,N/A,N/A,N/A,N/A,N/A,N/A,N/A,N/A,N/A,N/A,N/A,N/A,N/A,N/A,N/A,N/A,N/A,N/A,N/A,N/A,N/A,N/A,N/A,N/A,N/A,N/A,N/A,N/A,N/A,39,3,7.7,1.47,0.11,0.05,0.67,19.5,0.10,-1.3,-1.7,18683,6014,590,84.3,389,494,78.7,119,184,64.7,3.3,-3.1,36,132,44,4,1367,81,18,12,29,12,1,3,0,8,26,82,3.10,68,2,2,5,1,6,0.23,3,0,0,2,1,0,66,37,25,30,11,27,49.1,28,25,18,84,37,6,1796,62,59,21,44.7,21,44.7,921,2,54,51,1268,72,69.6,82,16,6,29,1,0.94,34,50,-16,-0.61,-0.61,28.7,42.9,-14.2,-0.54,-0.67,0,53,0,1,149,48,45.7
Thomas Partey,Arsenal,gh GHA,"MF,DF",31,1993,35,31,2797.0,31.1,4,2,6,4,0,0,4,0,2.3,2.3,2.1,4.3,36,185,48,0.13,0.06,0.19,0.13,0.19,0.07,0.07,0.14,0.07,0.14,Matches,N/A,N/A,N/A,N/A,N/A,N/A,N/A,N/A,N/A,N/A,N/A,N/A,N/A,N/A,N/A,N/A,N/A,N/A,N/A,N/A,N/A,N/A,N/A,N/A,N/A,N/A,N/A,N/A,N/A,N/A,N/A,N/A,N/A,N/A,N/A,N/A,N/A,26,9,34.6,0.84,0.29,0.15,0.44,19.2,0.09,+1.7,+1.7,26697,7155,874,92.8,682,767,88.9,91,143,63.6,2.6,-0.1,20,168,33,2,1819,95,6,4,12,62,0,0,0,6,13,62,2.00,52,2,1,1,4,13,0.42,8,2,0,1,1,1,89,53,26,39,24,46,60.5,30,20,35,124,49,4,2193,74,33,24,68.6,9,25.7,1256,3,24,17,1561,80,81.8,88,25,4,19,2,1.91,52,30,+22,+0.71,-1.17,43.7,30.3,+13.4,+0.43,-1.31,0,45,0,0,138,28,50.9
Nathan Patterson,Everton,sct SCO,DF,22,2001,10,3,347.0,3.9,0,1,1,0,0,0,1,0,0.1,0.1,0.4,0.5,6,13,18,0.00,0.26,0.26,0.00,0.26,0.02,0.11,0.13,0.02,0.13,Matches,N/A,N/A,N/A,N/A,N/A,N/A,N/A,N/A,N/A,N/A,N/A,N/A,N/A,N/A,N/A,N/A,N/A,N/A,N/A,N/A,N/A,N/A,N/A,N/A,N/A,N/A,N/A,N/A,N/A,N/A,N/A,N/A,N/A,N/A,N/A,N/A,N/A,1,0,0.0,0.26,0.00,0.00,N/A,16.8,0.07,-0.1,-0.1,2272,806,65,90.3,52,75,69.3,12,24,50.0,0.4,+0.6,4,9,5,3,134,42,1,0,14,42,0,0,0,0,0,11,2.85,8,1,2,0,0,1,0.26,1,0,0,0,0,0,11,6,7,4,0,7,50.0,7,2,2,13,7,0,215,11,5,9,75.0,2,16.7,95,2,4,2,117,35,10.1,73,0,7,18,18,1.20,4,6,-2,-0.52,-0.52,3.5,4.4,-0.9,-0.24,-0.14,0,6,0,0,12,1,12.5
Andreas Pereira,Fulham,br BRA,MF,28,1996,33,25,2013.0,22.4,2,4,6,2,0,1,7,0,3.8,3.0,4.6,7.6,29,104,81,0.09,0.18,0.27,0.09,0.27,0.17,0.21,0.38,0.14,0.34,Matches,N/A,N/A,N/A,N/A,N/A,N/A,N/A,N/A,N/A,N/A,N/A,N/A,N/A,N/A,N/A,N/A,N/A,N/A,N/A,N/A,N/A,N/A,N/A,N/A,N/A,N/A,N/A,N/A,N/A,N/A,N/A,N/A,N/A,N/A,N/A,N/A,N/A,38,8,21.1,1.70,0.36,0.05,0.25,21.8,0.08,-1.8,-1.0,12139,3902,310,83.6,258,326,79.1,89,218,40.8,4.6,-0.6,57,67,19,4,761,205,5,8,171,9,53,47,0,4,26,104,4.65,54,41,0,4,1,8,0.36,4,2,0,0,2,0,24,13,8,11,5,10,23.8,32,15,8,32,17,3,1148,22,46,14,46.7,8,26.7,578,9,29,22,676,61,58.9,74,3,8,22,2,1.39,31,32,-1,-0.04,-0.11,29.3,27.1,+2.2,+0.10,+0.13,0,28,1,0,100,13,36.1
Ricardo Pereira,Leicester City,pt POR,DF,30,1993,10,4,388.0,4.3,0,0,0,0,0,0,1,0,0.1,0.1,0.0,0.1,3,18,5,0.00,0.00,0.00,0.00,0.00,0.02,0.00,0.02,0.02,0.02,Matches,N/A,N/A,N/A,N/A,N/A,N/A,N/A,N/A,N/A,N/A,N/A,N/A,N/A,N/A,N/A,N/A,N/A,N/A,N/A,N/A,N/A,N/A,N/A,N/A,N/A,N/A,N/A,N/A,N/A,N/A,N/A,N/A,N/A,N/A,N/A,N/A,N/A,2,1,50.0,0.46,0.23,0.00,0.00,17.0,0.05,-0.1,-0.1,3368,956,98,88.3,91,108,84.3,13,15,86.7,0.1,0.0,0,19,1,0,207,40,0,1,3,34,0,0,0,1,3,3,0.70,3,0,0,0,0,0,0.00,0,0,0,0,0,0,13,8,4,6,3,7,50.0,7,5,4,17,11,0,296,17,5,6,66.7,2,22.2,151,2,3,1,172,39,11.3,68,0,6,19,8,0.50,3,8,-5,-1.16,+0.09,3.1,7.0,-3.9,-0.90,+0.15,0,6,0,0,19,4,66.7
Kalvin Phillips,Ipswich Town,eng ENG,MF,28,1995,19,14,1237.0,13.7,0,0,0,0,0,0,6,1,0.4,0.4,0.2,0.7,4,51,4,0.00,0.00,0.00,0.00,0.00,0.03,0.02,0.05,0.03,0.05,Matches,N/A,N/A,N/A,N/A,N/A,N/A,N/A,N/A,N/A,N/A,N/A,N/A,N/A,N/A,N/A,N/A,N/A,N/A,N/A,N/A,N/A,N/A,N/A,N/A,N/A,N/A,N/A,N/A,N/A,N/A,N/A,N/A,N/A,N/A,N/A,N/A,N/A,11,2,18.2,0.80,0.15,0.00,0.00,24.3,0.04,-0.4,-0.4,8581,2474,162,83.1,208,240,86.7,60,98,61.2,0.5,-0.2,5,49,6,1,510,40,1,6,20,2,8,2,1,1,9,17,1.24,13,3,0,0,0,3,0.22,3,0,0,0,0,0,35,19,8,20,7,15,38.5,24,29,19,54,37,2,739,61,5,5,41.7,6,50.0,310,0,25,10,394,65,36.2,82,6,5,19,6,0.68,12,29,-17,-1.24,-0.04,9.8,26.7,-16.8,-1.23,-0.34,1,28,0,0,68,7,24.1
Jaden Philogene Bidace,Aston Villa,eng ENG,"FW,MF",22,2002,11,2,332.0,3.7,0,0,0,0,0,0,4,1,0.5,0.5,0.3,0.8,7,4,17,0.00,0.00,0.00,0.00,0.00,0.13,0.08,0.20,0.13,0.20,Matches,N/A,N/A,N/A,N/A,N/A,N/A,N/A,N/A,N/A,N/A,N/A,N/A,N/A,N/A,N/A,N/A,N/A,N/A,N/A,N/A,N/A,N/A,N/A,N/A,N/A,N/A,N/A,N/A,N/A,N/A,N/A,N/A,N/A,N/A,N/A,N/A,N/A,7,0,0.0,1.90,0.00,0.00,N/A,16.0,0.07,-0.5,-0.5,850,161,40,81.6,18,21,85.7,2,3,66.7,0.2,-0.3,1,1,3,0,85,1,1,0,4,1,0,0,0,0,9,5,1.36,3,0,0,1,1,0,0.00,0,0,0,0,0,0,11,5,4,7,0,4,66.7,2,5,3,14,2,1,145,4,14,4,26.7,8,53.3,75,7,7,3,83,30,9.7,78,1,9,20,3,1.64,2,5,-3,-0.81,-1.10,4.7,4.7,0.0,-0.01,-0.18,1,12,0,0,21,0,0.0
Jaden Philogene Bidace,Ipswich Town,eng ENG,"FW,DF",22,2002,10,5,474.0,5.3,2,0,2,2,0,0,1,0,2.0,2.0,0.2,2.2,13,10,36,0.38,0.00,0.38,0.38,0.38,0.37,0.05,0.42,0.37,0.42,Matches,N/A,N/A,N/A,N/A,N/A,N/A,N/A,N/A,N/A,N/A,N/A,N/A,N/A,N/A,N/A,N/A,N/A,N/A,N/A,N/A,N/A,N/A,N/A,N/A,N/A,N/A,N/A,N/A,N/A,N/A,N/A,N/A,N/A,N/A,N/A,N/A,N/A,12,5,41.7,2.28,0.95,0.17,0.40,16.4,0.17,0.0,0.0,1536,414,54,84.4,30,41,73.2,6,12,50.0,0.2,-0.2,5,7,4,3,129,1,0,1,13,1,0,0,0,1,5,9,1.71,6,0,1,1,0,0,0.00,0,0,0,0,0,0,14,7,6,6,2,8,53.3,7,10,10,24,9,1,220,10,18,5,27.8,11,61.1,127,5,11,10,133,47,13.9,81,2,5,14,1,0.40,3,17,-14,-2.66,-1.68,4.5,9.5,-4.9,-0.94,+0.08,0,8,0,0,23,5,62.5
Jordan Pickford,Everton,eng ENG,GK,30,1994,38,38,3420.0,38.0,0,1,1,0,0,0,7,0,0.0,0.0,0.4,0.4,0,0,0,0.00,0.03,0.03,0.00,0.03,0.00,0.01,0.01,0.00,0.01,Matches,44,1.16,163,117,73.0,11,15,12,12,31.6,0,2,0,100.0,1,6,0,48.8,0.30,+4.8,+0.13,304,806,37.7,1355,161,48.8,39.7,231,62.8,48.7,558,31,5.6,57,1.50,15.2,0,0,N/A,0.00,0.00,N/A,N/A,N/A,N/A,0.0,0.0,33692,25121,152,99.3,459,466,98.5,445,966,46.1,0.2,+0.6,2,74,8,0,1167,419,0,7,0,0,0,0,0,9,0,13,0.34,12,1,0,0,0,2,0.05,2,0,0,0,0,0,1,0,1,0,0,1,50.0,1,0,1,2,30,2,1708,1116,0,0,N/A,0,N/A,989,0,2,0,871,90,100.0,90,38,0,N/A,0,1.26,42,44,-2,-0.05,N/A,41.8,46.2,-4.5,-0.12,N/A,0,0,0,0,36,5,83.3
Ethan Pinnock,Brentford,jm JAM,DF,31,1993,22,21,1913.0,21.3,2,0,2,2,0,0,2,0,1.1,1.1,1.2,2.3,3,41,9,0.09,0.00,0.09,0.09,0.09,0.05,0.05,0.11,0.05,0.11,Matches,N/A,N/A,N/A,N/A,N/A,N/A,N/A,N/A,N/A,N/A,N/A,N/A,N/A,N/A,N/A,N/A,N/A,N/A,N/A,N/A,N/A,N/A,N/A,N/A,N/A,N/A,N/A,N/A,N/A,N/A,N/A,N/A,N/A,N/A,N/A,N/A,N/A,10,6,60.0,0.47,0.28,0.20,0.33,11.1,0.11,+0.9,+0.9,17045,6094,360,94.2,472,528,89.4,84,145,57.9,0.7,-1.2,8,48,4,1,954,126,0,0,9,39,0,0,0,0,8,21,0.99,13,5,0,1,0,0,0.00,0,0,0,0,0,0,35,19,15,16,4,13,54.2,11,11,24,59,142,4,1348,294,24,3,33.3,6,66.7,633,0,2,4,760,87,55.9,90,20,1,31,9,1.50,40,35,+5,+0.24,0.00,31.4,33.9,-2.4,-0.11,-0.47,0,8,0,1,50,63,59.4
Nick Pope,Newcastle Utd,eng ENG,GK,32,1992,28,28,2520.0,28.0,0,0,0,0,0,0,2,0,0.0,0.0,0.0,0.0,0,1,0,0.00,0.00,0.00,0.00,0.00,0.00,0.00,0.00,0.00,0.00,Matches,35,1.25,120,86,71.7,13,6,9,8,28.6,1,1,0,50.0,0,3,2,34.8,0.28,+1.8,+0.06,72,257,28.0,595,192,25.7,30.7,187,55.6,43.6,359,39,10.9,64,2.29,16.0,0,0,N/A,0.00,0.00,N/A,N/A,N/A,N/A,0.0,0.0,14597,8818,120,99.2,300,305,98.4,151,351,43.0,0.0,0.0,1,2,0,0,528,254,0,0,0,0,0,0,0,0,0,7,0.25,6,1,0,0,0,0,0.00,0,0,0,0,0,0,0,0,0,0,0,0,N/A,0,1,1,1,32,5,872,688,0,0,N/A,0,N/A,439,0,0,1,305,90,73.7,90,28,0,N/A,3,1.61,45,35,+10,+0.36,-0.74,43.6,34.7,+8.9,+0.32,-0.62,0,2,0,2,24,11,91.7
Pedro Porro,Tottenham,es ESP,DF,24,1999,33,28,2610.0,29.0,2,6,8,2,0,0,5,0,1.6,1.6,5.0,6.6,65,154,109,0.07,0.21,0.28,0.07,0.28,0.05,0.17,0.23,0.05,0.23,Matches,N/A,N/A,N/A,N/A,N/A,N/A,N/A,N/A,N/A,N/A,N/A,N/A,N/A,N/A,N/A,N/A,N/A,N/A,N/A,N/A,N/A,N/A,N/A,N/A,N/A,N/A,N/A,N/A,N/A,N/A,N/A,N/A,N/A,N/A,N/A,N/A,N/A,39,8,20.5,1.34,0.28,0.05,0.25,23.0,0.04,+0.4,+0.4,24256,9602,674,87.6,541,680,79.6,142,327,43.4,4.6,+1.0,57,124,57,27,1530,355,4,16,196,249,4,44,0,7,75,108,3.72,72,23,3,4,1,8,0.28,4,3,1,0,0,0,66,49,34,22,10,44,57.1,33,27,36,102,84,2,2237,128,32,14,35.0,24,60.0,1187,5,25,18,1291,79,76.3,89,24,5,26,5,1.12,54,47,+7,+0.24,+1.13,48.6,50.2,-1.6,-0.05,+0.27,0,25,0,0,152,12,34.3
Jarell Quansah,Liverpool,eng ENG,DF,21,2003,13,4,495.0,5.5,0,0,0,0,0,0,2,0,0.1,0.1,0.1,0.2,3,19,4,0.00,0.00,0.00,0.00,0.00,0.02,0.02,0.04,0.02,0.04,Matches,N/A,N/A,N/A,N/A,N/A,N/A,N/A,N/A,N/A,N/A,N/A,N/A,N/A,N/A,N/A,N/A,N/A,N/A,N/A,N/A,N/A,N/A,N/A,N/A,N/A,N/A,N/A,N/A,N/A,N/A,N/A,N/A,N/A,N/A,N/A,N/A,N/A,1,0,0.0,0.18,0.00,0.00,N/A,8.9,0.10,-0.1,-0.1,6327,2038,137,97.2,196,212,92.5,20,32,62.5,0.2,-0.1,2,22,1,0,360,32,0,1,2,12,0,0,0,0,2,3,0.55,3,0,0,0,0,0,0.00,0,0,0,0,0,0,12,8,8,4,0,7,70.0,3,3,7,19,28,1,464,80,6,1,33.3,2,66.7,268,1,5,2,321,38,14.5,79,3,9,20,25,2.08,13,12,+1,+0.18,-1.17,10.3,10.3,0.0,-0.01,-1.35,0,9,0,1,19,7,41.2
Aaron Ramsdale,Southampton,eng ENG,GK,26,1998,30,30,2700.0,30.0,0,0,0,0,0,0,2,0,0.0,0.0,0.0,0.0,0,0,0,0.00,0.00,0.00,0.00,0.00,0.00,0.00,0.00,0.00,0.00,Matches,66,2.20,188,120,67.6,2,5,23,3,10.0,5,2,0,28.6,0,10,0,63.5,0.32,-2.5,-0.08,196,605,32.4,1026,129,44.6,36.0,190,77.4,55.9,457,25,5.5,20,0.67,11.7,0,0,N/A,0.00,0.00,N/A,N/A,N/A,N/A,0.0,0.0,21949,16992,209,99.5,302,313,96.5,257,686,37.5,0.1,0.0,0,36,1,0,918,298,0,4,0,0,0,0,0,7,1,3,0.10,2,1,0,0,0,0,0.00,0,0,0,0,0,0,0,0,0,0,0,0,0.0,3,0,2,2,10,3,1314,946,0,0,N/A,0,N/A,786,0,3,0,702,90,78.9,90,30,0,N/A,0,0.37,21,66,-45,-1.50,+0.38,25.0,64.9,-39.8,-1.33,+0.21,0,1,0,0,23,6,100.0
Jacob Ramsey,Aston Villa,eng ENG,"FW,MF",23,2001,29,19,1623.0,18.0,1,3,4,1,0,0,4,1,1.6,1.6,2.3,3.9,61,68,114,0.06,0.17,0.22,0.06,0.22,0.09,0.13,0.22,0.09,0.22,Matches,N/A,N/A,N/A,N/A,N/A,N/A,N/A,N/A,N/A,N/A,N/A,N/A,N/A,N/A,N/A,N/A,N/A,N/A,N/A,N/A,N/A,N/A,N/A,N/A,N/A,N/A,N/A,N/A,N/A,N/A,N/A,N/A,N/A,N/A,N/A,N/A,N/A,19,4,21.1,1.05,0.22,0.05,0.25,16.8,0.08,-0.6,-0.6,6645,1578,334,91.3,133,159,83.6,15,20,75.0,2.2,+0.7,21,31,21,1,581,2,3,3,12,2,0,0,0,3,15,51,2.83,40,0,4,6,0,8,0.44,7,0,0,0,1,0,30,15,14,10,6,10,50.0,10,19,8,38,8,1,762,12,74,25,54.3,13,28.3,496,21,42,23,577,56,47.5,68,2,10,34,0,1.79,25,26,-1,-0.06,-0.46,24.7,23.9,+0.8,+0.04,-0.22,1,13,1,0,83,7,35.0
Marcus Rashford,Manchester Utd,eng ENG,"FW,MF",26,1997,15,12,978.0,10.9,4,1,5,4,0,0,2,0,1.7,1.7,2.1,3.8,20,21,79,0.37,0.09,0.46,0.37,0.46,0.16,0.19,0.35,0.16,0.35,Matches,N/A,N/A,N/A,N/A,N/A,N/A,N/A,N/A,N/A,N/A,N/A,N/A,N/A,N/A,N/A,N/A,N/A,N/A,N/A,N/A,N/A,N/A,N/A,N/A,N/A,N/A,N/A,N/A,N/A,N/A,N/A,N/A,N/A,N/A,N/A,N/A,N/A,16,9,56.3,1.47,0.83,0.25,0.44,16.4,0.11,+2.3,+2.3,3508,868,168,83.6,56,85,65.9,14,28,50.0,1.4,-1.1,15,13,16,8,334,9,6,5,27,4,1,0,0,0,10,29,2.67,24,1,2,0,0,1,0.09,1,0,0,0,0,0,7,4,2,2,3,3,33.3,6,8,4,11,7,0,440,3,34,9,23.1,26,66.7,293,12,14,6,341,65,28.6,74,4,3,31,1,1.27,15,9,+6,+0.55,+1.14,15.2,14.5,+0.7,+0.06,+0.13,0,8,0,0,24,5,41.7
Marcus Rashford,Aston Villa,eng ENG,FW,26,1997,10,4,444.0,4.9,2,2,4,1,1,1,0,0,3.1,2.3,2.3,4.5,22,13,42,0.41,0.41,0.81,0.20,0.61,0.62,0.46,1.08,0.46,0.92,Matches,N/A,N/A,N/A,N/A,N/A,N/A,N/A,N/A,N/A,N/A,N/A,N/A,N/A,N/A,N/A,N/A,N/A,N/A,N/A,N/A,N/A,N/A,N/A,N/A,N/A,N/A,N/A,N/A,N/A,N/A,N/A,N/A,N/A,N/A,N/A,N/A,N/A,18,5,27.8,3.65,1.01,0.06,0.20,19.4,0.13,-1.1,-1.3,1772,447,67,87.0,36,47,76.6,9,25,36.0,2.1,-0.3,13,2,9,2,134,29,3,1,28,1,15,0,0,1,9,27,5.49,14,5,3,3,0,3,0.61,2,0,0,1,0,0,10,7,2,3,5,4,66.7,2,2,1,11,3,0,227,2,30,9,40.9,13,59.1,127,15,8,1,149,44,13.0,68,0,6,29,0,2.00,7,6,+1,+0.20,+0.02,8.9,6.9,+2.0,+0.41,+0.29,0,1,0,0,14,1,11.1
David Raya,Arsenal,es ESP,GK,28,1995,38,38,3420.0,38.0,0,0,0,0,0,0,3,0,0.0,0.0,0.0,0.0,0,14,0,0.00,0.00,0.00,0.00,0.00,0.00,0.00,0.00,0.00,0.00,Matches,34,0.89,120,86,74.2,20,14,4,13,34.2,3,0,0,0.0,2,8,0,35.1,0.28,+1.1,+0.03,149,478,31.2,1263,178,29.9,29.9,147,68.0,49.1,402,53,13.2,66,1.74,17.2,0,0,N/A,0.00,0.00,N/A,N/A,N/A,N/A,0.0,0.0,24784,17222,285,99.0,537,548,98.0,215,570,37.7,0.1,0.0,1,45,3,0,1172,238,0,3,0,0,0,0,0,3,0,5,0.13,4,1,0,0,0,1,0.03,1,0,0,0,0,0,0,0,0,0,0,0,0.0,2,0,2,2,21,9,1480,880,0,1,100.0,0,0.0,921,0,1,0,841,90,100.0,90,38,0,N/A,0,1.95,69,34,+35,+0.92,N/A,59.9,34.4,+25.5,+0.67,N/A,0,1,0,1,41,13,100.0
Harrison Reed,Fulham,eng ENG,MF,29,1995,12,0,108.0,1.2,0,0,0,0,0,0,2,0,0.2,0.2,0.1,0.3,1,4,7,0.00,0.00,0.00,0.00,0.00,0.21,0.07,0.27,0.21,0.27,Matches,N/A,N/A,N/A,N/A,N/A,N/A,N/A,N/A,N/A,N/A,N/A,N/A,N/A,N/A,N/A,N/A,N/A,N/A,N/A,N/A,N/A,N/A,N/A,N/A,N/A,N/A,N/A,N/A,N/A,N/A,N/A,N/A,N/A,N/A,N/A,N/A,N/A,3,2,66.7,2.50,1.67,0.00,0.00,21.7,0.08,-0.2,-0.2,550,138,21,87.5,13,17,76.5,2,5,40.0,0.1,-0.1,1,1,1,0,46,8,0,0,6,0,0,1,0,1,3,1,0.89,0,1,0,0,0,0,0.00,0,0,0,0,0,0,6,3,3,2,1,1,33.3,2,1,1,7,3,0,78,2,5,0,0.0,1,50.0,31,0,2,2,38,9,3.2,N/A,0,12,9,14,1.75,1,3,-2,-1.67,-1.72,1.3,4.6,-3.3,-2.96,-3.10,0,6,0,1,10,1,33.3
Sergio Reguilón,Tottenham,es ESP,DF,27,1996,4,1,196.0,2.2,0,0,0,0,0,0,2,0,0.1,0.1,0.0,0.1,5,13,12,0.00,0.00,0.00,0.00,0.00,0.05,0.01,0.07,0.05,0.07,Matches,N/A,N/A,N/A,N/A,N/A,N/A,N/A,N/A,N/A,N/A,N/A,N/A,N/A,N/A,N/A,N/A,N/A,N/A,N/A,N/A,N/A,N/A,N/A,N/A,N/A,N/A,N/A,N/A,N/A,N/A,N/A,N/A,N/A,N/A,N/A,N/A,N/A,2,0,0.0,0.92,0.00,0.00,N/A,13.3,0.06,-0.1,-0.1,1503,540,42,77.8,46,60,76.7,4,17,23.5,0.3,0.0,1,13,2,1,116,19,0,0,12,16,1,1,0,1,4,1,0.46,1,0,0,0,0,0,0.00,0,0,0,0,0,0,4,3,1,3,0,2,40.0,3,7,4,8,8,0,167,9,3,2,33.3,1,16.7,88,1,2,1,97,49,5.7,73,0,3,41,10,0.25,0,3,-3,-1.38,-1.43,2.4,2.4,0.0,-0.01,+0.11,0,2,0,0,14,5,71.4
Declan Rice,Arsenal,eng ENG,MF,25,1999,35,33,2825.0,31.4,4,7,11,4,0,0,7,1,3.5,3.5,6.6,10.1,90,192,94,0.13,0.22,0.35,0.13,0.35,0.11,0.21,0.32,0.11,0.32,Matches,N/A,N/A,N/A,N/A,N/A,N/A,N/A,N/A,N/A,N/A,N/A,N/A,N/A,N/A,N/A,N/A,N/A,N/A,N/A,N/A,N/A,N/A,N/A,N/A,N/A,N/A,N/A,N/A,N/A,N/A,N/A,N/A,N/A,N/A,N/A,N/A,N/A,48,14,29.2,1.53,0.45,0.08,0.29,19.6,0.07,+0.5,+0.5,23402,6234,678,92.0,553,611,90.5,117,240,48.8,5.6,+0.4,59,137,35,5,1436,208,5,17,164,4,94,3,0,6,15,111,3.54,62,33,4,5,2,10,0.32,6,2,1,1,0,0,53,25,22,25,6,17,41.5,24,14,25,78,51,0,1948,82,81,14,48.3,14,48.3,1031,16,36,32,1266,81,82.6,84,23,2,23,1,1.91,56,28,+28,+0.89,-0.17,48.8,26.8,+22.0,+0.70,+0.17,1,21,0,0,156,37,59.7
Chris Richards,Crystal Palace,us USA,DF,24,2000,24,22,1922.0,21.4,1,0,1,1,0,0,4,1,1.4,1.4,0.1,1.5,6,39,2,0.05,0.00,0.05,0.05,0.05,0.06,0.00,0.07,0.06,0.07,Matches,N/A,N/A,N/A,N/A,N/A,N/A,N/A,N/A,N/A,N/A,N/A,N/A,N/A,N/A,N/A,N/A,N/A,N/A,N/A,N/A,N/A,N/A,N/A,N/A,N/A,N/A,N/A,N/A,N/A,N/A,N/A,N/A,N/A,N/A,N/A,N/A,N/A,12,6,50.0,0.56,0.28,0.08,0.17,10.8,0.12,-0.4,-0.4,12185,4230,276,88.5,340,384,88.5,56,123,45.5,0.6,-0.1,2,23,1,1,818,37,2,5,5,17,0,0,0,2,13,9,0.42,5,0,0,1,1,2,0.09,0,0,0,2,0,0,47,30,24,18,5,24,58.5,17,26,19,66,121,0,1118,134,18,1,16.7,5,83.3,517,0,5,5,614,80,56.2,87,18,2,6,5,1.54,30,31,-1,-0.05,-0.11,37.9,29.1,+8.8,+0.41,+0.26,1,11,1,0,51,48,53.9
Richarlison,Tottenham,br BRA,FW,27,1997,15,4,504.0,5.6,4,1,5,4,0,0,2,0,3.7,3.7,0.9,4.6,8,11,22,0.71,0.18,0.89,0.71,0.89,0.66,0.16,0.82,0.66,0.82,Matches,N/A,N/A,N/A,N/A,N/A,N/A,N/A,N/A,N/A,N/A,N/A,N/A,N/A,N/A,N/A,N/A,N/A,N/A,N/A,N/A,N/A,N/A,N/A,N/A,N/A,N/A,N/A,N/A,N/A,N/A,N/A,N/A,N/A,N/A,N/A,N/A,N/A,17,7,41.2,3.04,1.25,0.24,0.57,9.1,0.22,+0.3,+0.3,937,280,31,68.9,19,32,59.4,6,9,66.7,0.6,+0.1,4,8,4,2,97,6,0,3,7,0,0,0,0,0,6,8,1.43,5,0,0,1,0,1,0.18,1,0,0,0,0,0,5,3,0,4,1,0,0.0,3,0,0,5,8,0,173,8,29,1,6.3,14,87.5,89,3,9,8,120,34,14.7,72,1,11,20,2,0.93,11,9,+2,+0.36,+0.45,8.4,7.3,+1.0,+0.18,+0.35,0,7,0,0,11,10,30.3
Andrew Robertson,Liverpool,sct SCO,DF,30,1994,33,29,2482.0,27.6,0,1,1,0,0,0,3,1,1.2,1.2,4.6,5.8,64,176,108,0.00,0.04,0.04,0.00,0.04,0.04,0.17,0.21,0.04,0.21,Matches,N/A,N/A,N/A,N/A,N/A,N/A,N/A,N/A,N/A,N/A,N/A,N/A,N/A,N/A,N/A,N/A,N/A,N/A,N/A,N/A,N/A,N/A,N/A,N/A,N/A,N/A,N/A,N/A,N/A,N/A,N/A,N/A,N/A,N/A,N/A,N/A,N/A,15,2,13.3,0.54,0.07,0.00,0.00,14.9,0.08,-1.2,-1.2,26310,8406,760,94.3,672,779,86.3,110,237,46.4,4.3,-3.6,40,150,31,17,1579,300,4,6,147,191,41,11,0,6,35,80,2.90,68,9,1,0,1,4,0.14,4,0,0,0,0,0,39,22,25,10,4,31,60.8,20,6,21,60,54,2,2083,92,53,7,38.9,10,55.6,1107,6,25,13,1398,75,72.6,82,16,4,29,5,2.27,70,31,+39,+1.41,+0.84,61.0,27.3,+33.7,+1.22,+0.27,0,11,0,1,105,7,33.3
Antonee Robinson,Fulham,us USA,DF,26,1997,36,35,3167.0,35.2,0,10,10,0,0,0,8,0,0.7,0.7,4.2,4.9,118,131,274,0.00,0.28,0.28,0.00,0.28,0.02,0.12,0.14,0.02,0.14,Matches,N/A,N/A,N/A,N/A,N/A,N/A,N/A,N/A,N/A,N/A,N/A,N/A,N/A,N/A,N/A,N/A,N/A,N/A,N/A,N/A,N/A,N/A,N/A,N/A,N/A,N/A,N/A,N/A,N/A,N/A,N/A,N/A,N/A,N/A,N/A,N/A,N/A,16,2,12.5,0.45,0.06,0.00,0.00,22.1,0.04,-0.7,-0.7,27385,10017,763,86.6,678,853,79.5,134,239,56.1,4.1,+5.8,43,115,56,29,1781,289,1,5,170,272,0,0,0,6,47,80,2.27,74,1,2,0,1,11,0.31,11,0,0,0,0,0,95,61,57,31,7,45,47.4,50,34,62,157,133,2,2523,139,70,38,45.8,34,41.0,1343,30,44,20,1509,88,92.6,90,34,1,19,0,1.42,49,49,0,0.00,0.00,44.8,44.3,+0.4,+0.01,-0.48,0,31,0,0,157,50,65.8
Jay Robinson,Southampton,eng ENG,"MF,FW",17,2007,4,1,137.0,1.5,0,0,0,0,0,0,0,0,0.0,0.0,0.7,0.7,3,1,10,0.00,0.00,0.00,0.00,0.00,0.03,0.44,0.47,0.03,0.47,Matches,N/A,N/A,N/A,N/A,N/A,N/A,N/A,N/A,N/A,N/A,N/A,N/A,N/A,N/A,N/A,N/A,N/A,N/A,N/A,N/A,N/A,N/A,N/A,N/A,N/A,N/A,N/A,N/A,N/A,N/A,N/A,N/A,N/A,N/A,N/A,N/A,N/A,1,1,100.0,0.66,0.66,0.00,0.00,13.2,0.05,0.0,0.0,264,100,14,82.4,6,8,75.0,1,4,25.0,0.5,-0.7,3,1,1,0,34,0,0,0,1,0,0,0,0,0,2,8,5.26,4,0,3,0,0,1,0.66,0,0,0,1,0,0,4,1,3,0,1,1,100.0,0,0,0,4,1,0,54,4,5,6,54.5,5,45.5,33,1,1,6,29,34,4.0,78,0,3,20,1,0.00,1,2,-1,-0.66,+0.96,1.6,3.2,-1.6,-1.08,+0.30,0,3,0,0,12,0,0.0
Guido Rodríguez,West Ham,ar ARG,MF,30,1994,23,16,1149.0,12.8,0,1,1,0,0,0,6,0,0.2,0.2,0.2,0.4,4,33,7,0.00,0.08,0.08,0.00,0.08,0.02,0.01,0.03,0.02,0.03,Matches,N/A,N/A,N/A,N/A,N/A,N/A,N/A,N/A,N/A,N/A,N/A,N/A,N/A,N/A,N/A,N/A,N/A,N/A,N/A,N/A,N/A,N/A,N/A,N/A,N/A,N/A,N/A,N/A,N/A,N/A,N/A,N/A,N/A,N/A,N/A,N/A,N/A,8,1,12.5,0.63,0.08,0.00,0.00,27.8,0.03,-0.2,-0.2,8091,2164,239,87.9,195,215,90.7,38,59,64.4,0.2,+0.8,4,37,1,0,554,15,1,5,5,1,0,0,0,0,13,12,0.94,10,0,0,0,0,1,0.08,1,0,0,0,0,0,36,19,21,15,0,17,51.5,16,14,13,49,35,1,709,54,5,3,50.0,1,16.7,327,2,4,7,408,50,33.6,69,3,7,5,13,1.43,19,19,0,0.00,+0.63,17.5,20.6,-3.1,-0.25,+0.13,0,18,0,0,53,11,61.1
Mads Roerslev,Brentford,dk DEN,DF,25,1999,19,11,1101.0,12.2,0,2,2,0,0,0,2,0,0.2,0.2,3.0,3.2,17,51,54,0.00,0.16,0.16,0.00,0.16,0.02,0.24,0.26,0.02,0.26,Matches,N/A,N/A,N/A,N/A,N/A,N/A,N/A,N/A,N/A,N/A,N/A,N/A,N/A,N/A,N/A,N/A,N/A,N/A,N/A,N/A,N/A,N/A,N/A,N/A,N/A,N/A,N/A,N/A,N/A,N/A,N/A,N/A,N/A,N/A,N/A,N/A,N/A,5,2,40.0,0.41,0.16,0.00,0.00,20.8,0.04,-0.2,-0.2,6925,2249,205,88.0,179,224,79.9,27,49,55.1,2.1,-1.0,14,37,11,4,471,63,0,1,31,61,0,0,0,2,11,21,1.72,18,0,1,1,0,2,0.16,2,0,0,0,0,0,18,8,14,3,1,11,39.3,17,7,4,22,35,0,645,49,20,7,36.8,8,42.1,352,0,9,6,406,58,32.2,88,9,8,16,4,1.21,19,20,-1,-0.08,-0.47,20.1,21.1,-1.0,-0.08,-0.26,0,6,0,0,39,10,41.7
Morgan Rogers,Aston Villa,eng ENG,"FW,MF",22,2002,37,37,3114.0,34.6,8,10,18,8,0,0,10,0,6.6,6.6,7.8,14.4,114,123,188,0.23,0.29,0.52,0.23,0.52,0.19,0.23,0.42,0.19,0.42,Matches,N/A,N/A,N/A,N/A,N/A,N/A,N/A,N/A,N/A,N/A,N/A,N/A,N/A,N/A,N/A,N/A,N/A,N/A,N/A,N/A,N/A,N/A,N/A,N/A,N/A,N/A,N/A,N/A,N/A,N/A,N/A,N/A,N/A,N/A,N/A,N/A,N/A,55,20,36.4,1.59,0.58,0.15,0.40,15.9,0.12,+1.4,+1.4,9771,3327,374,81.3,203,267,76.0,49,65,75.4,5.2,+2.2,51,73,56,3,853,47,22,6,27,9,0,0,0,7,45,105,3.04,80,0,13,5,0,16,0.46,14,0,1,0,1,0,43,22,15,15,13,24,51.1,23,19,6,49,20,2,1362,43,142,66,41.3,74,46.3,794,33,114,74,956,84,91.1,84,19,0,N/A,0,1.70,52,40,+12,+0.35,+1.82,51.3,43.5,+7.8,+0.23,+0.78,0,50,1,0,119,13,20.0
Cristian Romero,Tottenham,ar ARG,DF,26,1998,18,18,1416.0,15.7,1,0,1,1,0,0,3,0,1.6,1.6,0.6,2.2,12,71,3,0.06,0.00,0.06,0.06,0.06,0.10,0.04,0.14,0.10,0.14,Matches,N/A,N/A,N/A,N/A,N/A,N/A,N/A,N/A,N/A,N/A,N/A,N/A,N/A,N/A,N/A,N/A,N/A,N/A,N/A,N/A,N/A,N/A,N/A,N/A,N/A,N/A,N/A,N/A,N/A,N/A,N/A,N/A,N/A,N/A,N/A,N/A,N/A,16,8,50.0,1.02,0.51,0.06,0.13,9.1,0.10,-0.6,-0.6,20402,8197,370,91.4,630,665,94.7,80,126,63.5,0.8,-0.6,7,109,8,1,1120,101,4,2,3,7,0,0,0,2,7,20,1.27,16,0,0,0,0,4,0.25,3,0,0,1,0,0,35,29,26,8,1,21,70.0,9,15,21,56,57,2,1377,157,23,1,25.0,2,50.0,896,0,10,5,936,79,41.4,79,13,0,N/A,3,1.11,27,22,+5,+0.32,+0.59,27.0,19.1,+7.9,+0.50,+1.06,0,14,0,0,90,41,60.3
Georginio Rutter,Brighton,fr FRA,"MF,FW",22,2002,28,19,1656.0,18.4,5,3,8,5,0,0,2,0,4.6,4.6,2.5,7.1,42,67,79,0.27,0.16,0.43,0.27,0.43,0.25,0.14,0.39,0.25,0.39,Matches,N/A,N/A,N/A,N/A,N/A,N/A,N/A,N/A,N/A,N/A,N/A,N/A,N/A,N/A,N/A,N/A,N/A,N/A,N/A,N/A,N/A,N/A,N/A,N/A,N/A,N/A,N/A,N/A,N/A,N/A,N/A,N/A,N/A,N/A,N/A,N/A,N/A,50,12,24.0,2.72,0.65,0.10,0.42,15.5,0.09,+0.4,+0.4,3344,1174,144,77.0,74,111,66.7,10,16,62.5,1.7,+0.5,19,30,16,1,344,9,12,0,9,0,0,0,0,2,14,64,3.47,37,0,9,9,2,8,0.43,3,0,3,1,1,0,39,15,13,18,8,14,38.9,22,17,10,49,13,2,641,20,79,27,38.0,34,47.9,361,16,45,37,411,59,48.4,76,3,9,24,0,1.57,32,29,+3,+0.16,-0.04,27.1,27.3,-0.3,-0.01,-0.24,0,34,0,1,66,25,35.2
José Sá,Wolves,pt POR,GK,31,1993,29,29,2609.0,29.0,0,0,0,0,0,0,2,0,0.0,0.0,0.2,0.2,0,2,0,0.00,0.00,0.00,0.00,0.00,0.00,0.01,0.01,0.00,0.01,Matches,48,1.66,117,69,63.2,11,5,13,7,24.1,5,2,0,28.6,1,6,2,42.8,0.33,-3.2,-0.11,94,382,24.6,771,121,39.3,35.2,150,52.7,41.5,432,32,7.4,43,1.48,15.5,0,0,N/A,0.00,0.00,N/A,N/A,N/A,N/A,0.0,0.0,15334,10381,120,99.2,325,335,97.0,143,460,31.1,0.0,-0.2,3,22,1,0,706,215,1,0,0,0,0,0,0,3,1,5,0.17,5,0,0,0,0,0,0.00,0,0,0,0,0,0,2,2,2,0,0,2,100.0,0,0,0,2,15,1,985,785,0,8,100.0,0,0.0,630,0,1,0,485,90,76.3,90,28,0,N/A,4,1.31,42,48,-6,-0.21,+0.79,35.2,42.0,-6.8,-0.23,+0.62,0,4,0,4,37,11,91.7
Bukayo Saka,Arsenal,eng ENG,"FW,MF",22,2001,25,20,1729.0,19.2,6,10,16,5,1,1,3,0,6.8,6.0,7.6,13.7,96,70,255,0.31,0.52,0.83,0.26,0.78,0.36,0.40,0.75,0.31,0.71,Matches,N/A,N/A,N/A,N/A,N/A,N/A,N/A,N/A,N/A,N/A,N/A,N/A,N/A,N/A,N/A,N/A,N/A,N/A,N/A,N/A,N/A,N/A,N/A,N/A,N/A,N/A,N/A,N/A,N/A,N/A,N/A,N/A,N/A,N/A,N/A,N/A,N/A,66,22,33.3,3.44,1.15,0.08,0.23,15.6,0.09,-0.8,-1.0,8408,2487,334,90.0,154,214,72.0,45,92,48.9,7.8,+2.4,58,15,38,12,644,83,4,2,117,12,56,0,2,4,21,117,6.09,71,20,12,4,0,23,1.20,14,5,2,1,1,0,29,15,9,11,9,13,54.2,11,22,3,32,8,0,979,6,162,41,45.6,37,41.1,628,51,34,40,711,69,50.6,79,7,5,32,0,1.96,38,21,+17,+0.88,-0.07,34.8,17.6,+17.3,+0.90,+0.46,0,15,1,0,70,10,33.3
Mohamed Salah,Liverpool,eg EGY,FW,32,1992,38,38,3371.0,37.5,29,18,47,20,9,9,1,0,25.2,18.2,14.2,32.4,155,144,488,0.77,0.48,1.25,0.53,1.01,0.67,0.38,1.05,0.49,0.87,Matches,N/A,N/A,N/A,N/A,N/A,N/A,N/A,N/A,N/A,N/A,N/A,N/A,N/A,N/A,N/A,N/A,N/A,N/A,N/A,N/A,N/A,N/A,N/A,N/A,N/A,N/A,N/A,N/A,N/A,N/A,N/A,N/A,N/A,N/A,N/A,N/A,N/A,121,50,41.3,3.23,1.33,0.17,0.40,14.5,0.15,+3.8,+1.8,13343,3919,501,83.4,302,433,69.7,59,100,59.0,9.1,+3.8,88,53,93,15,1227,30,19,3,79,23,0,0,0,6,62,169,4.51,123,2,22,5,3,27,0.72,20,0,5,2,0,0,21,11,7,5,9,8,47.1,9,12,9,30,5,0,1695,11,356,58,42.3,72,52.6,1150,127,116,67,1407,89,98.6,89,29,0,N/A,0,2.21,85,40,+45,+1.20,+1.20,81.6,38.1,+43.5,+1.16,+1.05,0,25,0,0,101,9,39.1
William Saliba,Arsenal,fr FRA,DF,23,2001,35,35,3039.0,33.8,2,0,2,2,0,0,2,1,2.3,2.3,0.9,3.1,16,138,6,0.06,0.00,0.06,0.06,0.06,0.07,0.03,0.09,0.07,0.09,Matches,N/A,N/A,N/A,N/A,N/A,N/A,N/A,N/A,N/A,N/A,N/A,N/A,N/A,N/A,N/A,N/A,N/A,N/A,N/A,N/A,N/A,N/A,N/A,N/A,N/A,N/A,N/A,N/A,N/A,N/A,N/A,N/A,N/A,N/A,N/A,N/A,N/A,6,2,33.3,0.18,0.06,0.33,1.00,5.4,0.38,-0.3,-0.3,41458,12540,1026,95.8,1255,1306,96.1,123,154,79.9,1.3,-0.9,7,180,6,0,2508,46,1,10,3,4,0,0,0,5,4,27,0.80,25,0,0,0,1,1,0.03,1,0,0,0,0,0,62,37,37,23,2,21,75.0,7,10,21,83,119,7,2824,190,18,12,63.2,6,31.6,1756,1,19,8,2137,87,88.9,87,32,0,N/A,0,1.97,62,27,+35,+1.04,+1.04,54.2,29.8,+24.4,+0.72,+0.48,0,28,0,1,154,61,62.9
Robert Sánchez,Chelsea,es ESP,GK,26,1997,32,32,2880.0,32.0,0,0,0,0,0,0,5,0,0.0,0.0,0.1,0.1,0,1,0,0.00,0.00,0.00,0.00,0.00,0.00,0.00,0.00,0.00,0.00,Matches,34,1.06,127,92,76.4,17,9,6,10,31.3,4,1,0,20.0,0,4,0,35.7,0.25,+1.7,+0.05,98,424,23.1,1160,190,33.3,33.4,82,46.3,40.3,370,47,12.7,57,1.78,14.5,0,0,N/A,0.00,0.00,N/A,N/A,N/A,N/A,0.0,0.0,21022,13967,208,99.5,458,474,96.6,201,553,36.3,0.0,-0.1,2,26,1,0,1086,156,0,6,0,0,0,0,0,7,1,7,0.22,6,1,0,0,0,2,0.06,1,1,0,0,0,0,0,0,0,0,0,0,0.0,1,0,2,2,24,10,1323,980,0,0,N/A,0,N/A,881,0,0,0,822,90,84.2,90,32,0,N/A,6,1.88,52,34,+18,+0.56,+0.06,53.8,38.5,+15.3,+0.48,-0.39,0,2,0,2,43,12,100.0
Jadon Sancho,Chelsea,eng ENG,FW,24,2000,31,19,1764.0,19.6,3,4,7,3,0,0,2,0,2.2,2.2,3.7,5.8,102,90,225,0.15,0.20,0.36,0.15,0.36,0.11,0.19,0.30,0.11,0.30,Matches,N/A,N/A,N/A,N/A,N/A,N/A,N/A,N/A,N/A,N/A,N/A,N/A,N/A,N/A,N/A,N/A,N/A,N/A,N/A,N/A,N/A,N/A,N/A,N/A,N/A,N/A,N/A,N/A,N/A,N/A,N/A,N/A,N/A,N/A,N/A,N/A,N/A,24,8,33.3,1.22,0.41,0.13,0.38,15.1,0.09,+0.8,+0.8,8932,2093,416,89.5,208,250,83.2,14,27,51.9,3.1,+0.3,38,28,48,0,791,11,7,1,25,9,1,0,0,1,24,70,3.57,63,0,3,3,0,10,0.51,9,0,0,0,1,0,13,7,3,3,7,5,41.7,7,11,2,15,8,2,975,13,121,45,46.4,40,41.2,653,57,30,21,760,57,51.6,76,7,12,27,1,1.84,35,24,+11,+0.56,+0.02,35.6,23.5,+12.1,+0.62,+0.16,0,6,2,0,99,6,35.3
Ibrahim Sangaré,Nott'ham Forest,ci CIV,MF,26,1997,13,7,590.0,6.6,0,1,1,0,0,0,3,0,0.0,0.0,0.4,0.4,1,27,4,0.00,0.15,0.15,0.00,0.15,0.00,0.06,0.06,0.00,0.06,Matches,N/A,N/A,N/A,N/A,N/A,N/A,N/A,N/A,N/A,N/A,N/A,N/A,N/A,N/A,N/A,N/A,N/A,N/A,N/A,N/A,N/A,N/A,N/A,N/A,N/A,N/A,N/A,N/A,N/A,N/A,N/A,N/A,N/A,N/A,N/A,N/A,N/A,1,1,100.0,0.15,0.15,0.00,0.00,32.0,0.02,0.0,0.0,4521,1475,129,89.6,117,127,92.1,20,31,64.5,0.2,+0.6,4,28,4,1,312,11,1,2,2,1,0,0,0,0,9,8,1.22,7,0,0,0,0,0,0.00,0,0,0,0,0,0,28,14,8,17,3,8,47.1,9,6,6,34,13,1,407,26,7,0,0.0,1,100.0,171,0,5,4,236,45,17.3,72,1,6,14,5,1.46,11,6,+5,+0.76,+0.54,9.5,8.2,+1.3,+0.20,+0.36,0,15,0,0,42,10,50.0
Pablo Sarabia,Wolves,es ESP,"MF,FW",32,1992,23,7,814.0,9.0,3,2,5,3,0,0,3,0,2.9,2.9,1.8,4.6,15,60,62,0.33,0.22,0.55,0.33,0.55,0.32,0.19,0.51,0.32,0.51,Matches,N/A,N/A,N/A,N/A,N/A,N/A,N/A,N/A,N/A,N/A,N/A,N/A,N/A,N/A,N/A,N/A,N/A,N/A,N/A,N/A,N/A,N/A,N/A,N/A,N/A,N/A,N/A,N/A,N/A,N/A,N/A,N/A,N/A,N/A,N/A,N/A,N/A,17,8,47.1,1.88,0.88,0.18,0.38,18.9,0.17,+0.1,+0.1,5160,1909,144,87.3,110,147,74.8,36,80,45.0,1.9,+0.2,15,39,20,3,372,65,5,2,47,10,22,2,0,8,19,28,3.10,20,6,2,0,0,5,0.55,4,0,1,0,0,0,16,8,4,8,4,10,62.5,6,10,4,20,7,1,552,4,24,6,40.0,7,46.7,325,0,22,14,387,35,23.8,63,0,16,23,7,1.25,14,19,-5,-0.55,-0.21,11.9,15.7,-3.7,-0.41,-0.04,0,16,0,0,34,5,26.3
Ismaila Sarr,Crystal Palace,sn SEN,MF,26,1998,38,30,2711.0,30.1,8,6,14,8,0,0,4,0,10.7,10.7,8.5,19.2,75,85,183,0.27,0.20,0.46,0.27,0.46,0.35,0.28,0.64,0.35,0.64,Matches,N/A,N/A,N/A,N/A,N/A,N/A,N/A,N/A,N/A,N/A,N/A,N/A,N/A,N/A,N/A,N/A,N/A,N/A,N/A,N/A,N/A,N/A,N/A,N/A,N/A,N/A,N/A,N/A,N/A,N/A,N/A,N/A,N/A,N/A,N/A,N/A,N/A,59,29,49.2,1.96,0.96,0.14,0.28,13.2,0.19,-2.7,-2.7,7257,2202,265,73.8,183,257,71.2,22,50,44.0,6.7,-2.5,44,28,42,9,735,2,13,1,55,2,0,0,0,5,26,110,3.65,81,0,6,14,0,12,0.40,9,0,1,0,2,0,22,10,10,9,3,8,32.0,17,19,9,31,40,0,1091,48,135,17,27.9,35,57.4,607,28,70,43,739,71,79.3,84,13,8,22,0,1.39,42,39,+3,+0.10,+0.48,50.8,37.9,+12.9,+0.43,+0.63,0,14,1,0,113,37,41.6
Sávio,Manchester City,br BRA,"FW,MF",20,2004,29,21,1766.0,19.6,1,8,9,1,0,0,3,0,5.0,5.0,6.9,11.9,137,67,246,0.05,0.41,0.46,0.05,0.46,0.26,0.35,0.61,0.26,0.61,Matches,N/A,N/A,N/A,N/A,N/A,N/A,N/A,N/A,N/A,N/A,N/A,N/A,N/A,N/A,N/A,N/A,N/A,N/A,N/A,N/A,N/A,N/A,N/A,N/A,N/A,N/A,N/A,N/A,N/A,N/A,N/A,N/A,N/A,N/A,N/A,N/A,N/A,55,21,38.2,2.80,1.07,0.02,0.05,17.6,0.09,-4.0,-4.0,10296,1727,423,90.0,227,283,80.2,31,56,55.4,6.1,+1.1,46,19,47,8,824,32,5,7,84,9,10,2,0,0,33,111,5.66,80,2,15,7,3,15,0.76,10,0,2,1,1,1,23,17,5,10,8,10,52.6,9,12,6,29,9,1,1095,14,154,52,46.0,40,35.4,783,75,42,38,852,61,51.6,79,7,8,13,7,1.69,32,25,+7,+0.36,-0.79,36.1,21.0,+15.1,+0.77,+0.49,0,17,2,0,79,1,33.3
Oliver Scarles,West Ham,eng ENG,"DF,FW",18,2005,15,7,665.0,7.4,0,0,0,0,0,0,1,0,0.1,0.1,0.1,0.2,12,22,44,0.00,0.00,0.00,0.00,0.00,0.01,0.01,0.03,0.01,0.03,Matches,N/A,N/A,N/A,N/A,N/A,N/A,N/A,N/A,N/A,N/A,N/A,N/A,N/A,N/A,N/A,N/A,N/A,N/A,N/A,N/A,N/A,N/A,N/A,N/A,N/A,N/A,N/A,N/A,N/A,N/A,N/A,N/A,N/A,N/A,N/A,N/A,N/A,3,0,0.0,0.41,0.00,0.00,N/A,20.2,0.04,-0.1,-0.1,4388,1151,174,88.8,106,126,84.1,11,37,29.7,0.1,-0.1,2,10,5,1,333,36,1,1,15,32,0,0,0,3,5,6,0.81,6,0,0,0,0,0,0.00,0,0,0,0,0,0,21,11,17,3,1,14,63.6,8,12,11,32,26,0,466,32,9,2,28.6,5,71.4,219,2,12,3,272,44,19.4,70,2,8,22,6,1.13,6,9,-3,-0.41,+0.02,8.3,9.9,-1.6,-0.22,+0.14,0,5,0,0,34,6,50.0
Kevin Schade,Brentford,de GER,FW,22,2001,38,26,2293.0,25.5,11,2,13,11,0,0,3,0,8.2,8.2,3.7,11.9,61,38,165,0.43,0.08,0.51,0.43,0.51,0.32,0.14,0.47,0.32,0.47,Matches,N/A,N/A,N/A,N/A,N/A,N/A,N/A,N/A,N/A,N/A,N/A,N/A,N/A,N/A,N/A,N/A,N/A,N/A,N/A,N/A,N/A,N/A,N/A,N/A,N/A,N/A,N/A,N/A,N/A,N/A,N/A,N/A,N/A,N/A,N/A,N/A,N/A,55,27,49.1,2.16,1.06,0.20,0.41,11.5,0.15,+2.8,+2.8,4930,1389,185,69.8,111,180,61.7,18,43,41.9,1.8,-1.7,23,32,11,3,483,57,1,4,38,54,0,0,0,1,20,57,2.24,35,6,6,5,1,9,0.35,5,0,1,3,0,0,39,25,17,10,12,13,56.5,10,15,5,44,34,0,883,43,146,30,33.7,52,58.4,434,38,60,36,543,60,67.0,79,6,12,21,0,1.47,45,34,+11,+0.43,+0.59,41.8,30.3,+11.5,+0.45,+1.09,0,21,1,0,83,90,52.9
Fabian Schär,Newcastle Utd,ch SUI,DF,32,1991,34,33,2934.0,32.6,4,0,4,4,0,0,9,1,3.7,3.7,0.4,4.1,18,118,22,0.12,0.00,0.12,0.12,0.12,0.11,0.01,0.13,0.11,0.13,Matches,N/A,N/A,N/A,N/A,N/A,N/A,N/A,N/A,N/A,N/A,N/A,N/A,N/A,N/A,N/A,N/A,N/A,N/A,N/A,N/A,N/A,N/A,N/A,N/A,N/A,N/A,N/A,N/A,N/A,N/A,N/A,N/A,N/A,N/A,N/A,N/A,N/A,40,11,27.5,1.23,0.34,0.10,0.36,19.8,0.09,+0.3,+0.3,33173,12752,577,92.3,877,944,92.9,191,373,51.2,1.0,-0.4,5,161,13,0,1890,79,4,31,13,14,0,0,0,8,8,37,1.13,26,1,1,2,4,4,0.12,2,0,0,2,0,0,36,21,16,18,2,14,40.0,21,13,45,81,138,3,2319,266,42,8,61.5,3,23.1,1438,2,12,6,1609,86,85.8,88,29,1,45,0,1.65,58,42,+16,+0.49,-0.44,55.0,36.9,+18.1,+0.56,+0.53,0,35,0,0,134,56,44.1
Jeffrey Schlupp,Crystal Palace,gh GHA,"MF,DF",31,1992,12,0,103.0,1.1,0,0,0,0,0,0,0,0,0.2,0.2,0.2,0.3,4,5,9,0.00,0.00,0.00,0.00,0.00,0.14,0.14,0.28,0.14,0.28,Matches,N/A,N/A,N/A,N/A,N/A,N/A,N/A,N/A,N/A,N/A,N/A,N/A,N/A,N/A,N/A,N/A,N/A,N/A,N/A,N/A,N/A,N/A,N/A,N/A,N/A,N/A,N/A,N/A,N/A,N/A,N/A,N/A,N/A,N/A,N/A,N/A,N/A,4,2,50.0,3.50,1.75,0.00,0.00,17.7,0.04,-0.2,-0.2,591,144,16,84.2,18,23,78.3,2,4,50.0,0.1,-0.2,3,4,2,0,47,3,0,0,4,3,0,0,0,0,0,7,6.06,5,0,1,0,0,0,0.00,0,0,0,0,0,0,2,0,1,0,1,0,0.0,3,6,0,2,2,0,79,2,6,1,100.0,0,0.0,30,1,7,0,41,9,3.0,N/A,0,12,9,12,0.75,2,3,-1,-0.87,-0.90,2.1,1.8,+0.3,+0.29,-0.01,0,1,0,0,6,3,42.9
Alex Scott,Bournemouth,eng ENG,MF,20,2003,20,8,755.0,8.4,0,0,0,0,0,0,3,0,0.7,0.7,0.9,1.6,15,52,33,0.00,0.00,0.00,0.00,0.00,0.09,0.11,0.19,0.09,0.19,Matches,N/A,N/A,N/A,N/A,N/A,N/A,N/A,N/A,N/A,N/A,N/A,N/A,N/A,N/A,N/A,N/A,N/A,N/A,N/A,N/A,N/A,N/A,N/A,N/A,N/A,N/A,N/A,N/A,N/A,N/A,N/A,N/A,N/A,N/A,N/A,N/A,N/A,15,6,40.0,1.79,0.72,0.00,0.00,21.1,0.05,-0.7,-0.7,4583,1359,142,89.3,112,121,92.6,20,35,57.1,1.0,-0.9,12,41,5,1,317,23,2,4,7,1,3,0,0,2,6,29,3.45,19,2,0,3,3,2,0.24,2,0,0,0,0,0,27,14,11,8,8,19,45.2,23,13,10,37,15,0,485,24,18,6,23.1,13,50.0,247,3,23,8,294,38,22.1,59,0,12,24,1,1.35,10,8,+2,+0.24,-0.10,12.0,10.0,+1.9,+0.23,-0.23,0,17,0,0,52,7,50.0
Matz Sels,Nott'ham Forest,be BEL,GK,32,1992,38,38,3420.0,38.0,0,0,0,0,0,0,4,0,0.0,0.0,0.4,0.4,1,2,0,0.00,0.00,0.00,0.00,0.00,0.00,0.01,0.01,0.00,0.01,Matches,46,1.21,165,119,73.9,19,8,11,13,34.2,3,0,0,0.0,1,5,0,49.1,0.29,+3.1,+0.08,244,698,35.0,715,83,68.4,44.7,270,77.4,54.3,710,19,2.7,12,0.32,8.7,0,0,N/A,0.00,0.00,N/A,N/A,N/A,N/A,0.0,0.0,19289,16407,79,100.0,168,171,98.2,271,734,36.9,0.3,-0.4,2,45,4,0,610,375,0,0,0,0,0,0,0,13,0,6,0.16,3,3,0,0,0,0,0.00,0,0,0,0,0,0,1,1,1,0,0,1,100.0,0,0,0,1,26,1,1102,833,0,0,N/A,0,N/A,528,1,0,0,426,90,100.0,90,38,0,N/A,0,1.71,58,46,+12,+0.32,N/A,45.5,48.9,-3.4,-0.09,N/A,0,1,0,1,17,15,88.2
Nélson Semedo,Wolves,pt POR,DF,30,1993,34,32,2886.0,32.1,0,4,4,0,0,0,8,0,0.9,0.9,2.8,3.7,67,80,119,0.00,0.12,0.12,0.00,0.12,0.03,0.09,0.12,0.03,0.12,Matches,N/A,N/A,N/A,N/A,N/A,N/A,N/A,N/A,N/A,N/A,N/A,N/A,N/A,N/A,N/A,N/A,N/A,N/A,N/A,N/A,N/A,N/A,N/A,N/A,N/A,N/A,N/A,N/A,N/A,N/A,N/A,N/A,N/A,N/A,N/A,N/A,N/A,18,7,38.9,0.56,0.22,0.00,0.00,23.9,0.05,-0.9,-0.9,16627,5130,598,91.6,409,490,83.5,59,128,46.1,1.7,+1.2,25,70,28,13,1142,210,1,5,63,198,0,0,0,5,36,60,1.87,44,1,8,3,3,6,0.19,6,0,0,0,0,0,62,36,32,21,9,34,59.6,23,22,23,85,104,3,1717,123,27,32,45.1,31,43.7,901,10,42,21,995,85,84.4,88,21,2,34,0,1.24,49,49,0,0.00,+2.53,36.6,47.2,-10.6,-0.33,+0.32,0,48,0,1,139,28,40.0
Antoine Semenyo,Bournemouth,gh GHA,FW,24,2000,37,36,3203.0,35.6,11,5,16,11,0,0,9,0,10.0,10.0,5.8,15.8,140,109,282,0.31,0.14,0.45,0.31,0.45,0.28,0.16,0.44,0.28,0.44,Matches,N/A,N/A,N/A,N/A,N/A,N/A,N/A,N/A,N/A,N/A,N/A,N/A,N/A,N/A,N/A,N/A,N/A,N/A,N/A,N/A,N/A,N/A,N/A,N/A,N/A,N/A,N/A,N/A,N/A,N/A,N/A,N/A,N/A,N/A,N/A,N/A,N/A,125,40,32.0,3.51,1.12,0.09,0.28,17.0,0.08,+1.0,+1.0,11674,2915,501,85.5,252,334,75.4,37,97,38.1,4.3,-0.8,46,49,45,8,1049,60,9,6,59,53,0,1,0,10,40,132,3.71,85,4,21,5,2,13,0.37,7,1,2,1,2,0,55,35,17,25,13,16,37.2,27,58,11,66,39,2,1653,46,191,69,51.1,57,42.2,979,67,84,77,1140,87,93.7,88,28,1,26,0,1.43,53,41,+12,+0.34,+0.34,57.8,43.8,+14.0,+0.39,-0.25,0,73,1,0,158,66,46.5
Marcos Senesi,Bournemouth,ar ARG,DF,27,1997,17,13,1106.0,12.3,0,0,0,0,0,0,5,0,0.8,0.8,0.2,1.1,12,62,7,0.00,0.00,0.00,0.00,0.00,0.07,0.02,0.09,0.07,0.09,Matches,N/A,N/A,N/A,N/A,N/A,N/A,N/A,N/A,N/A,N/A,N/A,N/A,N/A,N/A,N/A,N/A,N/A,N/A,N/A,N/A,N/A,N/A,N/A,N/A,N/A,N/A,N/A,N/A,N/A,N/A,N/A,N/A,N/A,N/A,N/A,N/A,N/A,3,0,0.0,0.24,0.00,0.00,N/A,7.9,0.28,-0.8,-0.8,11536,5815,199,87.3,267,311,85.9,89,180,49.4,0.5,-0.2,3,79,13,3,699,31,0,2,11,6,0,0,0,5,1,16,1.30,16,0,0,0,0,1,0.08,1,0,0,0,0,0,39,21,23,14,2,14,45.2,17,9,14,53,58,0,889,73,16,6,60.0,4,40.0,554,0,7,6,565,65,32.3,80,7,4,17,4,1.47,19,17,+2,+0.16,-0.23,23.3,14.4,+8.9,+0.72,+0.46,0,22,0,0,71,32,52.5
Ryan Sessegnon,Fulham,eng ENG,"FW,DF",24,2000,16,7,580.0,6.4,4,2,6,4,0,0,1,0,1.6,1.6,1.1,2.7,18,22,59,0.62,0.31,0.93,0.62,0.93,0.25,0.17,0.42,0.25,0.42,Matches,N/A,N/A,N/A,N/A,N/A,N/A,N/A,N/A,N/A,N/A,N/A,N/A,N/A,N/A,N/A,N/A,N/A,N/A,N/A,N/A,N/A,N/A,N/A,N/A,N/A,N/A,N/A,N/A,N/A,N/A,N/A,N/A,N/A,N/A,N/A,N/A,N/A,14,8,57.1,2.17,1.24,0.29,0.50,12.8,0.12,+2.4,+2.4,2728,859,118,86.8,58,73,79.5,8,13,61.5,1.1,+0.9,12,18,7,2,226,15,0,0,16,13,0,0,0,0,9,24,3.72,20,0,1,1,0,4,0.62,4,0,0,0,0,0,27,13,11,11,5,9,45.0,11,12,3,30,18,0,363,15,45,8,38.1,10,47.6,180,10,19,8,210,36,17.0,73,1,9,7,16,1.56,13,10,+3,+0.47,+0.56,9.3,8.1,+1.3,+0.19,+0.18,0,20,0,0,30,8,42.1
Luke Shaw,Manchester Utd,eng ENG,DF,29,1995,7,4,349.0,3.9,0,0,0,0,0,0,1,0,0.0,0.0,0.7,0.7,7,24,7,0.00,0.00,0.00,0.00,0.00,0.01,0.18,0.19,0.01,0.19,Matches,N/A,N/A,N/A,N/A,N/A,N/A,N/A,N/A,N/A,N/A,N/A,N/A,N/A,N/A,N/A,N/A,N/A,N/A,N/A,N/A,N/A,N/A,N/A,N/A,N/A,N/A,N/A,N/A,N/A,N/A,N/A,N/A,N/A,N/A,N/A,N/A,N/A,1,0,0.0,0.26,0.00,0.00,N/A,23.1,0.03,0.0,0.0,4252,1388,118,92.9,108,119,90.8,20,33,60.6,0.8,-0.7,5,20,3,1,276,14,1,1,11,2,0,1,0,0,6,10,2.58,8,2,0,0,0,0,0.00,0,0,0,0,0,0,4,3,2,2,0,2,100.0,0,5,2,6,7,0,317,26,4,0,0.0,1,100.0,226,0,2,0,248,50,10.2,67,1,3,28,1,0.71,3,5,-2,-0.52,-0.28,4.4,3.9,+0.6,+0.15,+0.20,0,3,0,0,9,3,60.0
Bernardo Silva,Manchester City,pt POR,"MF,FW",29,1994,33,29,2670.0,29.7,4,4,8,4,0,0,7,0,3.9,3.9,5.1,9.0,101,134,200,0.13,0.13,0.27,0.13,0.27,0.13,0.17,0.30,0.13,0.30,Matches,N/A,N/A,N/A,N/A,N/A,N/A,N/A,N/A,N/A,N/A,N/A,N/A,N/A,N/A,N/A,N/A,N/A,N/A,N/A,N/A,N/A,N/A,N/A,N/A,N/A,N/A,N/A,N/A,N/A,N/A,N/A,N/A,N/A,N/A,N/A,N/A,N/A,32,11,34.4,1.08,0.37,0.13,0.36,12.4,0.12,+0.1,+0.1,23646,4501,877,92.4,554,634,87.4,82,124,66.1,4.5,-1.1,53,87,40,7,1654,128,4,6,60,44,5,0,0,1,35,92,3.10,81,3,4,3,0,8,0.27,8,0,0,0,0,0,56,37,17,30,9,25,44.6,31,29,23,79,32,3,2054,50,141,28,45.9,26,42.6,1288,32,25,34,1518,81,78.1,90,28,4,15,5,1.79,49,36,+13,+0.44,-1.36,49.0,38.9,+10.1,+0.34,-0.90,0,27,0,0,107,5,33.3
Jota Silva,Nott'ham Forest,pt POR,"FW,MF",24,1999,31,5,854.0,9.5,3,1,4,3,0,0,5,0,2.1,2.1,2.9,5.0,21,18,59,0.32,0.11,0.42,0.32,0.42,0.22,0.30,0.53,0.22,0.53,Matches,N/A,N/A,N/A,N/A,N/A,N/A,N/A,N/A,N/A,N/A,N/A,N/A,N/A,N/A,N/A,N/A,N/A,N/A,N/A,N/A,N/A,N/A,N/A,N/A,N/A,N/A,N/A,N/A,N/A,N/A,N/A,N/A,N/A,N/A,N/A,N/A,N/A,23,7,30.4,2.42,0.74,0.13,0.43,14.5,0.09,+0.9,+0.9,1692,471,66,76.7,37,60,61.7,6,19,31.6,1.8,-1.9,14,4,9,3,191,3,1,1,21,2,0,0,0,2,12,29,3.06,22,0,1,3,0,3,0.32,2,0,0,0,1,0,27,14,12,13,2,6,22.2,21,8,12,39,17,0,357,19,46,10,29.4,15,44.1,175,9,24,12,202,28,25.0,68,0,26,20,6,1.71,16,16,0,0.00,-0.42,14.9,12.6,+2.4,+0.25,+0.45,0,24,1,0,43,21,41.2
Jahmai Simpson-Pusey,Manchester City,eng ENG,DF,18,2005,2,1,96.0,1.1,0,0,0,0,0,0,1,0,0.0,0.0,0.0,0.0,1,3,0,0.00,0.00,0.00,0.00,0.00,0.00,0.00,0.00,0.00,0.00,Matches,N/A,N/A,N/A,N/A,N/A,N/A,N/A,N/A,N/A,N/A,N/A,N/A,N/A,N/A,N/A,N/A,N/A,N/A,N/A,N/A,N/A,N/A,N/A,N/A,N/A,N/A,N/A,N/A,N/A,N/A,N/A,N/A,N/A,N/A,N/A,N/A,N/A,0,0,N/A,0.00,0.00,N/A,N/A,N/A,N/A,0.0,0.0,1754,549,47,95.9,57,59,96.6,3,7,42.9,0.0,0.0,0,3,0,0,110,5,0,0,0,1,0,0,0,0,0,0,0.00,0,0,0,0,0,0,0.00,0,0,0,0,0,0,1,0,1,0,0,0,0.0,1,0,0,1,2,0,123,9,1,0,0.0,0,0.0,79,0,1,0,101,48,2.8,90,1,1,6,8,0.50,1,2,-1,-0.94,-1.72,2.2,2.3,-0.2,-0.14,-0.70,0,0,0,0,3,1,25.0
Luis Sinisterra,Bournemouth,co COL,"FW,MF",25,1999,12,1,236.0,2.6,1,1,2,1,0,0,0,0,1.2,1.2,1.4,2.6,19,6,38,0.38,0.38,0.76,0.38,0.76,0.46,0.54,1.00,0.46,1.00,Matches,N/A,N/A,N/A,N/A,N/A,N/A,N/A,N/A,N/A,N/A,N/A,N/A,N/A,N/A,N/A,N/A,N/A,N/A,N/A,N/A,N/A,N/A,N/A,N/A,N/A,N/A,N/A,N/A,N/A,N/A,N/A,N/A,N/A,N/A,N/A,N/A,N/A,13,6,46.2,4.96,2.29,0.08,0.17,14.8,0.09,-0.2,-0.2,1067,200,44,91.7,22,32,68.8,5,5,100.0,1.3,-0.4,9,6,2,2,92,0,0,1,7,0,0,0,0,1,4,14,5.29,11,0,1,0,0,1,0.38,1,0,0,0,0,0,7,2,3,2,2,0,0.0,4,3,1,8,8,0,155,7,23,8,40.0,10,50.0,95,10,6,3,102,20,6.9,62,0,11,16,1,1.25,5,4,+1,+0.38,+0.07,6.5,3.9,+2.6,+0.98,+0.62,0,4,0,0,17,3,30.0
Oliver Skipp,Leicester City,eng ENG,MF,23,2000,24,10,1129.0,12.5,0,0,0,0,0,0,8,0,0.4,0.4,0.3,0.6,16,35,19,0.00,0.00,0.00,0.00,0.00,0.03,0.02,0.05,0.03,0.05,Matches,N/A,N/A,N/A,N/A,N/A,N/A,N/A,N/A,N/A,N/A,N/A,N/A,N/A,N/A,N/A,N/A,N/A,N/A,N/A,N/A,N/A,N/A,N/A,N/A,N/A,N/A,N/A,N/A,N/A,N/A,N/A,N/A,N/A,N/A,N/A,N/A,N/A,5,1,20.0,0.40,0.08,0.00,0.00,19.4,0.07,-0.4,-0.4,6399,1568,214,86.6,163,178,91.6,21,36,58.3,0.3,-0.3,9,32,4,0,497,4,2,0,5,1,0,0,0,1,12,15,1.20,13,1,0,1,0,0,0.00,0,0,0,0,0,0,21,4,6,12,3,9,60.0,6,16,11,32,11,2,612,29,9,7,58.3,5,41.7,347,3,12,7,419,47,33.0,74,3,14,28,11,0.79,12,26,-14,-1.12,+0.18,11.2,25.4,-14.1,-1.13,-0.14,0,21,0,0,46,12,66.7
William Smallbone,Southampton,ie IRL,MF,24,2000,18,6,690.0,7.7,1,0,1,1,0,0,1,0,0.6,0.6,0.7,1.3,5,27,25,0.13,0.00,0.13,0.13,0.13,0.07,0.10,0.17,0.07,0.17,Matches,N/A,N/A,N/A,N/A,N/A,N/A,N/A,N/A,N/A,N/A,N/A,N/A,N/A,N/A,N/A,N/A,N/A,N/A,N/A,N/A,N/A,N/A,N/A,N/A,N/A,N/A,N/A,N/A,N/A,N/A,N/A,N/A,N/A,N/A,N/A,N/A,N/A,7,1,14.3,0.91,0.13,0.14,1.00,17.6,0.08,+0.4,+0.4,4399,1203,130,84.4,112,131,85.5,20,53,37.7,0.9,-0.7,10,13,4,3,294,60,1,2,36,4,15,7,0,2,8,16,2.09,12,3,0,0,0,0,0.00,0,0,0,0,0,0,20,13,9,9,2,7,31.8,15,8,2,22,14,2,431,17,17,4,66.7,2,33.3,193,1,12,6,262,38,20.2,72,2,12,21,2,0.22,4,22,-18,-2.35,-0.96,7.0,18.8,-11.8,-1.54,-0.21,0,11,0,1,23,4,40.0
Adam Smith,Bournemouth,eng ENG,DF,33,1991,25,19,1590.0,17.7,0,0,0,0,0,0,7,0,0.7,0.7,0.4,1.1,15,49,34,0.00,0.00,0.00,0.00,0.00,0.04,0.02,0.06,0.04,0.06,Matches,N/A,N/A,N/A,N/A,N/A,N/A,N/A,N/A,N/A,N/A,N/A,N/A,N/A,N/A,N/A,N/A,N/A,N/A,N/A,N/A,N/A,N/A,N/A,N/A,N/A,N/A,N/A,N/A,N/A,N/A,N/A,N/A,N/A,N/A,N/A,N/A,N/A,3,0,0.0,0.17,0.00,0.00,N/A,16.9,0.22,-0.7,-0.7,8452,2723,244,88.7,222,279,79.6,32,89,36.0,0.7,-0.4,8,49,10,5,550,128,1,2,33,119,0,0,0,1,15,23,1.30,17,1,1,3,1,2,0.11,1,0,0,0,1,0,24,12,11,7,6,14,51.9,13,8,15,39,49,1,825,41,8,6,37.5,7,43.8,366,1,13,7,403,64,46.5,75,7,6,28,1,1.48,25,18,+7,+0.40,+0.15,29.7,18.9,+10.8,+0.61,+0.38,0,19,0,0,50,14,48.3
Emile Smith Rowe,Fulham,eng ENG,MF,24,2000,34,25,2043.0,22.7,6,3,9,6,0,0,3,0,4.5,4.5,1.4,6.0,53,126,127,0.26,0.13,0.40,0.26,0.40,0.20,0.06,0.26,0.20,0.26,Matches,N/A,N/A,N/A,N/A,N/A,N/A,N/A,N/A,N/A,N/A,N/A,N/A,N/A,N/A,N/A,N/A,N/A,N/A,N/A,N/A,N/A,N/A,N/A,N/A,N/A,N/A,N/A,N/A,N/A,N/A,N/A,N/A,N/A,N/A,N/A,N/A,N/A,37,11,29.7,1.63,0.48,0.16,0.55,16.0,0.12,+1.5,+1.5,13141,2429,548,92.6,330,348,94.8,21,29,72.4,2.0,+1.6,24,80,15,1,985,35,2,2,16,3,0,0,0,3,18,73,3.22,57,0,3,2,3,12,0.53,10,0,1,0,0,1,31,18,7,14,10,8,33.3,16,20,11,42,16,0,1223,20,60,16,45.7,16,45.7,779,12,36,18,940,60,59.7,73,0,9,24,0,1.38,29,28,+1,+0.04,+0.11,29.5,25.0,+4.5,+0.20,+0.38,0,19,0,0,75,6,23.1
Dominic Solanke,Tottenham,eng ENG,FW,26,1997,27,25,2201.0,24.5,9,3,12,8,1,1,0,0,10.9,10.1,2.9,13.1,31,47,88,0.37,0.12,0.49,0.33,0.45,0.45,0.12,0.57,0.41,0.54,Matches,N/A,N/A,N/A,N/A,N/A,N/A,N/A,N/A,N/A,N/A,N/A,N/A,N/A,N/A,N/A,N/A,N/A,N/A,N/A,N/A,N/A,N/A,N/A,N/A,N/A,N/A,N/A,N/A,N/A,N/A,N/A,N/A,N/A,N/A,N/A,N/A,N/A,59,24,40.7,2.41,0.98,0.14,0.33,12.4,0.17,-1.9,-2.1,3429,944,154,75.1,68,87,78.2,12,18,66.7,1.2,+0.1,14,28,9,0,321,38,3,1,4,2,0,0,0,2,15,37,1.51,25,0,0,2,1,8,0.33,6,0,0,1,1,0,18,11,1,12,5,4,25.0,12,11,1,19,23,0,655,33,112,17,33.3,31,60.8,385,14,69,51,459,82,64.4,86,18,2,21,1,0.89,45,43,+2,+0.08,+0.30,40.4,40.6,-0.2,-0.01,+0.30,0,36,0,0,38,46,43.4
Carlos Soler,West Ham,es ESP,"MF,FW",27,1997,31,14,1409.0,15.7,1,1,2,1,0,0,6,0,1.8,1.8,1.4,3.2,17,56,37,0.06,0.06,0.13,0.06,0.13,0.12,0.09,0.21,0.12,0.21,Matches,N/A,N/A,N/A,N/A,N/A,N/A,N/A,N/A,N/A,N/A,N/A,N/A,N/A,N/A,N/A,N/A,N/A,N/A,N/A,N/A,N/A,N/A,N/A,N/A,N/A,N/A,N/A,N/A,N/A,N/A,N/A,N/A,N/A,N/A,N/A,N/A,N/A,25,8,32.0,1.60,0.51,0.04,0.13,19.0,0.07,-0.8,-0.8,8890,2414,308,94.5,212,246,86.2,32,59,54.2,1.9,-0.4,18,43,13,0,605,62,4,6,34,4,11,6,0,2,10,51,3.26,31,9,2,3,1,2,0.13,2,0,0,0,0,0,16,11,9,6,1,7,30.4,16,13,8,24,21,2,794,27,26,8,44.4,9,50.0,367,4,14,14,539,45,41.2,67,1,17,28,2,1.16,16,25,-9,-0.57,-0.26,16.8,28.2,-11.4,-0.73,-0.67,0,26,0,0,64,10,45.5
Ramón Sosa,Nott'ham Forest,py PAR,"FW,MF",24,1999,19,1,295.0,3.3,1,0,1,1,0,0,1,0,1.0,1.0,0.5,1.5,12,6,17,0.31,0.00,0.31,0.31,0.31,0.31,0.15,0.45,0.31,0.45,Matches,N/A,N/A,N/A,N/A,N/A,N/A,N/A,N/A,N/A,N/A,N/A,N/A,N/A,N/A,N/A,N/A,N/A,N/A,N/A,N/A,N/A,N/A,N/A,N/A,N/A,N/A,N/A,N/A,N/A,N/A,N/A,N/A,N/A,N/A,N/A,N/A,N/A,11,5,45.5,3.36,1.53,0.09,0.20,18.6,0.09,0.0,0.0,1016,283,33,70.2,24,35,68.6,5,7,71.4,0.4,-0.5,8,2,5,3,86,10,0,1,8,4,2,1,0,1,2,14,4.23,11,0,2,0,0,0,0.00,0,0,0,0,0,0,5,3,3,0,2,1,20.0,4,9,4,9,5,0,154,6,15,8,61.5,5,38.5,75,5,6,5,81,16,8.6,67,0,18,13,13,1.58,3,5,-2,-0.61,-1.01,3.5,4.6,-1.0,-0.31,-0.24,0,6,0,0,25,4,36.4
Tomáš Souček,West Ham,cz CZE,MF,29,1995,35,30,2567.0,28.5,9,1,10,9,0,0,8,0,6.7,6.7,1.0,7.8,9,74,68,0.32,0.04,0.35,0.32,0.35,0.24,0.04,0.27,0.24,0.27,Matches,N/A,N/A,N/A,N/A,N/A,N/A,N/A,N/A,N/A,N/A,N/A,N/A,N/A,N/A,N/A,N/A,N/A,N/A,N/A,N/A,N/A,N/A,N/A,N/A,N/A,N/A,N/A,N/A,N/A,N/A,N/A,N/A,N/A,N/A,N/A,N/A,N/A,55,17,30.9,1.93,0.60,0.16,0.53,11.9,0.13,+2.3,+2.3,11811,3221,364,79.6,265,343,77.3,65,97,67.0,1.3,0.0,14,62,8,1,946,20,0,11,14,3,0,0,0,3,26,44,1.54,35,0,0,2,1,3,0.11,2,0,0,0,1,0,46,21,20,23,3,26,59.1,18,20,20,66,85,1,1280,128,102,6,50.0,6,50.0,506,3,20,15,764,73,75.1,81,20,5,27,1,1.23,38,44,-6,-0.21,+0.84,37.6,43.3,-5.7,-0.20,+0.53,0,47,1,0,63,99,57.6
Boubakary Soumaré,Leicester City,fr FRA,MF,25,1999,31,25,2171.0,24.1,0,0,0,0,0,0,8,0,0.3,0.3,0.4,0.7,34,105,23,0.00,0.00,0.00,0.00,0.00,0.01,0.02,0.03,0.01,0.03,Matches,N/A,N/A,N/A,N/A,N/A,N/A,N/A,N/A,N/A,N/A,N/A,N/A,N/A,N/A,N/A,N/A,N/A,N/A,N/A,N/A,N/A,N/A,N/A,N/A,N/A,N/A,N/A,N/A,N/A,N/A,N/A,N/A,N/A,N/A,N/A,N/A,N/A,7,0,0.0,0.29,0.00,0.00,N/A,23.4,0.04,-0.3,-0.3,16191,4336,581,91.9,414,471,87.9,42,60,70.0,1.0,-0.4,11,95,16,3,1220,11,3,1,10,3,0,0,0,3,15,35,1.45,27,0,5,2,0,3,0.12,3,0,0,0,0,0,37,20,24,12,1,21,63.6,12,12,27,64,34,4,1441,73,18,27,60.0,14,31.1,847,4,24,22,1013,70,63.5,83,19,6,15,4,0.65,17,52,-35,-1.45,-0.59,19.7,45.7,-26.1,-1.08,-0.13,0,24,0,0,140,21,65.6
Djed Spence,Tottenham,eng ENG,DF,23,2000,25,19,1792.0,19.9,1,2,3,1,0,0,4,1,0.6,0.6,1.8,2.3,59,105,70,0.05,0.10,0.15,0.05,0.15,0.03,0.09,0.12,0.03,0.12,Matches,N/A,N/A,N/A,N/A,N/A,N/A,N/A,N/A,N/A,N/A,N/A,N/A,N/A,N/A,N/A,N/A,N/A,N/A,N/A,N/A,N/A,N/A,N/A,N/A,N/A,N/A,N/A,N/A,N/A,N/A,N/A,N/A,N/A,N/A,N/A,N/A,N/A,10,3,30.0,0.50,0.15,0.10,0.33,23.9,0.06,+0.4,+0.4,14185,4261,585,94.1,343,400,85.8,32,67,47.8,1.4,+0.2,11,78,18,8,974,183,2,2,25,153,0,0,0,4,19,29,1.46,23,1,4,0,0,5,0.25,3,1,1,0,0,0,47,34,25,15,7,23,76.7,7,19,21,68,74,2,1428,81,25,38,50.0,31,40.8,794,7,28,33,872,72,52.4,89,17,6,16,8,1.08,33,39,-6,-0.30,-0.58,28.2,35.3,-7.1,-0.36,-0.50,1,21,0,0,109,21,60.0
Jason Steele,Brighton,eng ENG,GK,33,1990,2,2,180.0,2.0,0,0,0,0,0,0,0,0,0.0,0.0,0.0,0.0,0,0,0,0.00,0.00,0.00,0.00,0.00,0.00,0.00,0.00,0.00,0.00,Matches,1,0.50,4,3,75.0,2,0,0,1,50.0,0,0,0,N/A,0,0,0,0.5,0.12,-0.5,-0.26,7,16,43.8,110,7,13.6,25.1,2,50.0,43.0,22,2,9.1,3,1.50,15.4,0,0,N/A,0.00,0.00,N/A,N/A,N/A,N/A,0.0,0.0,2321,1556,21,100.0,63,65,96.9,17,26,65.4,0.0,0.0,0,0,0,0,104,8,0,0,0,0,0,0,0,0,0,0,0.00,0,0,0,0,0,0,0.00,0,0,0,0,0,0,0,0,0,0,0,0,N/A,0,0,0,0,1,0,114,107,0,0,N/A,0,N/A,91,0,0,0,83,90,5.3,90,2,0,N/A,24,3.00,5,1,+4,+2.00,+1.92,3.5,1.9,+1.6,+0.82,+0.75,0,0,0,0,7,1,50.0
Jack Stephens,Southampton,eng ENG,DF,30,1994,19,17,1389.0,15.4,1,0,1,1,0,0,2,2,0.6,0.6,0.2,0.7,14,63,2,0.06,0.00,0.06,0.06,0.06,0.04,0.01,0.05,0.04,0.05,Matches,N/A,N/A,N/A,N/A,N/A,N/A,N/A,N/A,N/A,N/A,N/A,N/A,N/A,N/A,N/A,N/A,N/A,N/A,N/A,N/A,N/A,N/A,N/A,N/A,N/A,N/A,N/A,N/A,N/A,N/A,N/A,N/A,N/A,N/A,N/A,N/A,N/A,4,2,50.0,0.26,0.13,0.25,0.50,11.0,0.14,+0.4,+0.4,15471,4366,346,93.0,464,492,94.3,54,65,83.1,0.3,-0.2,3,51,5,0,912,42,0,2,1,15,0,0,0,1,4,13,0.84,13,0,0,0,0,0,0.00,0,0,0,0,0,0,34,20,25,9,0,17,56.7,13,7,13,47,53,2,1097,128,11,0,0.0,4,100.0,631,1,3,3,783,73,40.6,81,12,2,6,4,0.53,8,28,-20,-1.30,+0.48,12.7,31.1,-18.3,-1.19,+0.31,0,13,0,1,44,6,37.5
Raheem Sterling,Arsenal,eng ENG,"FW,MF",29,1994,17,7,499.0,5.5,0,2,2,0,0,0,1,0,1.4,1.4,0.5,1.9,27,18,79,0.00,0.36,0.36,0.00,0.36,0.26,0.09,0.34,0.26,0.34,Matches,N/A,N/A,N/A,N/A,N/A,N/A,N/A,N/A,N/A,N/A,N/A,N/A,N/A,N/A,N/A,N/A,N/A,N/A,N/A,N/A,N/A,N/A,N/A,N/A,N/A,N/A,N/A,N/A,N/A,N/A,N/A,N/A,N/A,N/A,N/A,N/A,N/A,11,0,0.0,1.98,0.00,0.00,N/A,15.1,0.13,-1.4,-1.4,2022,403,103,88.0,43,57,75.4,3,4,75.0,0.5,+1.5,8,4,9,2,197,2,0,1,16,1,0,0,0,2,7,19,3.43,14,0,3,0,0,3,0.54,3,0,0,0,0,0,9,4,1,3,5,5,50.0,5,3,1,10,4,0,274,2,38,10,33.3,10,33.3,201,15,13,14,211,29,14.6,56,0,10,11,12,2.00,12,4,+8,+1.44,+0.61,9.1,4.1,+5.0,+0.90,+0.27,0,12,0,0,16,1,25.0
Ross Stewart,Southampton,sct SCO,FW,28,1996,12,4,389.0,4.3,1,0,1,1,0,0,1,0,1.1,1.1,0.0,1.1,3,2,10,0.23,0.00,0.23,0.23,0.23,0.25,0.00,0.25,0.25,0.25,Matches,N/A,N/A,N/A,N/A,N/A,N/A,N/A,N/A,N/A,N/A,N/A,N/A,N/A,N/A,N/A,N/A,N/A,N/A,N/A,N/A,N/A,N/A,N/A,N/A,N/A,N/A,N/A,N/A,N/A,N/A,N/A,N/A,N/A,N/A,N/A,N/A,N/A,9,2,22.2,2.08,0.46,0.11,0.50,10.8,0.12,-0.1,-0.1,861,86,34,75.6,25,32,78.1,0,1,0.0,0.1,0.0,0,2,1,0,94,1,0,0,0,0,0,0,0,0,3,5,1.16,1,0,1,1,0,0,0.00,0,0,0,0,0,0,6,4,1,1,4,3,37.5,5,3,1,7,7,0,140,9,15,3,60.0,2,40.0,64,4,7,9,100,32,11.4,51,0,8,23,0,0.25,5,9,-4,-0.93,+0.74,3.9,9.6,-5.7,-1.31,+0.07,0,7,0,0,6,13,36.1
Jakub Stolarczyk,Leicester City,pl POL,GK,23,2000,10,10,900.0,10.0,0,0,0,0,0,0,1,0,0.0,0.0,0.0,0.0,0,1,0,0.00,0.00,0.00,0.00,0.00,0.00,0.00,0.00,0.00,0.00,Matches,16,1.60,44,28,63.6,3,1,6,2,20.0,0,0,0,N/A,0,2,0,15.4,0.35,-0.6,-0.06,57,195,29.2,328,36,46.3,34.2,58,74.1,50.2,169,10,5.9,8,0.80,12.5,0,0,N/A,0.00,0.00,N/A,N/A,N/A,N/A,0.0,0.0,6215,4560,70,100.0,91,94,96.8,76,220,34.5,0.0,0.0,0,2,0,0,286,100,0,1,0,0,0,0,0,0,1,0,0.00,0,0,0,0,0,0,0.00,0,0,0,0,0,0,2,1,2,0,0,1,50.0,1,0,0,2,6,1,411,309,0,0,N/A,0,N/A,221,0,1,0,225,90,26.3,90,10,0,N/A,11,1.00,10,16,-6,-0.60,+0.86,9.4,14.4,-5.0,-0.50,+0.72,0,0,0,0,8,5,100.0
John Stones,Manchester City,eng ENG,"DF,MF",30,1994,11,6,548.0,6.1,2,0,2,2,0,0,1,0,0.4,0.4,0.1,0.5,10,21,2,0.33,0.00,0.33,0.33,0.33,0.07,0.01,0.08,0.07,0.08,Matches,N/A,N/A,N/A,N/A,N/A,N/A,N/A,N/A,N/A,N/A,N/A,N/A,N/A,N/A,N/A,N/A,N/A,N/A,N/A,N/A,N/A,N/A,N/A,N/A,N/A,N/A,N/A,N/A,N/A,N/A,N/A,N/A,N/A,N/A,N/A,N/A,N/A,2,2,100.0,0.33,0.33,1.00,1.00,5.1,0.22,+1.6,+1.6,6382,1601,169,94.4,161,174,92.5,31,40,77.5,0.2,-0.1,2,42,0,0,389,13,0,3,0,0,0,0,0,1,2,8,1.31,8,0,0,0,0,2,0.33,2,0,0,0,0,0,6,2,3,2,1,5,100.0,0,2,4,10,19,1,442,40,4,2,100.0,0,0.0,292,0,2,0,333,50,16.0,74,3,5,21,4,2.00,14,11,+3,+0.49,-0.29,9.8,5.7,+4.1,+0.67,+0.16,0,2,0,0,22,8,57.1
Jørgen Strand Larsen,Wolves,no NOR,FW,24,2000,35,30,2587.0,28.7,14,4,18,14,0,0,4,0,10.3,10.3,3.0,13.3,17,29,112,0.49,0.14,0.63,0.49,0.63,0.36,0.10,0.46,0.36,0.46,Matches,N/A,N/A,N/A,N/A,N/A,N/A,N/A,N/A,N/A,N/A,N/A,N/A,N/A,N/A,N/A,N/A,N/A,N/A,N/A,N/A,N/A,N/A,N/A,N/A,N/A,N/A,N/A,N/A,N/A,N/A,N/A,N/A,N/A,N/A,N/A,N/A,N/A,54,33,61.1,1.88,1.15,0.26,0.42,11.3,0.19,+3.7,+3.7,3818,697,182,71.7,73,112,65.2,14,20,70.0,1.0,+1.0,21,19,4,1,443,14,1,2,6,0,0,0,0,0,19,42,1.46,33,1,1,2,2,6,0.21,6,0,0,0,0,0,10,6,2,3,5,4,14.8,23,15,6,16,29,0,736,36,108,8,40.0,11,55.0,345,9,90,34,534,74,75.6,80,11,5,35,0,1.11,43,52,-9,-0.31,+0.34,32.3,43.2,-10.9,-0.38,0.00,0,46,0,0,42,67,40.1
Yukinari Sugawara,Southampton,jp JPN,"DF,MF",24,2000,30,16,1557.0,17.3,1,1,2,1,0,0,4,0,0.5,0.5,2.2,2.7,33,72,78,0.06,0.06,0.12,0.06,0.12,0.03,0.13,0.16,0.03,0.16,Matches,N/A,N/A,N/A,N/A,N/A,N/A,N/A,N/A,N/A,N/A,N/A,N/A,N/A,N/A,N/A,N/A,N/A,N/A,N/A,N/A,N/A,N/A,N/A,N/A,N/A,N/A,N/A,N/A,N/A,N/A,N/A,N/A,N/A,N/A,N/A,N/A,N/A,14,5,35.7,0.81,0.29,0.07,0.20,20.2,0.03,+0.5,+0.5,11241,3454,377,88.3,282,339,83.2,37,76,48.7,2.5,-1.2,17,47,21,9,765,124,1,7,70,97,4,6,0,2,22,39,2.25,30,5,1,0,0,1,0.06,1,0,0,0,0,0,31,18,16,14,1,19,61.3,12,11,11,42,53,3,1066,67,29,9,45.0,10,50.0,564,7,18,5,709,52,45.5,76,6,14,24,5,0.33,13,46,-33,-1.91,-0.60,16.9,40.2,-23.3,-1.34,+0.05,0,15,0,2,44,5,35.7
Kamaldeen Sulemana,Southampton,gh GHA,"FW,MF",22,2002,26,17,1402.0,15.6,1,1,2,1,0,0,2,0,1.5,1.5,1.0,2.5,63,27,87,0.06,0.06,0.13,0.06,0.13,0.10,0.06,0.16,0.10,0.16,Matches,N/A,N/A,N/A,N/A,N/A,N/A,N/A,N/A,N/A,N/A,N/A,N/A,N/A,N/A,N/A,N/A,N/A,N/A,N/A,N/A,N/A,N/A,N/A,N/A,N/A,N/A,N/A,N/A,N/A,N/A,N/A,N/A,N/A,N/A,N/A,N/A,N/A,29,8,27.6,1.86,0.51,0.03,0.13,18.6,0.05,-0.5,-0.5,4101,627,177,88.1,86,103,83.5,13,28,46.4,0.8,0.0,10,6,13,7,354,2,0,2,26,2,0,0,0,1,9,30,1.93,15,1,10,1,0,3,0.19,1,0,1,1,0,0,22,17,9,5,8,10,66.7,5,12,6,28,9,0,587,17,59,39,37.9,56,54.4,380,28,50,25,410,54,41.0,74,5,9,16,2,0.27,11,36,-25,-1.60,-0.04,10.0,34.8,-24.7,-1.59,-0.36,0,22,0,0,63,13,32.5
Crysencio Summerville,West Ham,nl NED,"FW,MF",22,2001,19,7,786.0,8.7,1,1,2,1,0,0,2,0,1.6,1.6,1.7,3.3,29,18,71,0.11,0.11,0.23,0.11,0.23,0.19,0.19,0.38,0.19,0.38,Matches,N/A,N/A,N/A,N/A,N/A,N/A,N/A,N/A,N/A,N/A,N/A,N/A,N/A,N/A,N/A,N/A,N/A,N/A,N/A,N/A,N/A,N/A,N/A,N/A,N/A,N/A,N/A,N/A,N/A,N/A,N/A,N/A,N/A,N/A,N/A,N/A,N/A,14,4,28.6,1.60,0.46,0.07,0.25,13.4,0.12,-0.6,-0.6,2881,640,125,84.5,55,62,88.7,11,22,50.0,1.7,-0.7,17,13,12,5,241,13,3,0,21,2,6,0,0,0,13,35,4.01,21,3,5,5,1,1,0.11,1,0,0,0,0,0,13,7,2,8,3,3,33.3,6,9,0,13,7,0,372,9,38,13,33.3,18,46.2,207,13,20,16,259,41,23.0,67,1,12,26,1,1.05,13,20,-7,-0.80,-0.49,13.6,17.1,-3.5,-0.40,-0.09,0,9,0,0,38,4,30.8
Sammie Szmodics,Ipswich Town,ie IRL,"FW,MF",28,1995,20,13,992.0,11.0,4,0,4,4,0,0,2,0,3.4,3.4,0.2,3.6,16,19,47,0.36,0.00,0.36,0.36,0.36,0.31,0.02,0.33,0.31,0.33,Matches,N/A,N/A,N/A,N/A,N/A,N/A,N/A,N/A,N/A,N/A,N/A,N/A,N/A,N/A,N/A,N/A,N/A,N/A,N/A,N/A,N/A,N/A,N/A,N/A,N/A,N/A,N/A,N/A,N/A,N/A,N/A,N/A,N/A,N/A,N/A,N/A,N/A,21,12,57.1,1.91,1.09,0.19,0.33,14.0,0.16,+0.6,+0.6,2458,724,72,87.8,54,65,83.1,15,29,51.7,0.5,-0.2,5,11,4,1,190,11,0,0,14,0,6,0,0,0,13,10,0.91,8,0,1,0,0,0,0.00,0,0,0,0,0,0,16,10,4,10,2,7,26.9,19,8,6,22,14,0,318,17,33,4,33.3,6,50.0,179,7,24,17,193,50,29.0,70,0,7,12,2,0.65,11,18,-7,-0.64,+0.81,11.4,22.8,-11.4,-1.03,-0.03,0,9,0,1,42,6,35.3
Dominik Szoboszlai,Liverpool,hu HUN,MF,23,2000,36,29,2491.0,27.7,6,6,12,6,0,0,6,0,7.3,7.3,7.4,14.7,72,131,127,0.22,0.22,0.43,0.22,0.43,0.27,0.27,0.53,0.27,0.53,Matches,N/A,N/A,N/A,N/A,N/A,N/A,N/A,N/A,N/A,N/A,N/A,N/A,N/A,N/A,N/A,N/A,N/A,N/A,N/A,N/A,N/A,N/A,N/A,N/A,N/A,N/A,N/A,N/A,N/A,N/A,N/A,N/A,N/A,N/A,N/A,N/A,N/A,67,22,32.8,2.42,0.79,0.09,0.27,18.9,0.11,-1.3,-1.3,17528,3641,601,89.6,366,416,88.0,95,133,71.4,5.9,-1.4,56,88,33,5,1202,118,5,14,41,36,9,6,0,2,27,119,4.30,90,7,5,3,1,16,0.58,12,1,0,3,0,0,38,20,14,19,5,17,37.8,28,34,9,47,19,2,1584,32,104,21,51.2,17,41.5,805,18,37,23,1073,69,72.8,80,17,7,26,0,2.22,60,29,+31,+1.12,-0.24,59.6,27.3,+32.3,+1.17,+0.07,0,44,0,0,133,19,45.2
James Tarkowski,Everton,eng ENG,DF,31,1992,33,33,2922.0,32.5,1,1,2,1,0,0,6,0,1.3,1.3,2.9,4.2,9,75,3,0.03,0.03,0.06,0.03,0.06,0.04,0.09,0.13,0.04,0.13,Matches,N/A,N/A,N/A,N/A,N/A,N/A,N/A,N/A,N/A,N/A,N/A,N/A,N/A,N/A,N/A,N/A,N/A,N/A,N/A,N/A,N/A,N/A,N/A,N/A,N/A,N/A,N/A,N/A,N/A,N/A,N/A,N/A,N/A,N/A,N/A,N/A,N/A,15,4,26.7,0.46,0.12,0.07,0.25,8.4,0.09,-0.3,-0.3,22119,8229,337,84.5,525,571,91.9,173,276,62.7,2.4,-1.9,16,83,11,0,1204,77,2,13,1,3,0,0,0,9,12,38,1.17,32,2,0,0,0,4,0.12,4,0,0,0,0,0,64,40,39,22,3,24,61.5,15,15,41,105,213,4,1706,355,57,5,71.4,2,28.6,727,0,13,7,927,89,85.4,89,31,0,N/A,0,1.15,34,38,-4,-0.12,-0.48,35.5,39.5,-4.0,-0.12,-0.03,0,35,0,1,98,102,75.6
Marcus Tavernier,Bournemouth,eng ENG,"FW,MF",25,1999,29,20,1939.0,21.5,3,5,8,3,0,0,6,0,5.5,5.5,4.0,9.5,53,128,129,0.14,0.23,0.37,0.14,0.37,0.25,0.19,0.44,0.25,0.44,Matches,N/A,N/A,N/A,N/A,N/A,N/A,N/A,N/A,N/A,N/A,N/A,N/A,N/A,N/A,N/A,N/A,N/A,N/A,N/A,N/A,N/A,N/A,N/A,N/A,N/A,N/A,N/A,N/A,N/A,N/A,N/A,N/A,N/A,N/A,N/A,N/A,N/A,57,17,29.8,2.65,0.79,0.05,0.18,21.1,0.10,-2.5,-2.5,11654,3481,334,86.3,280,352,79.5,60,127,47.2,3.6,+1.0,43,80,40,14,804,125,5,9,108,29,36,4,1,5,26,98,4.55,68,12,3,5,0,11,0.51,5,3,0,2,1,0,43,24,15,19,9,10,37.0,17,13,5,48,11,0,1196,20,58,28,43.1,31,47.7,705,9,46,47,790,67,56.7,85,11,9,26,0,1.45,29,29,0,0.00,-0.73,36.1,25.3,+10.8,+0.50,+0.22,0,34,0,0,119,26,44.1
Charlie Taylor,Southampton,eng ENG,DF,30,1993,8,3,356.0,4.0,0,0,0,0,0,0,1,0,0.0,0.0,0.1,0.1,3,9,7,0.00,0.00,0.00,0.00,0.00,0.00,0.02,0.02,0.00,0.02,Matches,N/A,N/A,N/A,N/A,N/A,N/A,N/A,N/A,N/A,N/A,N/A,N/A,N/A,N/A,N/A,N/A,N/A,N/A,N/A,N/A,N/A,N/A,N/A,N/A,N/A,N/A,N/A,N/A,N/A,N/A,N/A,N/A,N/A,N/A,N/A,N/A,N/A,0,0,N/A,0.00,0.00,N/A,N/A,N/A,N/A,0.0,0.0,3602,910,70,93.3,103,112,92.0,20,28,71.4,0.2,-0.1,1,9,3,1,192,30,0,0,9,21,1,1,0,1,3,2,0.51,2,0,0,0,0,1,0.25,1,0,0,0,0,0,7,5,4,3,0,5,71.4,2,3,5,12,31,1,279,35,2,2,100.0,0,0.0,116,0,1,1,172,45,10.4,90,3,5,17,6,0.13,3,12,-9,-2.28,-0.78,3.8,9.7,-5.9,-1.49,-0.13,0,2,0,0,10,6,75.0
Jack Taylor,Ipswich Town,ie IRL,MF,26,1998,32,4,860.0,9.6,1,0,1,1,0,0,4,0,0.7,0.7,0.5,1.3,11,43,23,0.10,0.00,0.10,0.10,0.10,0.08,0.06,0.13,0.08,0.13,Matches,N/A,N/A,N/A,N/A,N/A,N/A,N/A,N/A,N/A,N/A,N/A,N/A,N/A,N/A,N/A,N/A,N/A,N/A,N/A,N/A,N/A,N/A,N/A,N/A,N/A,N/A,N/A,N/A,N/A,N/A,N/A,N/A,N/A,N/A,N/A,N/A,N/A,19,4,21.1,1.99,0.42,0.05,0.25,23.9,0.04,+0.3,+0.3,6188,1673,156,88.1,158,180,87.8,29,48,60.4,0.8,-0.5,5,30,8,1,411,10,2,3,7,0,3,0,0,0,5,22,2.30,15,1,2,0,2,2,0.21,2,0,0,0,0,0,20,10,6,11,3,12,44.4,15,9,9,29,24,0,534,32,8,4,36.4,4,36.4,254,1,10,6,345,27,25.1,79,0,28,19,1,0.50,7,21,-14,-1.47,-0.34,6.9,15.5,-8.6,-0.90,+0.14,0,16,0,0,53,7,46.7
Mathys Tel,Tottenham,fr FRA,FW,19,2005,13,11,911.0,10.1,2,1,3,1,1,1,2,0,3.0,2.2,2.6,4.7,28,21,72,0.20,0.10,0.30,0.10,0.20,0.29,0.25,0.55,0.22,0.47,Matches,N/A,N/A,N/A,N/A,N/A,N/A,N/A,N/A,N/A,N/A,N/A,N/A,N/A,N/A,N/A,N/A,N/A,N/A,N/A,N/A,N/A,N/A,N/A,N/A,N/A,N/A,N/A,N/A,N/A,N/A,N/A,N/A,N/A,N/A,N/A,N/A,N/A,22,8,36.4,2.17,0.79,0.05,0.13,16.0,0.10,-1.0,-1.2,3172,666,89,79.5,71,97,73.2,20,34,58.8,1.5,-1.6,14,12,14,4,243,22,2,1,35,7,6,2,0,1,12,28,2.77,18,1,3,4,0,2,0.20,1,0,0,0,1,0,16,6,5,6,5,5,38.5,8,7,2,18,8,2,414,9,40,15,28.3,31,58.5,266,11,28,15,279,70,26.6,82,6,2,4,1,0.77,10,20,-10,-0.99,-1.31,14.6,17.2,-2.5,-0.25,-0.18,0,14,1,0,38,4,36.4
Kenny Tete,Fulham,nl NED,DF,28,1995,22,21,1774.0,19.7,0,2,2,0,0,0,5,0,1.4,1.4,0.9,2.3,34,63,54,0.00,0.10,0.10,0.00,0.10,0.07,0.05,0.12,0.07,0.12,Matches,N/A,N/A,N/A,N/A,N/A,N/A,N/A,N/A,N/A,N/A,N/A,N/A,N/A,N/A,N/A,N/A,N/A,N/A,N/A,N/A,N/A,N/A,N/A,N/A,N/A,N/A,N/A,N/A,N/A,N/A,N/A,N/A,N/A,N/A,N/A,N/A,N/A,24,2,8.3,1.22,0.10,0.00,0.00,15.5,0.06,-1.4,-1.4,12358,4026,405,91.4,285,353,80.7,61,108,56.5,0.7,+1.1,9,65,13,6,799,153,1,2,38,147,0,0,0,4,23,36,1.83,28,0,2,2,1,4,0.20,4,0,0,0,0,0,56,38,29,14,13,23,60.5,15,19,32,88,67,0,1205,79,37,9,45.0,6,30.0,611,7,17,10,695,81,51.9,84,15,1,9,2,1.36,24,26,-2,-0.10,-0.21,25.7,25.1,+0.6,+0.03,-0.04,0,35,0,0,74,24,52.2
Thiago,Brentford,br BRA,"FW,MF",23,2001,8,1,175.0,1.9,0,0,0,0,0,0,0,0,0.1,0.1,0.1,0.2,3,4,8,0.00,0.00,0.00,0.00,0.00,0.07,0.04,0.10,0.07,0.10,Matches,N/A,N/A,N/A,N/A,N/A,N/A,N/A,N/A,N/A,N/A,N/A,N/A,N/A,N/A,N/A,N/A,N/A,N/A,N/A,N/A,N/A,N/A,N/A,N/A,N/A,N/A,N/A,N/A,N/A,N/A,N/A,N/A,N/A,N/A,N/A,N/A,N/A,2,0,0.0,1.03,0.00,0.00,N/A,14.8,0.06,-0.1,-0.1,568,73,20,71.4,13,16,81.3,3,5,60.0,0.0,-0.1,2,2,2,0,55,1,0,0,2,0,0,0,0,0,0,3,1.55,2,0,0,0,1,0,0.00,0,0,0,0,0,0,5,3,2,1,2,0,0.0,1,3,2,7,3,1,83,7,4,3,60.0,2,40.0,45,1,6,2,51,22,5.1,72,0,7,15,0,1.75,3,4,-1,-0.51,-0.79,1.4,3.5,-2.1,-1.10,-1.26,0,3,0,0,12,7,58.3
Luke Thomas,Leicester City,eng ENG,DF,23,2001,14,13,1110.0,12.3,0,0,0,0,0,0,3,0,0.4,0.4,0.5,0.9,5,37,16,0.00,0.00,0.00,0.00,0.00,0.03,0.04,0.07,0.03,0.07,Matches,N/A,N/A,N/A,N/A,N/A,N/A,N/A,N/A,N/A,N/A,N/A,N/A,N/A,N/A,N/A,N/A,N/A,N/A,N/A,N/A,N/A,N/A,N/A,N/A,N/A,N/A,N/A,N/A,N/A,N/A,N/A,N/A,N/A,N/A,N/A,N/A,N/A,5,0,0.0,0.41,0.00,0.00,N/A,16.8,0.07,-0.4,-0.4,8065,2702,245,91.8,205,251,81.7,35,82,42.7,0.5,-0.5,9,32,5,2,518,108,0,0,29,80,4,3,0,3,14,16,1.30,12,3,0,0,1,1,0.08,1,0,0,0,0,0,31,25,23,5,3,21,51.2,20,9,21,52,49,1,775,50,8,3,50.0,3,50.0,371,2,12,4,431,79,32.5,85,9,1,4,11,0.57,8,23,-15,-1.22,+0.03,8.2,24.5,-16.2,-1.32,-0.42,0,16,0,1,42,13,54.2
Youri Tielemans,Aston Villa,be BEL,MF,27,1997,36,35,3026.0,33.6,3,7,10,3,0,1,4,0,3.3,2.5,7.0,9.5,39,235,48,0.09,0.21,0.30,0.09,0.30,0.10,0.21,0.31,0.07,0.28,Matches,N/A,N/A,N/A,N/A,N/A,N/A,N/A,N/A,N/A,N/A,N/A,N/A,N/A,N/A,N/A,N/A,N/A,N/A,N/A,N/A,N/A,N/A,N/A,N/A,N/A,N/A,N/A,N/A,N/A,N/A,N/A,N/A,N/A,N/A,N/A,N/A,N/A,40,12,30.0,1.19,0.36,0.08,0.25,20.1,0.06,-0.3,+0.5,29049,10244,787,89.8,737,844,87.3,140,259,54.1,5.7,0.0,60,229,38,4,1847,207,24,8,119,2,63,8,1,7,37,122,3.63,79,31,3,2,1,12,0.36,9,3,0,0,0,0,84,58,32,44,8,40,54.8,33,22,23,107,47,4,2385,103,45,31,50.8,19,31.1,1288,9,31,29,1667,84,88.5,86,27,1,29,0,1.67,53,46,+7,+0.21,+0.21,51.2,43.6,+7.5,+0.22,+0.59,0,41,0,0,145,22,55.0
Kieran Tierney,Arsenal,sct SCO,"DF,FW",27,1997,13,2,259.0,2.9,1,0,1,1,0,0,0,0,0.4,0.4,1.4,1.7,8,15,29,0.35,0.00,0.35,0.35,0.35,0.12,0.48,0.60,0.12,0.60,Matches,N/A,N/A,N/A,N/A,N/A,N/A,N/A,N/A,N/A,N/A,N/A,N/A,N/A,N/A,N/A,N/A,N/A,N/A,N/A,N/A,N/A,N/A,N/A,N/A,N/A,N/A,N/A,N/A,N/A,N/A,N/A,N/A,N/A,N/A,N/A,N/A,N/A,2,1,50.0,0.69,0.35,0.50,1.00,4.1,0.18,+0.6,+0.6,2325,699,69,94.5,65,78,83.3,8,15,53.3,0.7,-1.4,8,13,5,2,155,18,1,0,14,14,0,0,0,0,2,10,3.47,9,1,0,0,0,0,0.00,0,0,0,0,0,0,7,5,4,1,2,4,66.7,2,0,3,10,9,0,199,8,6,2,50.0,1,25.0,108,1,3,0,143,20,7.6,62,0,11,12,13,2.08,3,1,+2,+0.69,-0.24,4.8,2.6,+2.1,+0.75,+0.08,0,1,0,0,6,5,50.0
Jurriën Timber,Arsenal,nl NED,DF,23,2001,30,27,2417.0,26.9,1,3,4,1,0,0,7,0,1.2,1.2,0.8,2.1,57,146,104,0.04,0.11,0.15,0.04,0.15,0.05,0.03,0.08,0.05,0.08,Matches,N/A,N/A,N/A,N/A,N/A,N/A,N/A,N/A,N/A,N/A,N/A,N/A,N/A,N/A,N/A,N/A,N/A,N/A,N/A,N/A,N/A,N/A,N/A,N/A,N/A,N/A,N/A,N/A,N/A,N/A,N/A,N/A,N/A,N/A,N/A,N/A,N/A,14,4,28.6,0.52,0.15,0.07,0.25,14.1,0.09,-0.2,-0.2,17327,4642,674,91.0,472,549,86.0,27,51,52.9,1.3,+2.2,17,107,17,2,1188,204,2,1,28,182,0,0,0,3,25,52,1.94,46,1,3,1,1,9,0.34,8,0,1,0,0,0,58,38,17,30,11,18,66.7,9,15,22,80,44,1,1661,51,66,24,45.3,24,45.3,890,11,33,24,1052,81,70.7,87,18,3,25,2,2.00,52,21,+31,+1.15,+0.80,42.3,21.3,+21.0,+0.78,+0.38,0,31,0,0,94,22,52.4
Jean-Clair Todibo,West Ham,fr FRA,DF,24,1999,27,20,1825.0,20.3,0,0,0,0,0,0,3,0,0.4,0.4,0.0,0.4,9,38,5,0.00,0.00,0.00,0.00,0.00,0.02,0.00,0.02,0.02,0.02,Matches,N/A,N/A,N/A,N/A,N/A,N/A,N/A,N/A,N/A,N/A,N/A,N/A,N/A,N/A,N/A,N/A,N/A,N/A,N/A,N/A,N/A,N/A,N/A,N/A,N/A,N/A,N/A,N/A,N/A,N/A,N/A,N/A,N/A,N/A,N/A,N/A,N/A,5,0,0.0,0.25,0.00,0.00,N/A,12.8,0.07,-0.4,-0.4,16772,5965,355,93.9,542,574,94.4,48,109,44.0,0.1,0.0,2,44,1,0,1046,33,0,4,3,5,0,0,0,3,7,5,0.25,4,0,0,0,1,0,0.00,0,0,0,0,0,0,47,28,30,15,2,26,72.2,10,12,26,73,83,3,1297,165,11,9,56.3,7,43.8,760,0,14,11,890,68,53.4,80,9,7,31,5,1.37,30,33,-3,-0.15,+0.59,26.6,29.4,-2.8,-0.14,+0.43,0,16,0,0,79,28,51.9
Harry Toffolo,Nott'ham Forest,eng ENG,DF,28,1995,4,1,137.0,1.5,0,0,0,0,0,0,1,0,0.0,0.0,0.0,0.0,0,2,4,0.00,0.00,0.00,0.00,0.00,0.01,0.00,0.01,0.01,0.01,Matches,N/A,N/A,N/A,N/A,N/A,N/A,N/A,N/A,N/A,N/A,N/A,N/A,N/A,N/A,N/A,N/A,N/A,N/A,N/A,N/A,N/A,N/A,N/A,N/A,N/A,N/A,N/A,N/A,N/A,N/A,N/A,N/A,N/A,N/A,N/A,N/A,N/A,1,0,0.0,0.66,0.00,0.00,N/A,28.5,0.02,0.0,0.0,653,304,30,93.8,15,24,62.5,1,7,14.3,0.0,0.0,0,1,0,0,39,28,0,0,4,27,1,0,0,0,3,0,0.00,0,0,0,0,0,0,0.00,0,0,0,0,0,0,5,3,3,1,1,3,75.0,1,0,2,7,12,0,88,9,2,0,N/A,0,N/A,17,0,0,0,30,34,4.0,90,1,3,16,20,2.50,2,2,0,0.00,-0.33,1.3,2.9,-1.6,-1.05,-1.00,0,1,0,0,2,1,100.0
Sandro Tonali,Newcastle Utd,it ITA,MF,24,2000,36,28,2630.0,29.2,4,2,6,4,0,0,5,0,4.4,4.4,2.2,6.6,37,128,53,0.14,0.07,0.21,0.14,0.21,0.15,0.07,0.22,0.15,0.22,Matches,N/A,N/A,N/A,N/A,N/A,N/A,N/A,N/A,N/A,N/A,N/A,N/A,N/A,N/A,N/A,N/A,N/A,N/A,N/A,N/A,N/A,N/A,N/A,N/A,N/A,N/A,N/A,N/A,N/A,N/A,N/A,N/A,N/A,N/A,N/A,N/A,N/A,35,12,34.3,1.20,0.41,0.11,0.33,19.6,0.13,-0.4,-0.4,20569,5348,672,90.2,468,537,87.2,99,157,63.1,2.8,-0.2,28,104,30,5,1468,61,7,7,54,12,9,8,1,6,27,78,2.67,50,10,3,6,3,9,0.31,8,1,0,0,0,0,51,32,22,23,6,25,49.0,26,23,34,85,33,2,1818,64,45,20,54.1,14,37.8,979,6,30,23,1257,73,76.9,86,22,8,27,0,1.72,55,34,+21,+0.72,+0.72,50.7,32.8,+17.9,+0.61,+0.56,0,37,1,0,177,12,50.0
Pau Torres,Aston Villa,es ESP,DF,27,1997,24,23,2020.0,22.4,0,0,0,0,0,0,2,0,0.5,0.5,0.1,0.6,40,97,8,0.00,0.00,0.00,0.00,0.00,0.02,0.01,0.03,0.02,0.03,Matches,N/A,N/A,N/A,N/A,N/A,N/A,N/A,N/A,N/A,N/A,N/A,N/A,N/A,N/A,N/A,N/A,N/A,N/A,N/A,N/A,N/A,N/A,N/A,N/A,N/A,N/A,N/A,N/A,N/A,N/A,N/A,N/A,N/A,N/A,N/A,N/A,N/A,8,2,25.0,0.36,0.09,0.00,0.00,11.7,0.06,-0.5,-0.5,21319,7907,521,95.2,602,644,93.5,79,148,53.4,0.4,-0.1,3,110,8,0,1248,117,4,12,3,3,0,0,0,4,4,14,0.62,11,0,0,0,0,2,0.09,1,0,0,1,0,0,21,15,11,8,2,10,58.8,7,5,10,31,75,2,1518,237,17,15,88.2,2,11.8,965,0,6,5,1090,84,59.1,87,22,1,21,4,1.58,30,33,-3,-0.13,-0.78,30.7,29.5,+1.3,+0.06,-0.24,0,8,0,0,62,18,38.3
Conor Townsend,Ipswich Town,eng ENG,DF,31,1993,6,3,335.0,3.7,0,1,1,0,0,0,1,0,0.0,0.0,0.7,0.7,2,8,13,0.00,0.27,0.27,0.00,0.27,0.01,0.18,0.18,0.01,0.18,Matches,N/A,N/A,N/A,N/A,N/A,N/A,N/A,N/A,N/A,N/A,N/A,N/A,N/A,N/A,N/A,N/A,N/A,N/A,N/A,N/A,N/A,N/A,N/A,N/A,N/A,N/A,N/A,N/A,N/A,N/A,N/A,N/A,N/A,N/A,N/A,N/A,N/A,1,0,0.0,0.27,0.00,0.00,N/A,16.7,0.03,0.0,0.0,1418,756,32,82.1,41,55,74.5,7,24,29.2,0.2,+0.3,4,7,2,2,98,28,1,0,12,20,3,1,0,1,3,5,1.34,4,1,0,0,0,1,0.27,1,0,0,0,0,0,11,8,9,2,0,8,72.7,3,2,4,15,16,0,172,28,5,0,N/A,0,N/A,53,0,2,2,75,56,9.8,87,2,3,25,26,0.83,5,6,-1,-0.27,+1.04,3.0,8.0,-5.0,-1.35,-0.37,0,2,0,0,8,6,60.0
Adama Traoré,Fulham,es ESP,"FW,MF",28,1996,36,18,1772.0,19.7,2,7,9,2,0,0,3,0,4.0,4.0,4.9,8.9,100,68,161,0.10,0.36,0.46,0.10,0.46,0.20,0.25,0.45,0.20,0.45,Matches,N/A,N/A,N/A,N/A,N/A,N/A,N/A,N/A,N/A,N/A,N/A,N/A,N/A,N/A,N/A,N/A,N/A,N/A,N/A,N/A,N/A,N/A,N/A,N/A,N/A,N/A,N/A,N/A,N/A,N/A,N/A,N/A,N/A,N/A,N/A,N/A,N/A,39,12,30.8,1.98,0.61,0.05,0.17,14.2,0.10,-2.0,-2.0,6645,1683,236,82.5,143,194,73.7,30,54,55.6,4.5,+2.1,42,36,38,22,584,1,6,2,100,1,0,0,0,2,19,82,4.16,66,0,9,1,2,10,0.51,9,0,1,0,0,0,20,13,9,6,5,5,38.5,8,7,1,21,6,4,801,4,91,48,49.5,36,37.1,538,33,37,25,607,49,51.8,76,4,18,23,1,1.47,32,28,+4,+0.20,+0.42,27.9,24.6,+3.3,+0.17,+0.25,0,24,0,0,87,25,49.0
Mark Travers,Bournemouth,ie IRL,GK,25,1999,5,5,450.0,5.0,0,0,0,0,0,0,0,0,0.0,0.0,0.0,0.0,0,0,0,0.00,0.00,0.00,0.00,0.00,0.00,0.00,0.00,0.00,0.00,Matches,5,1.00,25,20,80.0,2,2,1,1,20.0,0,0,0,N/A,1,1,0,9.5,0.38,+4.5,+0.89,33,73,45.2,103,29,41.7,36.3,39,76.9,55.8,63,1,1.6,5,1.00,12.9,0,0,N/A,0.00,0.00,N/A,N/A,N/A,N/A,0.0,0.0,3469,2692,6,100.0,51,53,96.2,43,83,51.8,0.0,0.0,0,3,0,0,95,47,0,0,0,0,0,0,0,0,0,0,0.00,0,0,0,0,0,0,0.00,0,0,0,0,0,0,0,0,0,0,0,0,N/A,0,0,0,0,5,0,162,144,0,0,N/A,0,N/A,85,0,0,0,68,90,13.2,90,5,0,N/A,18,1.60,6,5,+1,+0.20,-0.13,7.0,7.3,-0.2,-0.05,-0.53,0,0,0,0,3,1,100.0
Kieran Trippier,Newcastle Utd,eng ENG,DF,33,1990,25,14,1309.0,14.5,0,3,3,0,0,0,1,0,0.1,0.1,1.4,1.5,26,117,58,0.00,0.21,0.21,0.00,0.21,0.01,0.10,0.10,0.01,0.10,Matches,N/A,N/A,N/A,N/A,N/A,N/A,N/A,N/A,N/A,N/A,N/A,N/A,N/A,N/A,N/A,N/A,N/A,N/A,N/A,N/A,N/A,N/A,N/A,N/A,N/A,N/A,N/A,N/A,N/A,N/A,N/A,N/A,N/A,N/A,N/A,N/A,N/A,4,0,0.0,0.28,0.00,0.00,N/A,23.6,0.03,-0.1,-0.1,17676,6130,500,94.5,432,504,85.7,83,172,48.3,1.5,+1.6,22,70,22,2,1007,246,3,3,82,133,26,8,15,3,16,54,3.71,32,20,0,0,0,6,0.41,4,2,0,0,0,0,38,21,18,14,6,22,61.1,14,8,12,50,49,0,1388,50,13,4,50.0,4,50.0,609,4,11,8,847,52,38.3,77,2,11,21,6,1.60,29,18,+11,+0.76,+0.33,26.8,17.2,+9.6,+0.66,+0.29,0,16,0,0,68,22,59.5
Leandro Trossard,Arsenal,be BEL,FW,29,1994,38,28,2546.0,28.3,8,7,15,8,0,0,4,1,7.2,7.2,6.1,13.3,80,101,226,0.28,0.25,0.53,0.28,0.53,0.25,0.22,0.47,0.25,0.47,Matches,N/A,N/A,N/A,N/A,N/A,N/A,N/A,N/A,N/A,N/A,N/A,N/A,N/A,N/A,N/A,N/A,N/A,N/A,N/A,N/A,N/A,N/A,N/A,N/A,N/A,N/A,N/A,N/A,N/A,N/A,N/A,N/A,N/A,N/A,N/A,N/A,N/A,72,21,29.2,2.55,0.74,0.11,0.38,15.9,0.10,+0.8,+0.8,11435,2972,377,85.9,275,357,77.0,43,87,49.4,4.1,+0.9,41,45,48,10,917,29,7,5,86,7,9,0,0,8,41,93,3.29,72,2,7,4,2,8,0.28,8,0,0,0,0,0,31,20,6,16,9,12,35.3,22,32,9,40,18,0,1278,17,158,38,44.2,37,43.0,828,30,66,52,956,67,74.4,82,14,10,25,0,1.95,53,26,+27,+0.95,+0.13,44.5,24.2,+20.3,+0.72,+0.19,1,27,0,0,104,6,20.0
Kostas Tsimikas,Liverpool,gr GRE,DF,28,1996,18,9,837.0,9.3,0,1,1,0,0,0,2,0,0.4,0.4,2.1,2.5,17,76,43,0.00,0.11,0.11,0.00,0.11,0.04,0.23,0.27,0.04,0.27,Matches,N/A,N/A,N/A,N/A,N/A,N/A,N/A,N/A,N/A,N/A,N/A,N/A,N/A,N/A,N/A,N/A,N/A,N/A,N/A,N/A,N/A,N/A,N/A,N/A,N/A,N/A,N/A,N/A,N/A,N/A,N/A,N/A,N/A,N/A,N/A,N/A,N/A,4,2,50.0,0.43,0.22,0.00,0.00,16.1,0.10,-0.4,-0.4,9357,3100,267,94.7,222,253,87.7,49,96,51.0,2.3,-1.1,16,42,12,4,536,116,1,1,64,63,32,6,0,2,9,31,3.33,21,9,0,1,0,2,0.21,1,1,0,0,0,0,31,20,15,11,5,14,60.9,9,3,11,42,20,0,741,33,13,5,41.7,5,41.7,368,2,6,4,472,47,24.5,76,4,9,17,16,2.17,13,8,+5,+0.54,-0.86,18.8,8.8,+10.0,+1.07,-0.10,0,9,0,0,31,5,38.5
Axel Tuanzebe,Ipswich Town,cd COD,DF,26,1997,22,20,1710.0,19.0,0,1,1,0,0,0,5,1,0.2,0.2,0.3,0.5,10,61,15,0.00,0.05,0.05,0.00,0.05,0.01,0.02,0.03,0.01,0.03,Matches,N/A,N/A,N/A,N/A,N/A,N/A,N/A,N/A,N/A,N/A,N/A,N/A,N/A,N/A,N/A,N/A,N/A,N/A,N/A,N/A,N/A,N/A,N/A,N/A,N/A,N/A,N/A,N/A,N/A,N/A,N/A,N/A,N/A,N/A,N/A,N/A,N/A,4,0,0.0,0.21,0.00,0.00,N/A,15.7,0.05,-0.2,-0.2,10396,4020,380,91.3,260,314,82.8,28,49,57.1,0.3,+0.7,5,63,6,1,651,163,0,1,10,133,0,0,0,0,14,19,1.00,17,1,0,1,0,2,0.11,2,0,0,0,0,0,31,19,21,4,6,17,65.4,9,11,23,54,56,1,971,97,8,4,40.0,6,60.0,402,1,11,1,516,78,50.0,84,12,2,14,0,0.64,17,37,-20,-1.05,+0.32,17.0,31.3,-14.3,-0.75,+0.51,1,17,0,0,49,22,55.0
Destiny Udogie,Tottenham,it ITA,DF,21,2002,25,24,1924.0,21.4,0,1,1,0,0,0,2,0,0.3,0.3,1.5,1.8,54,121,94,0.00,0.05,0.05,0.00,0.05,0.01,0.07,0.08,0.01,0.08,Matches,N/A,N/A,N/A,N/A,N/A,N/A,N/A,N/A,N/A,N/A,N/A,N/A,N/A,N/A,N/A,N/A,N/A,N/A,N/A,N/A,N/A,N/A,N/A,N/A,N/A,N/A,N/A,N/A,N/A,N/A,N/A,N/A,N/A,N/A,N/A,N/A,N/A,5,1,20.0,0.23,0.05,0.00,0.00,15.1,0.06,-0.3,-0.3,14117,4770,544,91.1,371,412,90.0,26,33,78.8,1.2,-0.5,16,89,6,1,944,170,0,0,19,142,0,0,0,1,34,36,1.68,31,0,0,1,3,3,0.14,2,0,0,0,0,1,75,47,42,26,7,33,68.8,15,34,22,97,36,1,1376,63,49,13,40.6,16,50.0,758,12,37,19,819,77,56.3,80,14,1,4,5,1.12,36,35,+1,+0.05,+0.17,34.5,33.3,+1.2,+0.06,+0.40,0,29,0,0,111,13,50.0
Manuel Ugarte,Manchester Utd,uy URU,MF,23,2001,29,22,1785.0,19.8,1,2,3,1,0,0,11,0,1.0,1.0,1.1,2.1,16,61,20,0.05,0.10,0.15,0.05,0.15,0.05,0.06,0.11,0.05,0.11,Matches,N/A,N/A,N/A,N/A,N/A,N/A,N/A,N/A,N/A,N/A,N/A,N/A,N/A,N/A,N/A,N/A,N/A,N/A,N/A,N/A,N/A,N/A,N/A,N/A,N/A,N/A,N/A,N/A,N/A,N/A,N/A,N/A,N/A,N/A,N/A,N/A,N/A,19,4,21.1,0.96,0.20,0.05,0.25,21.7,0.05,0.0,0.0,13018,2801,410,89.7,310,333,93.1,62,83,74.7,0.7,+0.9,10,59,9,3,883,23,2,5,7,2,0,0,0,4,12,31,1.56,24,0,0,2,3,4,0.20,3,0,0,1,0,0,77,49,34,34,9,30,44.1,38,29,27,104,17,2,1161,46,16,18,56.3,10,31.3,668,1,32,25,728,62,52.2,75,8,7,20,3,1.17,24,33,-9,-0.45,-0.40,21.0,28.8,-7.8,-0.40,-0.76,0,41,0,0,122,18,50.0
Lesley Ugochukwu,Southampton,fr FRA,MF,20,2004,26,18,1655.0,18.4,1,1,2,1,0,0,7,0,0.9,0.9,1.0,1.9,29,49,20,0.05,0.05,0.11,0.05,0.11,0.05,0.06,0.10,0.05,0.10,Matches,N/A,N/A,N/A,N/A,N/A,N/A,N/A,N/A,N/A,N/A,N/A,N/A,N/A,N/A,N/A,N/A,N/A,N/A,N/A,N/A,N/A,N/A,N/A,N/A,N/A,N/A,N/A,N/A,N/A,N/A,N/A,N/A,N/A,N/A,N/A,N/A,N/A,10,1,10.0,0.54,0.05,0.10,1.00,17.0,0.09,+0.1,+0.1,9335,2081,289,88.4,265,292,90.8,23,38,60.5,0.6,0.0,14,54,7,1,697,9,2,0,6,0,0,0,0,0,11,24,1.30,20,0,1,2,0,1,0.05,0,0,0,1,0,0,50,24,16,30,4,18,50.0,18,17,14,64,23,2,879,50,24,19,67.9,8,28.6,479,6,12,13,600,64,48.4,77,4,8,33,6,0.42,13,39,-26,-1.41,+0.32,13.5,39.5,-26.0,-1.41,-0.08,0,31,0,1,67,20,52.6
Enes Ünal,Bournemouth,tr TUR,"FW,MF",27,1997,17,2,345.0,3.8,2,1,3,2,0,0,2,0,2.7,2.7,0.4,3.1,4,12,22,0.52,0.26,0.78,0.52,0.78,0.72,0.10,0.82,0.72,0.82,Matches,N/A,N/A,N/A,N/A,N/A,N/A,N/A,N/A,N/A,N/A,N/A,N/A,N/A,N/A,N/A,N/A,N/A,N/A,N/A,N/A,N/A,N/A,N/A,N/A,N/A,N/A,N/A,N/A,N/A,N/A,N/A,N/A,N/A,N/A,N/A,N/A,N/A,20,7,35.0,5.22,1.83,0.10,0.29,14.6,0.14,-0.7,-0.7,685,192,40,76.9,17,28,60.7,0,1,0.0,0.3,+0.6,4,4,4,0,96,2,1,1,4,0,0,0,0,1,6,9,2.35,6,0,0,1,0,3,0.78,2,0,0,0,1,0,1,0,0,0,1,0,0.0,3,1,0,1,6,0,172,6,26,1,8.3,10,83.3,91,1,17,13,133,20,10.1,62,0,15,15,0,1.65,6,3,+3,+0.78,+0.52,7.8,6.3,+1.5,+0.38,-0.03,0,6,0,0,16,24,52.2
Hákon Valdimarsson,Brentford,is ISL,GK,22,2001,2,1,145.0,1.6,0,0,0,0,0,0,0,0,0.0,0.0,0.0,0.0,0,0,0,0.00,0.00,0.00,0.00,0.00,0.00,0.00,0.00,0.00,0.00,Matches,2,1.24,4,3,50.0,0,0,1,1,100.0,0,0,0,N/A,0,0,1,0.6,0.14,-0.4,-0.26,15,38,39.5,54,7,42.6,34.9,16,93.8,59.3,16,2,12.5,0,0.00,4.7,0,0,N/A,0.00,0.00,N/A,N/A,N/A,N/A,0.0,0.0,1445,1110,8,100.0,21,21,100.0,17,41,41.5,0.0,0.0,0,2,0,0,50,20,0,0,0,0,0,0,0,0,0,2,1.24,2,0,0,0,0,0,0.00,0,0,0,0,0,0,0,0,0,0,0,0,N/A,0,0,0,0,2,0,72,60,0,0,N/A,0,N/A,44,0,0,0,36,73,4.2,90,1,1,55,36,0.50,0,2,-2,-1.24,-1.54,3.1,1.5,+1.7,+1.03,+0.97,0,0,0,0,1,1,100.0
Virgil van Dijk,Liverpool,nl NED,DF,33,1991,37,37,3330.0,37.0,3,1,4,3,0,0,5,0,2.2,2.2,0.7,3.0,22,198,6,0.08,0.03,0.11,0.08,0.11,0.06,0.02,0.08,0.06,0.08,Matches,N/A,N/A,N/A,N/A,N/A,N/A,N/A,N/A,N/A,N/A,N/A,N/A,N/A,N/A,N/A,N/A,N/A,N/A,N/A,N/A,N/A,N/A,N/A,N/A,N/A,N/A,N/A,N/A,N/A,N/A,N/A,N/A,N/A,N/A,N/A,N/A,N/A,27,8,29.6,0.73,0.22,0.11,0.38,13.1,0.08,+0.8,+0.8,49026,19099,1099,96.2,1333,1397,95.4,229,341,67.2,1.0,+0.3,12,290,7,0,2707,224,1,22,1,8,0,0,0,3,9,48,1.30,41,0,1,1,2,4,0.11,4,0,0,0,0,0,38,20,17,19,2,13,59.1,9,11,56,94,190,4,3300,450,48,3,60.0,2,40.0,1856,3,10,5,2281,90,97.4,90,37,0,N/A,1,2.27,84,38,+46,+1.24,+2.24,79.9,36.4,+43.5,+1.18,+1.14,0,17,0,0,115,119,72.1
Jamie Vardy,Leicester City,eng ENG,FW,37,1987,35,35,2823.0,31.4,9,4,13,8,1,2,5,0,11.2,9.6,3.0,12.6,29,22,120,0.29,0.13,0.41,0.26,0.38,0.36,0.10,0.45,0.31,0.40,Matches,N/A,N/A,N/A,N/A,N/A,N/A,N/A,N/A,N/A,N/A,N/A,N/A,N/A,N/A,N/A,N/A,N/A,N/A,N/A,N/A,N/A,N/A,N/A,N/A,N/A,N/A,N/A,N/A,N/A,N/A,N/A,N/A,N/A,N/A,N/A,N/A,N/A,56,23,41.1,1.79,0.73,0.14,0.35,12.1,0.17,-2.2,-1.6,3776,424,141,74.2,86,114,75.4,15,22,68.2,2.6,+1.0,19,11,10,1,335,47,1,1,11,0,0,0,0,7,15,47,1.50,33,0,6,6,0,10,0.32,5,0,2,1,2,0,19,13,7,7,5,4,30.8,9,4,5,24,24,0,586,30,111,11,47.8,10,43.5,285,16,34,14,382,81,82.5,81,20,0,N/A,0,0.71,28,68,-40,-1.28,-0.22,27.5,61.9,-34.4,-1.10,-0.36,0,25,2,0,39,50,47.6
Renato Veiga,Chelsea,pt POR,"DF,MF",21,2003,7,1,181.0,2.0,0,0,0,0,0,0,2,0,0.1,0.1,0.0,0.1,4,7,3,0.00,0.00,0.00,0.00,0.00,0.07,0.00,0.07,0.07,0.07,Matches,N/A,N/A,N/A,N/A,N/A,N/A,N/A,N/A,N/A,N/A,N/A,N/A,N/A,N/A,N/A,N/A,N/A,N/A,N/A,N/A,N/A,N/A,N/A,N/A,N/A,N/A,N/A,N/A,N/A,N/A,N/A,N/A,N/A,N/A,N/A,N/A,N/A,3,1,33.3,1.49,0.50,0.00,0.00,17.1,0.05,-0.1,-0.1,2171,435,45,88.2,55,61,90.2,13,21,61.9,0.2,0.0,0,6,1,0,127,12,0,0,0,7,0,0,0,0,1,1,0.49,0,0,0,0,0,0,0.00,0,0,0,0,0,0,9,6,6,3,0,4,33.3,8,2,1,10,2,0,167,2,3,3,60.0,2,40.0,85,1,1,0,110,26,5.3,90,1,6,15,13,2.14,2,2,0,0.00,-0.58,2.0,3.0,-1.1,-0.52,-1.12,0,6,0,0,9,3,50.0
Joël Veltman,Brighton,nl NED,DF,32,1992,21,19,1697.0,18.9,0,0,0,0,0,0,5,0,0.5,0.5,0.5,0.9,32,85,34,0.00,0.00,0.00,0.00,0.00,0.02,0.02,0.05,0.02,0.05,Matches,N/A,N/A,N/A,N/A,N/A,N/A,N/A,N/A,N/A,N/A,N/A,N/A,N/A,N/A,N/A,N/A,N/A,N/A,N/A,N/A,N/A,N/A,N/A,N/A,N/A,N/A,N/A,N/A,N/A,N/A,N/A,N/A,N/A,N/A,N/A,N/A,N/A,6,1,16.7,0.32,0.05,0.00,0.00,19.7,0.08,-0.5,-0.5,12563,3243,365,89.9,307,380,80.8,63,99,63.6,1.3,-0.5,6,66,9,5,756,170,2,3,24,128,0,0,0,3,21,23,1.22,16,2,2,2,0,2,0.11,1,1,0,0,0,0,43,29,24,16,3,31,59.6,21,15,19,62,66,0,1133,65,10,4,26.7,5,33.3,548,3,19,7,626,81,49.6,86,14,2,27,3,1.81,32,24,+8,+0.42,+0.48,26.5,24.3,+2.2,+0.11,+0.01,0,27,0,1,68,21,53.8
Micky van de Ven,Tottenham,nl NED,DF,23,2001,13,12,1015.0,11.3,0,2,2,0,0,0,4,0,0.6,0.6,1.2,1.7,8,51,1,0.00,0.18,0.18,0.00,0.18,0.05,0.10,0.15,0.05,0.15,Matches,N/A,N/A,N/A,N/A,N/A,N/A,N/A,N/A,N/A,N/A,N/A,N/A,N/A,N/A,N/A,N/A,N/A,N/A,N/A,N/A,N/A,N/A,N/A,N/A,N/A,N/A,N/A,N/A,N/A,N/A,N/A,N/A,N/A,N/A,N/A,N/A,N/A,6,2,33.3,0.53,0.18,0.00,0.00,11.1,0.09,-0.6,-0.6,13817,4206,217,91.9,455,471,96.6,50,80,62.5,0.7,+0.8,2,50,1,0,758,43,0,1,0,4,0,0,0,1,5,11,0.98,8,0,0,1,0,2,0.18,2,0,0,0,0,0,10,6,5,4,1,8,57.1,6,4,10,20,39,1,895,110,9,4,50.0,4,50.0,620,1,5,5,651,78,29.7,82,7,1,30,6,1.08,22,17,+5,+0.44,+0.67,22.3,13.0,+9.3,+0.82,+1.34,0,10,0,0,63,19,48.7
Bart Verbruggen,Brighton,nl NED,GK,21,2002,36,36,3240.0,36.0,0,1,1,0,0,0,5,0,0.0,0.0,0.0,0.0,0,2,0,0.00,0.03,0.03,0.00,0.03,0.00,0.00,0.00,0.00,0.00,Matches,58,1.61,143,87,65.7,14,13,9,7,19.4,9,0,0,0.0,1,4,2,51.0,0.31,-5.0,-0.14,122,386,31.6,1226,122,26.9,29.7,83,67.5,48.5,414,27,6.5,47,1.31,13.9,0,0,N/A,0.00,0.00,N/A,N/A,N/A,N/A,0.0,0.0,23986,16175,287,99.3,476,484,98.3,242,528,45.8,0.0,+1.0,1,20,1,0,1164,145,0,0,0,0,0,0,0,6,2,5,0.14,5,0,0,0,0,1,0.03,1,0,0,0,0,0,0,0,0,0,0,0,0.0,3,1,0,0,29,5,1406,1109,0,2,100.0,0,0.0,955,1,2,0,909,90,94.7,90,36,0,N/A,0,1.53,61,58,+3,+0.08,-1.92,55.2,52.7,+2.5,+0.07,-0.75,0,0,0,0,59,10,90.9
Jannik Vestergaard,Leicester City,dk DEN,DF,31,1992,18,16,1391.0,15.5,0,0,0,0,0,0,5,0,0.1,0.1,0.1,0.2,3,32,2,0.00,0.00,0.00,0.00,0.00,0.01,0.01,0.01,0.01,0.01,Matches,N/A,N/A,N/A,N/A,N/A,N/A,N/A,N/A,N/A,N/A,N/A,N/A,N/A,N/A,N/A,N/A,N/A,N/A,N/A,N/A,N/A,N/A,N/A,N/A,N/A,N/A,N/A,N/A,N/A,N/A,N/A,N/A,N/A,N/A,N/A,N/A,N/A,3,2,66.7,0.19,0.13,0.00,0.00,9.7,0.03,-0.1,-0.1,14697,5807,397,95.0,416,444,93.7,48,81,59.3,0.1,-0.1,3,34,1,0,890,68,0,2,0,0,0,0,0,1,4,7,0.45,6,0,0,0,1,0,0.00,0,0,0,0,0,0,22,10,16,6,0,9,60.0,6,7,16,38,74,1,1092,196,10,4,100.0,0,0.0,672,0,2,0,757,77,40.7,81,10,2,51,2,0.50,7,35,-28,-1.81,-0.97,12.0,24.8,-12.9,-0.83,+0.34,0,12,0,0,46,26,57.8
Guglielmo Vicario,Tottenham,it ITA,GK,27,1996,24,24,2160.0,24.0,0,0,0,0,0,0,1,0,0.0,0.0,0.0,0.0,0,1,0,0.00,0.00,0.00,0.00,0.00,0.00,0.00,0.00,0.00,0.00,Matches,37,1.54,102,67,64.7,9,3,12,4,16.7,1,0,0,0.0,0,6,2,37.4,0.36,+2.4,+0.10,28,95,29.5,809,120,10.5,22.8,65,15.4,22.8,312,30,9.6,31,1.29,13.3,0,0,N/A,0.00,0.00,N/A,N/A,N/A,N/A,0.0,0.0,15137,8856,237,99.2,431,446,96.6,89,180,49.4,0.0,0.0,0,2,0,0,773,101,0,1,0,0,0,0,0,0,2,4,0.17,4,0,0,0,0,0,0.00,0,0,0,0,0,0,0,0,0,0,0,0,N/A,0,0,1,1,14,6,928,626,0,1,100.0,0,0.0,661,0,0,0,597,90,63.2,90,24,0,N/A,2,1.25,43,37,+6,+0.25,+0.75,41.8,33.2,+8.6,+0.36,+1.29,0,0,0,0,32,9,100.0
Kyle Walker,Manchester City,eng ENG,DF,34,1990,15,9,970.0,10.8,0,0,0,0,0,0,3,0,0.1,0.1,0.4,0.6,12,64,11,0.00,0.00,0.00,0.00,0.00,0.01,0.04,0.05,0.01,0.05,Matches,N/A,N/A,N/A,N/A,N/A,N/A,N/A,N/A,N/A,N/A,N/A,N/A,N/A,N/A,N/A,N/A,N/A,N/A,N/A,N/A,N/A,N/A,N/A,N/A,N/A,N/A,N/A,N/A,N/A,N/A,N/A,N/A,N/A,N/A,N/A,N/A,N/A,5,2,40.0,0.46,0.19,0.00,0.00,27.7,0.03,-0.1,-0.1,11928,3918,367,94.6,305,334,91.3,42,82,51.2,1.3,-0.4,7,63,7,4,727,99,2,7,14,81,0,0,0,0,8,17,1.58,17,0,0,0,0,0,0.00,0,0,0,0,0,0,17,10,7,7,3,14,53.8,12,9,3,20,13,1,892,26,5,3,50.0,2,33.3,499,0,9,2,630,65,28.4,89,8,6,29,2,1.40,13,21,-8,-0.74,-2.06,15.4,19.3,-3.9,-0.36,-1.26,0,6,0,0,46,9,56.3
Kyle Walker-Peters,Southampton,eng ENG,DF,27,1997,33,33,2918.0,32.4,0,2,2,0,0,0,5,0,0.8,0.8,2.8,3.6,114,139,144,0.00,0.06,0.06,0.00,0.06,0.03,0.09,0.11,0.03,0.11,Matches,N/A,N/A,N/A,N/A,N/A,N/A,N/A,N/A,N/A,N/A,N/A,N/A,N/A,N/A,N/A,N/A,N/A,N/A,N/A,N/A,N/A,N/A,N/A,N/A,N/A,N/A,N/A,N/A,N/A,N/A,N/A,N/A,N/A,N/A,N/A,N/A,N/A,20,6,30.0,0.62,0.19,0.00,0.00,18.3,0.04,-0.8,-0.8,22418,6584,832,93.9,573,637,90.0,56,93,60.2,2.3,-0.8,24,119,30,4,1500,190,5,2,51,144,0,0,0,3,33,63,1.94,40,3,10,3,2,7,0.22,5,0,1,1,0,0,44,29,22,15,7,16,45.7,19,12,19,63,90,1,2022,151,59,38,41.3,39,42.4,1271,24,32,39,1433,88,85.3,88,29,0,N/A,2,0.30,23,77,-54,-1.67,-0.59,26.6,74.2,-47.7,-1.47,-0.67,0,28,0,0,135,11,34.4
Christian Walton,Ipswich Town,eng ENG,GK,28,1995,7,7,630.0,7.0,0,0,0,0,0,0,0,0,0.0,0.0,0.0,0.0,0,0,0,0.00,0.00,0.00,0.00,0.00,0.00,0.00,0.00,0.00,0.00,Matches,19,2.71,39,20,56.4,1,1,5,1,14.3,2,0,0,0.0,0,0,0,17.1,0.40,-1.9,-0.28,42,116,36.2,204,35,42.6,34.3,51,56.9,44.5,111,12,10.8,2,0.29,8.2,0,0,N/A,0.00,0.00,N/A,N/A,N/A,N/A,0.0,0.0,4784,3409,49,100.0,80,82,97.6,48,124,38.7,0.0,0.0,1,3,0,0,185,70,0,0,0,0,0,0,0,0,0,2,0.29,1,1,0,0,0,0,0.00,0,0,0,0,0,0,0,0,0,0,0,0,0.0,1,0,0,0,2,1,272,248,0,0,N/A,0,N/A,143,0,0,0,131,90,18.4,90,7,0,N/A,27,0.57,6,19,-13,-1.86,-0.79,5.6,13.8,-8.2,-1.17,-0.20,0,0,0,0,6,2,100.0
Aaron Wan-Bissaka,West Ham,cd COD,DF,26,1997,36,35,3154.0,35.0,2,5,7,2,0,0,1,0,1.2,1.2,3.5,4.7,110,149,167,0.06,0.14,0.20,0.06,0.20,0.03,0.10,0.14,0.03,0.14,Matches,N/A,N/A,N/A,N/A,N/A,N/A,N/A,N/A,N/A,N/A,N/A,N/A,N/A,N/A,N/A,N/A,N/A,N/A,N/A,N/A,N/A,N/A,N/A,N/A,N/A,N/A,N/A,N/A,N/A,N/A,N/A,N/A,N/A,N/A,N/A,N/A,N/A,16,5,31.3,0.46,0.14,0.13,0.40,15.1,0.07,+0.8,+0.8,20696,7523,953,90.2,449,550,81.6,48,105,45.7,2.8,+1.5,33,94,35,11,1568,243,5,1,76,232,0,0,0,4,62,93,2.65,75,4,7,2,2,10,0.29,9,0,0,1,0,0,70,49,33,32,5,23,71.9,9,26,66,136,125,0,2256,147,48,64,52.5,43,35.2,1092,15,35,22,1322,88,92.2,89,33,1,29,1,1.17,44,59,-15,-0.43,-0.09,42.3,56.2,-13.9,-0.40,-0.80,0,25,0,0,174,22,40.0
Danny Ward,Leicester City,wls WAL,GK,31,1993,2,1,135.0,1.5,0,0,0,0,0,0,0,0,0.0,0.0,0.0,0.0,0,0,0,0.00,0.00,0.00,0.00,0.00,0.00,0.00,0.00,0.00,0.00,Matches,6,4.00,10,4,40.0,0,0,1,0,0.0,0,0,0,N/A,0,0,0,2.8,0.28,-3.2,-2.11,10,22,45.5,46,9,37.0,32.0,7,71.4,52.0,11,0,0.0,2,1.33,20.7,0,0,N/A,0.00,0.00,N/A,N/A,N/A,N/A,0.0,0.0,1162,949,6,100.0,20,20,100.0,15,27,55.6,0.0,0.0,0,2,0,0,46,7,0,0,0,0,0,0,0,0,0,0,0.00,0,0,0,0,0,0,0.00,0,0,0,0,0,0,0,0,0,0,0,0,N/A,0,0,0,0,1,0,55,40,0,0,0.0,1,100.0,44,0,0,0,35,68,3.9,90,1,1,45,14,0.00,0,6,-6,-4.00,-2.88,0.9,3.4,-2.5,-1.70,-0.69,0,0,0,0,1,0,N/A
James Ward-Prowse,West Ham,eng ENG,MF,29,1994,15,12,1039.0,11.5,1,1,2,1,0,0,2,0,1.6,1.6,1.9,3.6,11,54,9,0.09,0.09,0.17,0.09,0.17,0.14,0.17,0.31,0.14,0.31,Matches,N/A,N/A,N/A,N/A,N/A,N/A,N/A,N/A,N/A,N/A,N/A,N/A,N/A,N/A,N/A,N/A,N/A,N/A,N/A,N/A,N/A,N/A,N/A,N/A,N/A,N/A,N/A,N/A,N/A,N/A,N/A,N/A,N/A,N/A,N/A,N/A,N/A,13,5,38.5,1.13,0.43,0.08,0.20,19.9,0.13,-0.6,-0.6,11241,3140,354,95.9,257,281,91.5,56,96,58.3,1.8,-0.9,20,76,5,2,699,64,0,9,49,1,18,14,1,5,4,34,2.95,19,11,0,0,1,1,0.09,0,1,0,0,0,0,20,14,8,8,4,7,36.8,12,3,8,28,15,0,849,30,11,2,40.0,3,60.0,427,0,3,6,593,69,30.4,80,6,3,25,1,1.07,12,11,+1,+0.09,+0.73,12.9,13.7,-0.8,-0.07,+0.38,0,10,0,0,52,10,66.7
James Ward-Prowse,Nott'ham Forest,eng ENG,MF,29,1994,9,5,400.0,4.4,0,1,1,0,0,0,2,1,0.1,0.1,1.1,1.2,1,16,3,0.00,0.23,0.23,0.00,0.23,0.01,0.25,0.26,0.01,0.26,Matches,N/A,N/A,N/A,N/A,N/A,N/A,N/A,N/A,N/A,N/A,N/A,N/A,N/A,N/A,N/A,N/A,N/A,N/A,N/A,N/A,N/A,N/A,N/A,N/A,N/A,N/A,N/A,N/A,N/A,N/A,N/A,N/A,N/A,N/A,N/A,N/A,N/A,2,1,50.0,0.45,0.23,0.00,0.00,29.0,0.03,-0.1,-0.1,2296,768,82,93.2,53,61,86.9,8,23,34.8,0.8,-0.1,4,16,2,0,157,24,0,1,19,0,3,5,0,1,1,10,2.25,6,4,0,0,0,2,0.45,1,1,0,0,0,0,4,1,1,3,0,2,100.0,0,1,5,9,8,0,205,13,1,0,N/A,0,N/A,92,0,3,3,115,44,11.7,75,2,4,6,9,1.56,4,7,-3,-0.68,-1.12,4.4,5.3,-0.9,-0.21,-0.13,1,7,0,0,19,3,37.5
Ollie Watkins,Aston Villa,eng ENG,FW,28,1995,38,31,2598.0,28.9,16,8,24,14,2,2,2,0,15.3,13.8,3.3,17.1,55,31,165,0.55,0.28,0.83,0.48,0.76,0.53,0.12,0.65,0.48,0.59,Matches,N/A,N/A,N/A,N/A,N/A,N/A,N/A,N/A,N/A,N/A,N/A,N/A,N/A,N/A,N/A,N/A,N/A,N/A,N/A,N/A,N/A,N/A,N/A,N/A,N/A,N/A,N/A,N/A,N/A,N/A,N/A,N/A,N/A,N/A,N/A,N/A,N/A,82,36,43.9,2.84,1.25,0.17,0.39,12.1,0.17,+0.7,+0.2,3915,656,192,78.0,85,110,77.3,9,13,69.2,2.1,+4.7,24,12,13,0,415,6,1,1,7,0,0,0,0,3,17,53,1.84,36,0,4,6,0,12,0.42,8,0,1,1,2,0,10,7,0,6,4,3,27.3,8,8,8,18,15,2,695,18,168,10,24.4,27,65.9,409,38,60,50,552,68,76.0,78,11,7,25,0,1.74,49,40,+9,+0.31,+0.53,43.8,38.7,+5.1,+0.18,+0.08,0,29,2,0,43,52,42.3
Adam Webster,Brighton,eng ENG,DF,29,1995,14,11,887.0,9.9,0,0,0,0,0,0,1,0,0.2,0.2,0.5,0.7,8,63,2,0.00,0.00,0.00,0.00,0.00,0.03,0.05,0.08,0.03,0.08,Matches,N/A,N/A,N/A,N/A,N/A,N/A,N/A,N/A,N/A,N/A,N/A,N/A,N/A,N/A,N/A,N/A,N/A,N/A,N/A,N/A,N/A,N/A,N/A,N/A,N/A,N/A,N/A,N/A,N/A,N/A,N/A,N/A,N/A,N/A,N/A,N/A,N/A,5,1,20.0,0.51,0.10,0.00,0.00,10.8,0.05,-0.2,-0.2,11765,4541,242,94.2,333,354,94.1,53,97,54.6,0.3,-0.5,3,64,2,0,650,73,0,3,2,0,0,0,0,2,5,14,1.42,10,2,0,0,0,4,0.41,2,1,0,1,0,0,10,6,5,4,1,6,42.9,8,7,20,30,41,2,824,119,15,1,33.3,2,66.7,476,0,5,1,552,63,25.9,77,8,3,14,7,2.29,26,11,+15,+1.52,+1.81,19.0,14.3,+4.6,+0.47,+0.49,0,7,0,1,35,24,80.0
Danny Welbeck,Brighton,eng ENG,FW,33,1990,30,24,2115.0,23.5,10,4,14,9,1,1,5,0,9.6,8.8,1.4,10.1,21,47,95,0.43,0.17,0.60,0.38,0.55,0.41,0.06,0.46,0.37,0.43,Matches,N/A,N/A,N/A,N/A,N/A,N/A,N/A,N/A,N/A,N/A,N/A,N/A,N/A,N/A,N/A,N/A,N/A,N/A,N/A,N/A,N/A,N/A,N/A,N/A,N/A,N/A,N/A,N/A,N/A,N/A,N/A,N/A,N/A,N/A,N/A,N/A,N/A,59,23,39.0,2.51,0.98,0.15,0.39,15.3,0.15,+0.4,+0.2,4936,1008,277,87.7,91,105,86.7,11,12,91.7,1.4,+2.6,23,18,14,0,472,18,0,0,3,2,0,0,0,1,13,53,2.26,39,1,3,6,0,8,0.34,7,0,0,1,0,0,26,16,6,15,5,8,40.0,12,15,5,31,14,0,726,18,102,13,35.1,21,56.8,448,8,49,28,547,71,61.8,84,11,6,17,0,1.70,41,37,+4,+0.17,-0.04,34.9,36.8,-1.8,-0.08,-0.49,0,11,0,0,46,17,34.7
Welington,Southampton,br BRA,DF,23,2001,10,6,482.0,5.4,0,0,0,0,0,0,1,0,0.0,0.0,0.1,0.1,5,11,19,0.00,0.00,0.00,0.00,0.00,0.01,0.01,0.02,0.01,0.02,Matches,N/A,N/A,N/A,N/A,N/A,N/A,N/A,N/A,N/A,N/A,N/A,N/A,N/A,N/A,N/A,N/A,N/A,N/A,N/A,N/A,N/A,N/A,N/A,N/A,N/A,N/A,N/A,N/A,N/A,N/A,N/A,N/A,N/A,N/A,N/A,N/A,N/A,3,0,0.0,0.56,0.00,0.00,N/A,31.3,0.01,0.0,0.0,2273,695,71,89.9,61,79,77.2,8,16,50.0,0.2,-0.1,3,8,5,4,147,39,0,1,17,28,5,0,0,0,8,7,1.31,6,1,0,0,0,1,0.19,1,0,0,0,0,0,21,9,15,5,1,12,63.2,7,4,7,28,36,0,276,31,3,5,55.6,3,33.3,100,1,9,4,120,48,14.1,73,2,4,11,3,0.60,4,10,-6,-1.12,+0.53,3.0,11.6,-8.6,-1.61,-0.28,0,6,0,1,21,5,55.6
Timo Werner,Tottenham,de GER,"FW,MF",28,1996,18,4,516.0,5.7,0,3,3,0,0,0,0,0,1.0,1.0,2.5,3.5,42,30,89,0.00,0.52,0.52,0.00,0.52,0.17,0.44,0.61,0.17,0.61,Matches,N/A,N/A,N/A,N/A,N/A,N/A,N/A,N/A,N/A,N/A,N/A,N/A,N/A,N/A,N/A,N/A,N/A,N/A,N/A,N/A,N/A,N/A,N/A,N/A,N/A,N/A,N/A,N/A,N/A,N/A,N/A,N/A,N/A,N/A,N/A,N/A,N/A,8,3,37.5,1.40,0.52,0.00,0.00,18.2,0.12,-1.0,-1.0,2383,597,80,82.5,61,86,70.9,7,18,38.9,1.5,+0.5,10,3,15,2,222,12,2,2,28,8,1,0,0,2,15,18,3.13,14,0,2,1,0,3,0.52,3,0,0,0,0,0,6,4,3,3,0,3,23.1,10,9,1,7,7,0,298,8,33,10,52.6,8,42.1,215,18,14,6,227,29,15.1,71,0,14,17,3,0.83,10,12,-2,-0.35,-0.38,11.3,11.5,-0.2,-0.04,+0.10,0,3,0,0,18,0,0.0
Adam Wharton,Crystal Palace,eng ENG,MF,20,2004,20,16,1318.0,14.6,0,2,2,0,0,0,2,0,0.4,0.4,3.0,3.4,14,107,11,0.00,0.14,0.14,0.00,0.14,0.03,0.21,0.23,0.03,0.23,Matches,N/A,N/A,N/A,N/A,N/A,N/A,N/A,N/A,N/A,N/A,N/A,N/A,N/A,N/A,N/A,N/A,N/A,N/A,N/A,N/A,N/A,N/A,N/A,N/A,N/A,N/A,N/A,N/A,N/A,N/A,N/A,N/A,N/A,N/A,N/A,N/A,N/A,13,5,38.5,0.89,0.34,0.00,0.00,25.4,0.03,-0.4,-0.4,10271,3780,208,82.5,258,322,80.1,70,107,65.4,2.2,-1.0,26,78,18,5,678,40,5,1,39,0,19,1,0,7,12,59,4.03,45,11,0,0,1,6,0.41,4,2,0,0,0,0,34,14,14,16,4,17,38.6,27,9,20,54,27,0,872,30,11,2,20.0,8,80.0,430,2,17,13,533,66,38.5,77,3,4,23,1,1.25,18,21,-3,-0.20,-0.33,21.1,19.2,+1.9,+0.13,-0.27,0,12,0,0,102,7,30.4
Ben White,Arsenal,eng ENG,DF,26,1997,17,13,1198.0,13.3,0,2,2,0,0,0,2,0,0.5,0.5,1.4,1.8,23,59,42,0.00,0.15,0.15,0.00,0.15,0.03,0.10,0.14,0.03,0.14,Matches,N/A,N/A,N/A,N/A,N/A,N/A,N/A,N/A,N/A,N/A,N/A,N/A,N/A,N/A,N/A,N/A,N/A,N/A,N/A,N/A,N/A,N/A,N/A,N/A,N/A,N/A,N/A,N/A,N/A,N/A,N/A,N/A,N/A,N/A,N/A,N/A,N/A,9,2,22.2,0.68,0.15,0.00,0.00,19.4,0.05,-0.5,-0.5,9173,2998,309,91.7,234,276,84.8,24,50,48.0,1.4,+0.6,10,55,11,2,583,107,1,7,17,83,0,0,0,2,7,23,1.73,22,1,0,0,0,2,0.15,2,0,0,0,0,0,20,14,10,4,6,16,42.1,22,2,16,36,44,0,813,55,28,0,0.0,5,83.3,394,4,10,6,494,70,35.0,86,10,4,19,3,1.47,20,13,+7,+0.53,-0.61,18.9,16.2,+2.7,+0.21,-0.71,0,10,0,0,37,18,66.7
Mats Wieffer,Brighton,nl NED,"DF,MF",24,1999,25,10,1015.0,11.3,1,3,4,1,0,0,6,0,0.8,0.8,1.6,2.4,18,62,23,0.09,0.27,0.35,0.09,0.35,0.07,0.14,0.21,0.07,0.21,Matches,N/A,N/A,N/A,N/A,N/A,N/A,N/A,N/A,N/A,N/A,N/A,N/A,N/A,N/A,N/A,N/A,N/A,N/A,N/A,N/A,N/A,N/A,N/A,N/A,N/A,N/A,N/A,N/A,N/A,N/A,N/A,N/A,N/A,N/A,N/A,N/A,N/A,9,4,44.4,0.80,0.35,0.11,0.25,13.2,0.08,+0.2,+0.2,9762,2650,286,90.2,258,298,86.6,38,50,76.0,1.0,+1.4,16,53,9,2,647,49,0,1,13,36,0,0,0,2,14,32,2.83,28,0,0,2,0,6,0.53,5,0,0,0,1,0,58,34,27,27,4,32,68.1,15,16,17,75,28,3,867,55,22,7,46.7,7,46.7,483,1,19,9,533,41,29.7,79,5,15,15,3,1.60,25,22,+3,+0.27,+0.12,17.5,19.1,-1.6,-0.15,-0.36,0,23,1,1,68,32,56.1
Neco Williams,Nott'ham Forest,wls WAL,DF,23,2001,35,28,2594.0,28.8,1,3,4,1,0,0,7,0,2.3,2.3,1.6,3.9,68,89,103,0.03,0.10,0.14,0.03,0.14,0.08,0.05,0.13,0.08,0.13,Matches,N/A,N/A,N/A,N/A,N/A,N/A,N/A,N/A,N/A,N/A,N/A,N/A,N/A,N/A,N/A,N/A,N/A,N/A,N/A,N/A,N/A,N/A,N/A,N/A,N/A,N/A,N/A,N/A,N/A,N/A,N/A,N/A,N/A,N/A,N/A,N/A,N/A,37,7,18.9,1.28,0.24,0.03,0.14,20.2,0.06,-1.3,-1.3,12607,5011,488,90.4,282,391,72.1,40,107,37.4,1.5,+1.4,18,69,22,10,888,224,1,4,59,203,0,2,0,4,31,51,1.77,37,6,0,3,0,6,0.21,4,1,0,1,0,0,90,57,63,19,8,53,61.6,33,32,31,121,137,3,1565,155,45,18,39.1,19,41.3,650,16,36,21,744,74,75.8,88,23,7,17,3,1.77,47,31,+16,+0.56,+0.99,35.1,37.5,-2.4,-0.08,+0.03,0,24,0,0,110,40,57.1
Willian,Fulham,br BRA,"FW,MF",35,1988,10,2,257.0,2.9,0,0,0,0,0,0,0,0,0.3,0.3,0.5,0.8,11,40,33,0.00,0.00,0.00,0.00,0.00,0.10,0.18,0.28,0.10,0.28,Matches,N/A,N/A,N/A,N/A,N/A,N/A,N/A,N/A,N/A,N/A,N/A,N/A,N/A,N/A,N/A,N/A,N/A,N/A,N/A,N/A,N/A,N/A,N/A,N/A,N/A,N/A,N/A,N/A,N/A,N/A,N/A,N/A,N/A,N/A,N/A,N/A,N/A,7,0,0.0,2.45,0.00,0.00,N/A,22.1,0.04,-0.3,-0.3,3198,855,86,94.5,75,88,85.2,17,23,73.9,0.7,-0.5,7,19,10,2,196,11,0,4,16,2,3,4,0,1,1,17,5.93,11,4,0,0,0,0,0.00,0,0,0,0,0,0,4,2,0,3,1,2,33.3,4,0,1,5,1,0,231,1,7,1,14.3,4,57.1,148,2,3,1,183,26,7.5,76,0,8,13,4,1.20,2,3,-1,-0.35,-0.38,3.8,4.2,-0.4,-0.16,-0.22,0,1,0,0,14,1,25.0
Joe Willock,Newcastle Utd,eng ENG,"MF,FW",24,1999,32,11,1086.0,12.1,0,2,2,0,0,0,4,0,1.6,1.6,2.1,3.8,38,41,86,0.00,0.17,0.17,0.00,0.17,0.14,0.18,0.31,0.14,0.31,Matches,N/A,N/A,N/A,N/A,N/A,N/A,N/A,N/A,N/A,N/A,N/A,N/A,N/A,N/A,N/A,N/A,N/A,N/A,N/A,N/A,N/A,N/A,N/A,N/A,N/A,N/A,N/A,N/A,N/A,N/A,N/A,N/A,N/A,N/A,N/A,N/A,N/A,18,3,16.7,1.49,0.25,0.00,0.00,15.1,0.09,-1.6,-1.6,4282,903,174,89.2,107,123,87.0,10,22,45.5,0.9,-0.1,22,28,8,0,356,5,0,2,18,5,0,0,0,2,8,45,3.73,36,0,3,1,2,4,0.33,4,0,0,0,0,0,30,17,15,12,3,18,58.1,13,18,6,36,7,0,533,12,55,12,34.3,17,48.6,325,16,37,23,372,34,31.8,62,0,21,19,1,1.59,19,16,+3,+0.25,-0.45,18.9,14.7,+4.2,+0.35,-0.19,0,23,0,0,40,5,26.3
Callum Wilson,Newcastle Utd,eng ENG,FW,32,1992,18,2,370.0,4.1,0,0,0,0,0,0,1,0,0.4,0.4,0.1,0.5,5,4,17,0.00,0.00,0.00,0.00,0.00,0.09,0.03,0.12,0.09,0.12,Matches,N/A,N/A,N/A,N/A,N/A,N/A,N/A,N/A,N/A,N/A,N/A,N/A,N/A,N/A,N/A,N/A,N/A,N/A,N/A,N/A,N/A,N/A,N/A,N/A,N/A,N/A,N/A,N/A,N/A,N/A,N/A,N/A,N/A,N/A,N/A,N/A,N/A,6,1,16.7,1.46,0.24,0.00,0.00,15.4,0.06,-0.4,-0.4,504,89,22,81.5,13,16,81.3,0,0,N/A,0.1,-0.1,3,2,0,0,46,6,0,0,2,0,0,0,0,1,4,10,2.43,7,0,0,1,1,0,0.00,0,0,0,0,0,0,2,2,0,1,1,0,0.0,2,2,1,3,1,0,95,1,19,1,14.3,4,57.1,47,5,16,12,60,21,10.8,66,0,16,15,0,1.50,4,7,-3,-0.73,-1.44,4.9,6.0,-1.1,-0.26,-0.83,0,4,0,0,11,2,11.1
Harry Wilson,Fulham,wls WAL,"FW,MF",27,1997,25,12,1162.0,12.9,6,1,7,6,0,0,2,0,4.2,4.2,1.1,5.3,22,51,96,0.46,0.08,0.54,0.46,0.54,0.33,0.09,0.41,0.33,0.41,Matches,N/A,N/A,N/A,N/A,N/A,N/A,N/A,N/A,N/A,N/A,N/A,N/A,N/A,N/A,N/A,N/A,N/A,N/A,N/A,N/A,N/A,N/A,N/A,N/A,N/A,N/A,N/A,N/A,N/A,N/A,N/A,N/A,N/A,N/A,N/A,N/A,N/A,43,17,39.5,3.33,1.32,0.14,0.35,18.0,0.10,+1.8,+1.8,5413,1378,171,85.5,121,156,77.6,29,71,40.8,1.2,-0.1,20,26,15,1,393,51,1,5,41,4,14,6,1,1,6,44,3.41,30,6,0,2,1,3,0.23,2,0,0,0,1,0,20,14,13,3,4,12,66.7,6,14,7,27,10,1,598,11,63,9,37.5,10,41.7,342,11,19,6,390,46,34.0,77,1,13,18,3,1.28,23,21,+2,+0.15,+0.23,16.6,16.7,-0.1,-0.01,-0.09,0,12,1,0,55,5,20.0
Harry Winks,Leicester City,eng ENG,MF,28,1996,22,17,1538.0,17.1,0,2,2,0,0,0,4,0,0.2,0.2,1.2,1.5,19,101,11,0.00,0.12,0.12,0.00,0.12,0.01,0.07,0.09,0.01,0.09,Matches,N/A,N/A,N/A,N/A,N/A,N/A,N/A,N/A,N/A,N/A,N/A,N/A,N/A,N/A,N/A,N/A,N/A,N/A,N/A,N/A,N/A,N/A,N/A,N/A,N/A,N/A,N/A,N/A,N/A,N/A,N/A,N/A,N/A,N/A,N/A,N/A,N/A,10,4,40.0,0.59,0.23,0.00,0.00,29.2,0.02,-0.2,-0.2,14101,5048,471,92.2,362,397,91.2,44,76,57.9,1.5,+0.8,17,110,7,5,981,61,4,2,34,5,11,3,0,3,11,39,2.28,29,7,1,1,0,3,0.18,2,1,0,0,0,0,24,11,12,10,2,13,43.3,17,12,9,33,20,0,1158,49,1,3,25.0,8,66.7,696,0,13,8,827,70,45.0,80,12,5,34,3,0.45,17,34,-17,-0.99,+0.44,16.4,28.9,-12.5,-0.73,+0.55,0,9,0,0,106,8,57.1
Yoane Wissa,Brentford,cd COD,FW,27,1996,35,34,2919.0,32.4,19,4,23,19,0,0,5,0,18.5,18.5,2.6,21.1,60,67,154,0.59,0.12,0.71,0.59,0.71,0.57,0.08,0.65,0.57,0.65,Matches,N/A,N/A,N/A,N/A,N/A,N/A,N/A,N/A,N/A,N/A,N/A,N/A,N/A,N/A,N/A,N/A,N/A,N/A,N/A,N/A,N/A,N/A,N/A,N/A,N/A,N/A,N/A,N/A,N/A,N/A,N/A,N/A,N/A,N/A,N/A,N/A,N/A,90,41,45.6,2.77,1.26,0.21,0.46,13.2,0.21,+0.5,+0.5,6490,1617,284,85.8,124,166,74.7,28,49,57.1,1.8,+1.4,27,44,13,1,552,33,5,1,20,2,0,0,0,3,23,69,2.13,40,1,4,10,1,10,0.31,8,0,0,1,1,0,22,12,6,8,8,11,40.7,16,21,8,30,21,3,925,34,163,15,30.6,24,49.0,550,34,77,35,658,83,85.4,85,23,1,25,0,1.49,56,45,+11,+0.34,+0.70,50.4,44.5,+6.0,+0.18,+0.62,0,34,1,0,81,30,45.5
Chris Wood,Nott'ham Forest,nz NZL,FW,32,1991,36,35,2959.0,32.9,20,3,23,17,3,3,1,0,13.4,11.0,2.6,13.6,14,42,94,0.61,0.09,0.70,0.52,0.61,0.41,0.08,0.49,0.34,0.42,Matches,N/A,N/A,N/A,N/A,N/A,N/A,N/A,N/A,N/A,N/A,N/A,N/A,N/A,N/A,N/A,N/A,N/A,N/A,N/A,N/A,N/A,N/A,N/A,N/A,N/A,N/A,N/A,N/A,N/A,N/A,N/A,N/A,N/A,N/A,N/A,N/A,N/A,65,32,49.2,1.98,0.97,0.26,0.53,13.5,0.17,+6.6,+6.0,4434,1018,186,68.4,88,134,65.7,19,26,73.1,1.5,+0.4,22,19,12,1,485,0,2,1,1,0,0,0,0,5,7,44,1.34,36,0,2,0,2,5,0.15,4,0,0,0,0,1,6,5,2,2,2,3,27.3,8,5,5,11,29,1,770,40,105,4,30.8,8,61.5,376,5,75,28,563,82,86.5,84,14,1,28,0,1.72,52,37,+15,+0.46,+1.04,39.0,39.5,-0.5,-0.01,+0.56,0,25,0,0,50,94,39.7
Nathan Wood-Gordon,Southampton,eng ENG,DF,22,2002,11,9,773.0,8.6,0,0,0,0,0,0,2,0,0.2,0.2,0.0,0.3,2,17,0,0.00,0.00,0.00,0.00,0.00,0.03,0.00,0.03,0.03,0.03,Matches,N/A,N/A,N/A,N/A,N/A,N/A,N/A,N/A,N/A,N/A,N/A,N/A,N/A,N/A,N/A,N/A,N/A,N/A,N/A,N/A,N/A,N/A,N/A,N/A,N/A,N/A,N/A,N/A,N/A,N/A,N/A,N/A,N/A,N/A,N/A,N/A,N/A,2,0,0.0,0.23,0.00,0.00,N/A,5.9,0.12,-0.2,-0.2,7532,1915,183,95.3,240,248,96.8,17,27,63.0,0.0,0.0,1,11,0,0,465,10,0,0,3,1,0,0,0,1,1,3,0.35,3,0,0,0,0,0,0.00,0,0,0,0,0,0,14,8,8,5,1,8,72.7,3,3,5,19,39,2,564,75,3,4,66.7,1,16.7,313,0,5,1,419,70,22.6,77,6,2,42,14,0.09,3,20,-17,-1.98,-0.52,6.1,21.1,-15.0,-1.75,-0.48,0,9,0,0,20,15,65.2
Luke Woolfenden,Ipswich Town,eng ENG,DF,25,1998,15,12,1187.0,13.2,0,0,0,0,0,0,2,0,0.0,0.0,0.0,0.0,7,15,0,0.00,0.00,0.00,0.00,0.00,0.00,0.00,0.00,0.00,0.00,Matches,N/A,N/A,N/A,N/A,N/A,N/A,N/A,N/A,N/A,N/A,N/A,N/A,N/A,N/A,N/A,N/A,N/A,N/A,N/A,N/A,N/A,N/A,N/A,N/A,N/A,N/A,N/A,N/A,N/A,N/A,N/A,N/A,N/A,N/A,N/A,N/A,N/A,1,0,0.0,0.08,0.00,0.00,N/A,12.9,0.03,0.0,0.0,9196,3071,178,96.7,274,292,93.8,39,74,52.7,0.0,0.0,0,31,0,0,547,13,0,2,0,1,0,0,0,2,2,2,0.15,2,0,0,0,0,0,0.00,0,0,0,0,0,0,9,6,5,4,0,2,40.0,3,7,19,28,76,0,694,147,3,0,N/A,0,N/A,368,0,4,0,442,79,34.7,90,11,3,36,13,0.47,12,28,-16,-1.21,0.00,9.2,25.7,-16.5,-1.25,-0.37,0,5,0,0,38,15,50.0
Yehor Yarmoliuk,Brentford,ua UKR,MF,20,2004,31,15,1450.0,16.1,0,0,0,0,0,0,6,0,0.6,0.6,0.9,1.5,15,63,47,0.00,0.00,0.00,0.00,0.00,0.04,0.05,0.09,0.04,0.09,Matches,N/A,N/A,N/A,N/A,N/A,N/A,N/A,N/A,N/A,N/A,N/A,N/A,N/A,N/A,N/A,N/A,N/A,N/A,N/A,N/A,N/A,N/A,N/A,N/A,N/A,N/A,N/A,N/A,N/A,N/A,N/A,N/A,N/A,N/A,N/A,N/A,N/A,9,2,22.2,0.56,0.12,0.00,0.00,15.9,0.07,-0.6,-0.6,11716,2679,316,87.8,259,288,89.9,72,85,84.7,0.9,-0.9,9,71,8,4,752,7,4,9,16,4,0,0,0,1,12,26,1.62,21,0,2,1,1,2,0.12,2,0,0,0,0,0,49,28,21,21,7,28,50.9,27,17,13,62,33,0,960,61,15,13,48.1,11,40.7,520,3,26,21,599,47,42.4,79,6,16,16,7,1.52,27,25,+2,+0.12,-0.20,22.8,26.1,-3.3,-0.21,-0.52,0,19,0,0,113,8,44.4
Ryan Yates,Nott'ham Forest,eng ENG,MF,26,1997,35,18,1915.0,21.3,2,1,3,2,0,0,10,0,2.3,2.3,1.2,3.5,18,53,16,0.09,0.05,0.14,0.09,0.14,0.11,0.05,0.16,0.11,0.16,Matches,N/A,N/A,N/A,N/A,N/A,N/A,N/A,N/A,N/A,N/A,N/A,N/A,N/A,N/A,N/A,N/A,N/A,N/A,N/A,N/A,N/A,N/A,N/A,N/A,N/A,N/A,N/A,N/A,N/A,N/A,N/A,N/A,N/A,N/A,N/A,N/A,N/A,33,9,27.3,1.55,0.42,0.06,0.22,19.6,0.07,-0.3,-0.3,9172,2063,324,87.6,225,263,85.6,32,56,57.1,0.5,-0.2,18,48,4,0,699,56,0,0,8,0,0,0,0,3,19,38,1.78,26,1,1,2,2,3,0.14,2,0,0,1,0,0,42,21,24,14,4,17,45.9,20,28,26,68,61,1,1041,80,41,9,50.0,5,27.8,424,1,24,18,545,55,56.0,83,13,17,25,2,1.69,25,27,-2,-0.09,-0.93,24.2,27.2,-3.0,-0.14,-0.11,0,53,0,0,104,45,60.0
Leny Yoro,Manchester Utd,fr FRA,DF,18,2005,21,12,1165.0,12.9,0,0,0,0,0,0,5,0,0.7,0.7,0.1,0.8,19,52,4,0.00,0.00,0.00,0.00,0.00,0.05,0.01,0.06,0.05,0.06,Matches,N/A,N/A,N/A,N/A,N/A,N/A,N/A,N/A,N/A,N/A,N/A,N/A,N/A,N/A,N/A,N/A,N/A,N/A,N/A,N/A,N/A,N/A,N/A,N/A,N/A,N/A,N/A,N/A,N/A,N/A,N/A,N/A,N/A,N/A,N/A,N/A,N/A,5,1,20.0,0.39,0.08,0.00,0.00,8.6,0.15,-0.7,-0.7,11513,3678,313,95.4,351,373,94.1,27,41,65.9,0.2,-0.1,2,44,5,1,745,20,2,1,1,7,0,0,0,1,5,9,0.70,6,0,0,0,1,0,0.00,0,0,0,0,0,0,29,11,19,9,1,13,68.4,6,2,18,47,43,0,894,87,13,2,50.0,2,50.0,614,1,3,4,656,55,34.1,78,5,9,26,0,0.81,17,24,-7,-0.54,-0.42,18.1,19.4,-1.3,-0.10,-0.10,0,9,0,0,46,16,50.0
Ashley Young,Everton,eng ENG,DF,39,1985,32,19,1875.0,20.8,1,3,4,1,0,0,7,1,0.3,0.3,2.3,2.6,24,90,32,0.05,0.14,0.19,0.05,0.19,0.01,0.11,0.12,0.01,0.12,Matches,N/A,N/A,N/A,N/A,N/A,N/A,N/A,N/A,N/A,N/A,N/A,N/A,N/A,N/A,N/A,N/A,N/A,N/A,N/A,N/A,N/A,N/A,N/A,N/A,N/A,N/A,N/A,N/A,N/A,N/A,N/A,N/A,N/A,N/A,N/A,N/A,N/A,6,3,50.0,0.29,0.14,0.17,0.33,24.5,0.04,+0.7,+0.7,13051,5809,337,88.7,272,357,76.2,92,214,43.0,2.9,+0.7,26,78,25,14,770,222,3,4,75,180,8,6,0,7,20,47,2.25,34,8,0,2,2,6,0.29,4,0,0,1,0,1,58,33,25,25,8,35,61.4,22,10,25,83,64,2,1194,61,9,7,35.0,9,45.0,487,1,11,1,618,59,54.8,85,14,13,20,4,1.34,21,22,-1,-0.05,+0.01,21.0,26.3,-5.3,-0.26,-0.31,0,30,0,0,75,10,47.6
Illia Zabarnyi,Bournemouth,ua UKR,DF,21,2002,36,35,3109.0,34.5,0,1,1,0,0,0,4,1,1.3,1.3,0.7,2.0,27,140,4,0.00,0.03,0.03,0.00,0.03,0.04,0.02,0.06,0.04,0.06,Matches,N/A,N/A,N/A,N/A,N/A,N/A,N/A,N/A,N/A,N/A,N/A,N/A,N/A,N/A,N/A,N/A,N/A,N/A,N/A,N/A,N/A,N/A,N/A,N/A,N/A,N/A,N/A,N/A,N/A,N/A,N/A,N/A,N/A,N/A,N/A,N/A,N/A,12,1,8.3,0.35,0.03,0.00,0.00,9.8,0.11,-1.3,-1.3,29649,10860,373,89.2,833,914,91.1,187,346,54.0,0.8,+0.3,12,153,7,0,1677,31,6,7,6,1,0,0,0,2,10,29,0.84,26,1,0,0,2,1,0.03,1,0,0,0,0,0,52,36,31,20,1,34,68.0,16,13,41,93,182,2,2062,234,16,6,66.7,2,22.2,1282,0,14,3,1306,86,90.9,88,30,1,45,0,1.53,53,41,+12,+0.35,+0.35,57.2,42.0,+15.2,+0.44,+0.35,0,20,0,0,157,77,63.6
Oleksandr Zinchenko,Arsenal,ua UKR,"DF,MF",27,1996,15,5,527.0,5.9,0,1,1,0,0,0,1,0,0.6,0.6,0.2,0.8,10,48,14,0.00,0.17,0.17,0.00,0.17,0.11,0.03,0.14,0.11,0.14,Matches,N/A,N/A,N/A,N/A,N/A,N/A,N/A,N/A,N/A,N/A,N/A,N/A,N/A,N/A,N/A,N/A,N/A,N/A,N/A,N/A,N/A,N/A,N/A,N/A,N/A,N/A,N/A,N/A,N/A,N/A,N/A,N/A,N/A,N/A,N/A,N/A,N/A,10,0,0.0,1.71,0.00,0.00,N/A,19.6,0.07,-0.6,-0.6,6080,1345,204,92.7,154,175,88.0,17,37,45.9,0.5,+0.8,3,30,11,3,399,49,2,3,13,33,0,0,0,3,3,22,3.76,17,1,1,1,0,2,0.34,2,0,0,0,0,0,6,1,1,3,2,3,37.5,5,7,5,11,10,0,499,16,20,3,60.0,1,20.0,281,3,3,4,348,35,15.4,72,1,10,17,16,1.87,9,1,+8,+1.37,+0.53,8.7,3.1,+5.6,+0.95,+0.33,0,8,0,0,19,12,52.2
Joshua Zirkzee,Manchester Utd,nl NED,"FW,MF",23,2001,32,14,1402.0,15.6,3,1,4,3,0,0,2,0,4.8,4.8,1.5,6.3,14,44,69,0.19,0.06,0.26,0.19,0.26,0.31,0.10,0.41,0.31,0.41,Matches,N/A,N/A,N/A,N/A,N/A,N/A,N/A,N/A,N/A,N/A,N/A,N/A,N/A,N/A,N/A,N/A,N/A,N/A,N/A,N/A,N/A,N/A,N/A,N/A,N/A,N/A,N/A,N/A,N/A,N/A,N/A,N/A,N/A,N/A,N/A,N/A,N/A,28,11,39.3,1.80,0.71,0.11,0.27,13.1,0.17,-1.8,-1.8,3600,901,196,78.1,61,82,74.4,9,18,50.0,1.1,-0.5,12,26,6,0,400,9,6,2,4,0,0,0,0,1,15,31,1.99,28,0,0,1,0,3,0.19,1,0,0,1,1,0,14,8,3,8,3,5,50.0,5,11,6,20,8,1,587,16,56,11,31.4,24,68.6,327,4,41,30,418,44,41.0,72,4,18,22,0,1.19,26,24,+2,+0.13,+0.66,22.8,24.4,-1.6,-0.10,-0.12,0,9,1,0,57,21,28.0
Martin Ødegaard,Arsenal,no NOR,MF,25,1998,30,26,2325.0,25.8,3,8,11,2,1,1,4,0,4.8,4.0,5.4,9.5,92,258,154,0.12,0.31,0.43,0.08,0.39,0.19,0.21,0.40,0.16,0.37,Matches,N/A,N/A,N/A,N/A,N/A,N/A,N/A,N/A,N/A,N/A,N/A,N/A,N/A,N/A,N/A,N/A,N/A,N/A,N/A,N/A,N/A,N/A,N/A,N/A,N/A,N/A,N/A,N/A,N/A,N/A,N/A,N/A,N/A,N/A,N/A,N/A,N/A,48,15,31.3,1.86,0.58,0.04,0.13,19.2,0.08,-1.8,-2.0,19237,5460,678,90.5,449,517,86.8,80,146,54.8,6.7,+2.6,63,132,86,5,1373,114,25,3,86,12,31,0,0,12,27,124,4.80,101,13,3,2,0,18,0.70,14,2,1,1,0,0,19,11,9,7,3,4,16.0,21,5,6,25,6,1,1694,9,115,25,42.4,32,54.2,1174,26,38,40,1336,78,68.0,86,14,4,23,0,2.00,50,21,+29,+1.12,+0.63,41.1,21.7,+19.4,+0.75,+0.25,0,12,0,0,97,8,53.3
